"","date","avg_humidity"
"1",2005-01-01,76.7098214285714
"2",2005-01-02,80.4791666666667
"3",2005-01-03,81.2291666666667
"4",2005-01-04,74.8422619047619
"5",2005-01-05,76.0669642857143
"6",2005-01-06,77.9910714285714
"7",2005-01-07,71.6666666666667
"8",2005-01-08,81.8035714285714
"9",2005-01-09,72.7247023809524
"10",2005-01-10,81.1443452380952
"11",2005-01-11,81.8005952380952
"12",2005-01-12,82.6175595238095
"13",2005-01-13,81.7380952380952
"14",2005-01-14,72.5610119047619
"15",2005-01-15,60.6532738095238
"16",2005-01-16,68.5565476190476
"17",2005-01-17,45.7619047619048
"18",2005-01-18,40.5520833333333
"19",2005-01-19,59.0029761904762
"20",2005-01-20,63.3630952380952
"21",2005-01-21,78.9107142857143
"22",2005-01-22,80.9464285714286
"23",2005-01-23,50.4657738095238
"24",2005-01-24,43.8497023809524
"25",2005-01-25,48.4166666666667
"26",2005-01-26,63.5595238095238
"27",2005-01-27,51.2619047619048
"28",2005-01-28,42.5550595238095
"29",2005-01-29,70.3288690476191
"30",2005-01-30,86.1369047619048
"31",2005-01-31,66.0252976190476
"32",2005-02-01,71.7648809523809
"33",2005-02-02,70.4226190476191
"34",2005-02-03,88.6175595238095
"35",2005-02-04,71.7202380952381
"36",2005-02-05,55.2559523809524
"37",2005-02-06,53.0863095238095
"38",2005-02-07,59.3660714285714
"39",2005-02-08,63.7276785714286
"40",2005-02-09,79.8467261904762
"41",2005-02-10,57.1309523809524
"42",2005-02-11,42.6755952380952
"43",2005-02-12,47.9345238095238
"44",2005-02-13,59.7872023809524
"45",2005-02-14,84.5639880952381
"46",2005-02-15,78.3348214285714
"47",2005-02-16,77.3988095238095
"48",2005-02-17,48.6845238095238
"49",2005-02-18,44.9479166666667
"50",2005-02-19,52.547619047619
"51",2005-02-20,68.4285714285714
"52",2005-02-21,85.0252976190476
"53",2005-02-22,76.9583333333333
"54",2005-02-23,65.4985119047619
"55",2005-02-24,86.5491071428571
"56",2005-02-25,74.9092261904762
"57",2005-02-26,68.1875
"58",2005-02-27,71.2827380952381
"59",2005-02-28,89.7619047619048
"60",2005-03-01,54.28125
"61",2005-03-02,42.7485119047619
"62",2005-03-03,43.6889880952381
"63",2005-03-04,51.2827380952381
"64",2005-03-05,62.0848214285714
"65",2005-03-06,57.0729166666667
"66",2005-03-07,51.2797619047619
"67",2005-03-08,61.7827380952381
"68",2005-03-09,49.1264880952381
"69",2005-03-10,48.4642857142857
"70",2005-03-11,58.5238095238095
"71",2005-03-12,47.4002976190476
"72",2005-03-13,58.0282738095238
"73",2005-03-14,78.9717261904762
"74",2005-03-15,58.172619047619
"75",2005-03-16,84.53125
"76",2005-03-17,88.71875
"77",2005-03-18,68.7767857142857
"78",2005-03-19,63.1488095238095
"79",2005-03-20,62.6622023809524
"80",2005-03-21,51.1636904761905
"81",2005-03-22,66.8869047619048
"82",2005-03-23,80.2916666666667
"83",2005-03-24,66.5
"84",2005-03-25,71.0729166666667
"85",2005-03-26,76.5238095238095
"86",2005-03-27,85.2842261904762
"87",2005-03-28,77.3973214285714
"88",2005-03-29,57.9806547619048
"89",2005-03-30,62.6175595238095
"90",2005-03-31,79.2127976190476
"91",2005-04-01,84.1443452380952
"92",2005-04-02,67.8229166666667
"93",2005-04-03,NA
"94",2005-04-04,41.7470238095238
"95",2005-04-05,49.65625
"96",2005-04-06,56.0059523809524
"97",2005-04-07,76.4270833333333
"98",2005-04-08,82.1086309523809
"99",2005-04-09,61.5580357142857
"100",2005-04-10,52.578869047619
"101",2005-04-11,57.6636904761905
"102",2005-04-12,73.9866071428571
"103",2005-04-13,86.2068452380952
"104",2005-04-14,62.4300595238095
"105",2005-04-15,50
"106",2005-04-16,42.7916666666667
"107",2005-04-17,46.5520833333333
"108",2005-04-18,52.3467261904762
"109",2005-04-19,54.0565476190476
"110",2005-04-20,50.4821428571429
"111",2005-04-21,54.1190476190476
"112",2005-04-22,70.3497023809524
"113",2005-04-23,66.4538690476191
"114",2005-04-24,51.7053571428571
"115",2005-04-25,47.4836309523809
"116",2005-04-26,67.0431547619048
"117",2005-04-27,62.7693452380952
"118",2005-04-28,53.9166666666667
"119",2005-04-29,72.0982142857143
"120",2005-04-30,77.0104166666667
"121",2005-05-01,66.9270833333333
"122",2005-05-02,58.7738095238095
"123",2005-05-03,50.7782738095238
"124",2005-05-04,58.8616071428571
"125",2005-05-05,73.5654761904762
"126",2005-05-06,75.3080357142857
"127",2005-05-07,59.3467261904762
"128",2005-05-08,54.3452380952381
"129",2005-05-09,55.0133928571429
"130",2005-05-10,68.6235119047619
"131",2005-05-11,69.8005952380952
"132",2005-05-12,66.9955357142857
"133",2005-05-13,77.3645833333333
"134",2005-05-14,75.5967261904762
"135",2005-05-15,79.2425595238095
"136",2005-05-16,70.4583333333333
"137",2005-05-17,70.4672619047619
"138",2005-05-18,65.9300595238095
"139",2005-05-19,74.3898809523809
"140",2005-05-20,81.96875
"141",2005-05-21,67.7604166666667
"142",2005-05-22,64.1026785714286
"143",2005-05-23,65.3764880952381
"144",2005-05-24,68.4107142857143
"145",2005-05-25,68.5223214285714
"146",2005-05-26,59.2217261904762
"147",2005-05-27,59.8616071428571
"148",2005-05-28,66.6175595238095
"149",2005-05-29,58.3630952380952
"150",2005-05-30,72.1770833333333
"151",2005-05-31,73.25
"152",2005-06-01,81.2782738095238
"153",2005-06-02,91.6086309523809
"154",2005-06-03,89.2470238095238
"155",2005-06-04,82.2336309523809
"156",2005-06-05,76.6711309523809
"157",2005-06-06,76.9002976190476
"158",2005-06-07,79.3169642857143
"159",2005-06-08,80.4970238095238
"160",2005-06-09,82.4092261904762
"161",2005-06-10,77.7916666666667
"162",2005-06-11,73.7366071428571
"163",2005-06-12,77.7663690476191
"164",2005-06-13,77.4761904761905
"165",2005-06-14,72.2247023809524
"166",2005-06-15,65.2589285714286
"167",2005-06-16,59.1651785714286
"168",2005-06-17,57.7514880952381
"169",2005-06-18,63.2574404761905
"170",2005-06-19,68.6294642857143
"171",2005-06-20,71.8720238095238
"172",2005-06-21,69.5386904761905
"173",2005-06-22,65.9523809523809
"174",2005-06-23,65.5699404761905
"175",2005-06-24,66.5610119047619
"176",2005-06-25,72.5386904761905
"177",2005-06-26,81.125
"178",2005-06-27,79.0877976190476
"179",2005-06-28,86.8467261904762
"180",2005-06-29,85.65625
"181",2005-06-30,77.0178571428571
"182",2005-07-01,74.1517857142857
"183",2005-07-02,75.7782738095238
"184",2005-07-03,79.375
"185",2005-07-04,77.8690476190476
"186",2005-07-05,77.5059523809524
"187",2005-07-06,73.2782738095238
"188",2005-07-07,77.2842261904762
"189",2005-07-08,71.0669642857143
"190",2005-07-09,69.0282738095238
"191",2005-07-10,73.5922619047619
"192",2005-07-11,80.4523809523809
"193",2005-07-12,77.7514880952381
"194",2005-07-13,80.8482142857143
"195",2005-07-14,82.9791666666667
"196",2005-07-15,78.7053571428571
"197",2005-07-16,76.5372023809524
"198",2005-07-17,75.6279761904762
"199",2005-07-18,76.8541666666667
"200",2005-07-19,75.8392857142857
"201",2005-07-20,75.4315476190476
"202",2005-07-21,75.9017857142857
"203",2005-07-22,77.5193452380952
"204",2005-07-23,73.5238095238095
"205",2005-07-24,68.6785714285714
"206",2005-07-25,69.53125
"207",2005-07-26,66.9270833333333
"208",2005-07-27,67.7976190476191
"209",2005-07-28,73.5535714285714
"210",2005-07-29,85.6354166666667
"211",2005-07-30,84.9761904761905
"212",2005-07-31,87.9375
"213",2005-08-01,78.6889880952381
"214",2005-08-02,72.9747023809524
"215",2005-08-03,71.7336309523809
"216",2005-08-04,71.6041666666667
"217",2005-08-05,72.9092261904762
"218",2005-08-06,75.4553571428571
"219",2005-08-07,76.3497023809524
"220",2005-08-08,79.5119047619048
"221",2005-08-09,84.9851190476191
"222",2005-08-10,82.0133928571429
"223",2005-08-11,75.6175595238095
"224",2005-08-12,75.3571428571429
"225",2005-08-13,77.2008928571429
"226",2005-08-14,77.7425595238095
"227",2005-08-15,74.5446428571429
"228",2005-08-16,75.2886904761905
"229",2005-08-17,80.1130952380952
"230",2005-08-18,80.5595238095238
"231",2005-08-19,79.4241071428571
"232",2005-08-20,76.2321428571429
"233",2005-08-21,71.9910714285714
"234",2005-08-22,68.3050595238095
"235",2005-08-23,81.8110119047619
"236",2005-08-24,78.5104166666667
"237",2005-08-25,68.6741071428571
"238",2005-08-26,69.7678571428571
"239",2005-08-27,75.9895833333333
"240",2005-08-28,77.5773809523809
"241",2005-08-29,79.3303571428571
"242",2005-08-30,80.1532738095238
"243",2005-08-31,68.8571428571429
"244",2005-09-01,66.1889880952381
"245",2005-09-02,67.2261904761905
"246",2005-09-03,58.8928571428571
"247",2005-09-04,61.4107142857143
"248",2005-09-05,61.4419642857143
"249",2005-09-06,65.2336309523809
"250",2005-09-07,69.3511904761905
"251",2005-09-08,68.8258928571429
"252",2005-09-09,65.3497023809524
"253",2005-09-10,62.639880952381
"254",2005-09-11,61.6130952380952
"255",2005-09-12,68.6071428571429
"256",2005-09-13,75.2440476190476
"257",2005-09-14,79.9151785714286
"258",2005-09-15,74.1175595238095
"259",2005-09-16,76.4791666666667
"260",2005-09-17,71.8482142857143
"261",2005-09-18,70.8244047619048
"262",2005-09-19,73.8288690476191
"263",2005-09-20,75.7321428571429
"264",2005-09-21,76.0282738095238
"265",2005-09-22,75.9672619047619
"266",2005-09-23,72.1919642857143
"267",2005-09-24,77.0148809523809
"268",2005-09-25,77
"269",2005-09-26,79.2008928571429
"270",2005-09-27,72.9464285714286
"271",2005-09-28,70.4642857142857
"272",2005-09-29,72.875
"273",2005-09-30,60.1324404761905
"274",2005-10-01,69.6041666666667
"275",2005-10-02,72.0327380952381
"276",2005-10-03,75.1755952380952
"277",2005-10-04,77.3586309523809
"278",2005-10-05,82.4345238095238
"279",2005-10-06,87.1547619047619
"280",2005-10-07,91.3869047619048
"281",2005-10-08,85.9791666666667
"282",2005-10-09,86.4270833333333
"283",2005-10-10,90.6845238095238
"284",2005-10-11,88.3630952380952
"285",2005-10-12,84.5401785714286
"286",2005-10-13,78.3839285714286
"287",2005-10-14,77.1607142857143
"288",2005-10-15,64.1711309523809
"289",2005-10-16,52.7693452380952
"290",2005-10-17,61.9211309523809
"291",2005-10-18,65.0044642857143
"292",2005-10-19,70.4196428571429
"293",2005-10-20,72.2782738095238
"294",2005-10-21,81.4464285714286
"295",2005-10-22,77.2008928571429
"296",2005-10-23,63.1622023809524
"297",2005-10-24,77.4761904761905
"298",2005-10-25,61.577380952381
"299",2005-10-26,61.4747023809524
"300",2005-10-27,67.5982142857143
"301",2005-10-28,70.6071428571429
"302",2005-10-29,65.1175595238095
"303",2005-10-30,63.015625
"304",2005-10-31,63.1145833333333
"305",2005-11-01,73.2455357142857
"306",2005-11-02,61.9791666666667
"307",2005-11-03,65.0163690476191
"308",2005-11-04,67.0372023809524
"309",2005-11-05,72.40625
"310",2005-11-06,74.7395833333333
"311",2005-11-07,66.4032738095238
"312",2005-11-08,70.8526785714286
"313",2005-11-09,67.2366071428571
"314",2005-11-10,47.71875
"315",2005-11-11,53.0461309523809
"316",2005-11-12,57.2425595238095
"317",2005-11-13,71.3824404761905
"318",2005-11-14,75.0877976190476
"319",2005-11-15,84.0818452380952
"320",2005-11-16,77.8273809523809
"321",2005-11-17,54.2827380952381
"322",2005-11-18,53.7380952380952
"323",2005-11-19,59.7916666666667
"324",2005-11-20,71.4985119047619
"325",2005-11-21,91.7544642857143
"326",2005-11-22,65.9122023809524
"327",2005-11-23,52.2276785714286
"328",2005-11-24,51.0416666666667
"329",2005-11-25,48.6398809523809
"330",2005-11-26,65.5238095238095
"331",2005-11-27,81.6770833333333
"332",2005-11-28,83.9613095238095
"333",2005-11-29,80.2916666666667
"334",2005-11-30,71.3511904761905
"335",2005-12-01,70.8958333333333
"336",2005-12-02,47.6324404761905
"337",2005-12-03,58.9791666666667
"338",2005-12-04,76.3407738095238
"339",2005-12-05,89.7678571428571
"340",2005-12-06,74.5669642857143
"341",2005-12-07,68.4955357142857
"342",2005-12-08,66.1443452380952
"343",2005-12-09,72.3511904761905
"344",2005-12-10,71.8139880952381
"345",2005-12-11,61.4479166666667
"346",2005-12-12,63.671130952381
"347",2005-12-13,57.5267857142857
"348",2005-12-14,59.5372023809524
"349",2005-12-15,83.8050595238095
"350",2005-12-16,75.1175595238095
"351",2005-12-17,70.3244047619048
"352",2005-12-18,79.625
"353",2005-12-19,68.4851190476191
"354",2005-12-20,55.2038690476191
"355",2005-12-21,52.5758928571429
"356",2005-12-22,58.9717261904762
"357",2005-12-23,55.4747023809524
"358",2005-12-24,53.8422619047619
"359",2005-12-25,83.2425595238095
"360",2005-12-26,63.5044642857143
"361",2005-12-27,62.3988095238095
"362",2005-12-28,74.8258928571429
"363",2005-12-29,77.1160714285714
"364",2005-12-30,70.9583333333333
"365",2005-12-31,71.8943452380952
"366",2006-01-01,61.3943452380952
"367",2006-01-02,86.0729166666667
"368",2006-01-03,84.9464285714286
"369",2006-01-04,81.9464285714286
"370",2006-01-05,73.5982142857143
"371",2006-01-06,65.3824404761905
"372",2006-01-07,60.3973214285714
"373",2006-01-08,56.9434523809524
"374",2006-01-09,70.7529761904762
"375",2006-01-10,80.9553571428571
"376",2006-01-11,85.3973214285714
"377",2006-01-12,83.2574404761905
"378",2006-01-13,86.6860119047619
"379",2006-01-14,61.625
"380",2006-01-15,39.3467261904762
"381",2006-01-16,56.6309523809524
"382",2006-01-17,76.4017857142857
"383",2006-01-18,58.4255952380952
"384",2006-01-19,55.5267857142857
"385",2006-01-20,62.8764880952381
"386",2006-01-21,85.6264880952381
"387",2006-01-22,74.8779761904762
"388",2006-01-23,93.9955357142857
"389",2006-01-24,78.9196428571429
"390",2006-01-25,42.6547619047619
"391",2006-01-26,45.2202380952381
"392",2006-01-27,50.2098214285714
"393",2006-01-28,53.1443452380952
"394",2006-01-29,80.53125
"395",2006-01-30,79.9017857142857
"396",2006-01-31,64.7366071428571
"397",2006-02-01,66.8139880952381
"398",2006-02-02,74.4642857142857
"399",2006-02-03,80.9836309523809
"400",2006-02-04,78.6755952380952
"401",2006-02-05,51.1800595238095
"402",2006-02-06,53.2217261904762
"403",2006-02-07,53.4300595238095
"404",2006-02-08,51.7395833333333
"405",2006-02-09,54.8705357142857
"406",2006-02-10,54.6681547619048
"407",2006-02-11,86.8020833333333
"408",2006-02-12,65.2247023809524
"409",2006-02-13,55.1294642857143
"410",2006-02-14,51.1785714285714
"411",2006-02-15,52.1919642857143
"412",2006-02-16,61.4092261904762
"413",2006-02-17,61.9970238095238
"414",2006-02-18,63.7485119047619
"415",2006-02-19,51.6309523809524
"416",2006-02-20,69.6235119047619
"417",2006-02-21,71.4315476190476
"418",2006-02-22,85.9122023809524
"419",2006-02-23,72.6830357142857
"420",2006-02-24,43.2767857142857
"421",2006-02-25,65.8467261904762
"422",2006-02-26,38.6205357142857
"423",2006-02-27,37.6934523809524
"424",2006-02-28,45.0282738095238
"425",2006-03-01,57.1428571428571
"426",2006-03-02,58.3630952380952
"427",2006-03-03,49.4345238095238
"428",2006-03-04,39.3541666666667
"429",2006-03-05,39.5342261904762
"430",2006-03-06,70.8630952380952
"431",2006-03-07,56.9092261904762
"432",2006-03-08,52.8928571428571
"433",2006-03-09,56.7574404761905
"434",2006-03-10,65.7589285714286
"435",2006-03-11,74.3973214285714
"436",2006-03-12,73.4211309523809
"437",2006-03-13,70.2113095238095
"438",2006-03-14,46.7098214285714
"439",2006-03-15,29.4255952380952
"440",2006-03-16,45.4613095238095
"441",2006-03-17,51.3883928571429
"442",2006-03-18,41.0922619047619
"443",2006-03-19,33.5639880952381
"444",2006-03-20,58.5580357142857
"445",2006-03-21,91.5550595238095
"446",2006-03-22,57.7559523809524
"447",2006-03-23,55.4627976190476
"448",2006-03-24,74.3616071428571
"449",2006-03-25,69.9791666666667
"450",2006-03-26,59.6696428571429
"451",2006-03-27,56.7172619047619
"452",2006-03-28,63.9479166666667
"453",2006-03-29,66.9925595238095
"454",2006-03-30,63.6309523809524
"455",2006-03-31,67.3958333333333
"456",2006-04-01,67.6845238095238
"457",2006-04-02,NA
"458",2006-04-03,72.6398809523809
"459",2006-04-04,45.0119047619048
"460",2006-04-05,38.5252976190476
"461",2006-04-06,46.4047619047619
"462",2006-04-07,44.2053571428571
"463",2006-04-08,69.7842261904762
"464",2006-04-09,54.2872023809524
"465",2006-04-10,53.8511904761905
"466",2006-04-11,52.9404761904762
"467",2006-04-12,61.4895833333333
"468",2006-04-13,62.875
"469",2006-04-14,59.1517857142857
"470",2006-04-15,49.9880952380952
"471",2006-04-16,51.5550595238095
"472",2006-04-17,70.5461309523809
"473",2006-04-18,63.40625
"474",2006-04-19,72.3556547619048
"475",2006-04-20,66.1205357142857
"476",2006-04-21,68.7336309523809
"477",2006-04-22,85.5416666666667
"478",2006-04-23,71.1502976190476
"479",2006-04-24,63.4107142857143
"480",2006-04-25,68.0461309523809
"481",2006-04-26,85.2946428571429
"482",2006-04-27,84.1473214285714
"483",2006-04-28,63.0431547619048
"484",2006-04-29,54.6026785714286
"485",2006-04-30,51.6473214285714
"486",2006-05-01,52.6294642857143
"487",2006-05-02,62.1845238095238
"488",2006-05-03,58.6220238095238
"489",2006-05-04,59.9449404761905
"490",2006-05-05,77.5863095238095
"491",2006-05-06,71.0610119047619
"492",2006-05-07,79.8556547619048
"493",2006-05-08,87.53125
"494",2006-05-09,77.2321428571429
"495",2006-05-10,77.1726190476191
"496",2006-05-11,75.6086309523809
"497",2006-05-12,61.3526785714286
"498",2006-05-13,60.266369047619
"499",2006-05-14,75.1279761904762
"500",2006-05-15,73.7589285714286
"501",2006-05-16,67.1071428571429
"502",2006-05-17,66.9107142857143
"503",2006-05-18,70.0505952380952
"504",2006-05-19,56.8035714285714
"505",2006-05-20,71.2142857142857
"506",2006-05-21,63.639880952381
"507",2006-05-22,61.6592261904762
"508",2006-05-23,57.59375
"509",2006-05-24,59.8080357142857
"510",2006-05-25,70.8794642857143
"511",2006-05-26,70.2291666666667
"512",2006-05-27,68.5044642857143
"513",2006-05-28,68.3601190476191
"514",2006-05-29,70.0773809523809
"515",2006-05-30,68.3333333333333
"516",2006-05-31,73.8556547619048
"517",2006-06-01,73.7098214285714
"518",2006-06-02,77.5476190476191
"519",2006-06-03,76.7485119047619
"520",2006-06-04,67.7872023809524
"521",2006-06-05,72.2395833333333
"522",2006-06-06,71.6845238095238
"523",2006-06-07,63.3273809523809
"524",2006-06-08,70.6264880952381
"525",2006-06-09,65.8348214285714
"526",2006-06-10,59.2276785714286
"527",2006-06-11,72.5
"528",2006-06-12,81.125
"529",2006-06-13,79.6160714285714
"530",2006-06-14,83.6741071428571
"531",2006-06-15,66.5104166666667
"532",2006-06-16,64.0431547619048
"533",2006-06-17,64.0074404761905
"534",2006-06-18,65.3020833333333
"535",2006-06-19,66.4196428571429
"536",2006-06-20,66.0119047619048
"537",2006-06-21,70.9657738095238
"538",2006-06-22,72.4151785714286
"539",2006-06-23,78.0818452380952
"540",2006-06-24,79.0029761904762
"541",2006-06-25,84.1279761904762
"542",2006-06-26,86.6830357142857
"543",2006-06-27,85.5803571428571
"544",2006-06-28,75.2514880952381
"545",2006-06-29,70.0550595238095
"546",2006-06-30,67.7023809523809
"547",2006-07-01,68.6071428571429
"548",2006-07-02,67.8973214285714
"549",2006-07-03,67.5416666666667
"550",2006-07-04,71.4151785714286
"551",2006-07-05,74.8883928571429
"552",2006-07-06,82.75
"553",2006-07-07,69.5803571428571
"554",2006-07-08,67.8377976190476
"555",2006-07-09,70.3407738095238
"556",2006-07-10,70.1994047619048
"557",2006-07-11,71.9345238095238
"558",2006-07-12,73.6488095238095
"559",2006-07-13,74.6889880952381
"560",2006-07-14,77.1949404761905
"561",2006-07-15,76.1517857142857
"562",2006-07-16,68.7678571428571
"563",2006-07-17,66.8288690476191
"564",2006-07-18,67.1235119047619
"565",2006-07-19,69.8690476190476
"566",2006-07-20,75.5401785714286
"567",2006-07-21,73.4761904761905
"568",2006-07-22,73.9196428571429
"569",2006-07-23,80.5922619047619
"570",2006-07-24,78.3452380952381
"571",2006-07-25,83.4985119047619
"572",2006-07-26,77.9241071428571
"573",2006-07-27,76.0714285714286
"574",2006-07-28,71.7261904761905
"575",2006-07-29,75.0282738095238
"576",2006-07-30,73.9494047619048
"577",2006-07-31,71.0729166666667
"578",2006-08-01,70.5044642857143
"579",2006-08-02,71.1904761904762
"580",2006-08-03,71.6741071428571
"581",2006-08-04,69.2142857142857
"582",2006-08-05,73.5267857142857
"583",2006-08-06,72.3288690476191
"584",2006-08-07,76.6309523809524
"585",2006-08-08,75.0342261904762
"586",2006-08-09,75.5014880952381
"587",2006-08-10,76.8288690476191
"588",2006-08-11,81.1934523809524
"589",2006-08-12,75.6607142857143
"590",2006-08-13,68.5104166666667
"591",2006-08-14,70.7366071428571
"592",2006-08-15,73.5654761904762
"593",2006-08-16,77.1086309523809
"594",2006-08-17,73.6369047619048
"595",2006-08-18,76.6056547619048
"596",2006-08-19,76.3392857142857
"597",2006-08-20,76.3035714285714
"598",2006-08-21,76.9866071428571
"599",2006-08-22,83.2514880952381
"600",2006-08-23,77.8139880952381
"601",2006-08-24,74.8869047619048
"602",2006-08-25,71.7574404761905
"603",2006-08-26,68.8214285714286
"604",2006-08-27,72.8720238095238
"605",2006-08-28,71.7589285714286
"606",2006-08-29,72.6190476190476
"607",2006-08-30,82.3497023809524
"608",2006-08-31,90.1770833333333
"609",2006-09-01,81.6860119047619
"610",2006-09-02,75.6622023809524
"611",2006-09-03,78.6726190476191
"612",2006-09-04,84.0758928571429
"613",2006-09-05,86.1934523809524
"614",2006-09-06,81.5476190476191
"615",2006-09-07,79.7321428571429
"616",2006-09-08,76.6636904761905
"617",2006-09-09,76.6919642857143
"618",2006-09-10,75.3095238095238
"619",2006-09-11,75.1130952380952
"620",2006-09-12,72.4508928571429
"621",2006-09-13,85.7604166666667
"622",2006-09-14,84.3824404761905
"623",2006-09-15,75.4196428571429
"624",2006-09-16,76.3854166666667
"625",2006-09-17,75.8571428571429
"626",2006-09-18,74.4107142857143
"627",2006-09-19,77.8348214285714
"628",2006-09-20,62.0744047619048
"629",2006-09-21,65.1830357142857
"630",2006-09-22,72.7827380952381
"631",2006-09-23,75.59375
"632",2006-09-24,76.6041666666667
"633",2006-09-25,74.1339285714286
"634",2006-09-26,68.4791666666667
"635",2006-09-27,72.5282738095238
"636",2006-09-28,73.8229166666667
"637",2006-09-29,68.6875
"638",2006-09-30,70.4181547619048
"639",2006-10-01,69.5163690476191
"640",2006-10-02,68.3943452380952
"641",2006-10-03,70.7068452380952
"642",2006-10-04,71.2559523809524
"643",2006-10-05,72.7217261904762
"644",2006-10-06,80.9776785714286
"645",2006-10-07,81.9032738095238
"646",2006-10-08,85.1919642857143
"647",2006-10-09,79.1101190476191
"648",2006-10-10,71.7038690476191
"649",2006-10-11,80.7827380952381
"650",2006-10-12,68.1755952380952
"651",2006-10-13,58.0997023809524
"652",2006-10-14,55.6800595238095
"653",2006-10-15,57.7619047619048
"654",2006-10-16,65.3050595238095
"655",2006-10-17,87.7440476190476
"656",2006-10-18,85.2678571428571
"657",2006-10-19,87.7023809523809
"658",2006-10-20,68.8556547619048
"659",2006-10-21,67.3779761904762
"660",2006-10-22,83.3125
"661",2006-10-23,56.2529761904762
"662",2006-10-24,53.2544642857143
"663",2006-10-25,59.0550595238095
"664",2006-10-26,63.3377976190476
"665",2006-10-27,83.875
"666",2006-10-28,62.6681547619048
"667",2006-10-29,51.7142857142857
"668",2006-10-30,63.6636904761905
"669",2006-10-31,68.0461309523809
"670",2006-11-01,69.8452380952381
"671",2006-11-02,64.0119047619048
"672",2006-11-03,45.7470238095238
"673",2006-11-04,56.3705357142857
"674",2006-11-05,61.610119047619
"675",2006-11-06,65.3154761904762
"676",2006-11-07,87.2529761904762
"677",2006-11-08,83.4226190476191
"678",2006-11-09,68.6666666666667
"679",2006-11-10,64.21875
"680",2006-11-11,71.2693452380952
"681",2006-11-12,68.9047619047619
"682",2006-11-13,70.9925595238095
"683",2006-11-14,68.2470238095238
"684",2006-11-15,75.1160714285714
"685",2006-11-16,75.8794642857143
"686",2006-11-17,66.0386904761905
"687",2006-11-18,67.0684523809524
"688",2006-11-19,69.5982142857143
"689",2006-11-20,64.1889880952381
"690",2006-11-21,71.5788690476191
"691",2006-11-22,82.4092261904762
"692",2006-11-23,76.6443452380952
"693",2006-11-24,62.6235119047619
"694",2006-11-25,61.7514880952381
"695",2006-11-26,70.0163690476191
"696",2006-11-27,72.9672619047619
"697",2006-11-28,76.6830357142857
"698",2006-11-29,81.1785714285714
"699",2006-11-30,81.2872023809524
"700",2006-12-01,72.8913690476191
"701",2006-12-02,51.7380952380952
"702",2006-12-03,66.28125
"703",2006-12-04,51.4345238095238
"704",2006-12-05,53.1413690476191
"705",2006-12-06,62.9851190476191
"706",2006-12-07,50.4821428571429
"707",2006-12-08,39.3660714285714
"708",2006-12-09,49.2157738095238
"709",2006-12-10,46.8154761904762
"710",2006-12-11,50.1056547619048
"711",2006-12-12,57.7857142857143
"712",2006-12-13,76.65625
"713",2006-12-14,81.0863095238095
"714",2006-12-15,73.0282738095238
"715",2006-12-16,61.7782738095238
"716",2006-12-17,67.3973214285714
"717",2006-12-18,68.9985119047619
"718",2006-12-19,69.6666666666667
"719",2006-12-20,61.1830357142857
"720",2006-12-21,73.7351190476191
"721",2006-12-22,85.5059523809524
"722",2006-12-23,81.1101190476191
"723",2006-12-24,66.0877976190476
"724",2006-12-25,86.0416666666667
"725",2006-12-26,70.2083333333333
"726",2006-12-27,59.4494047619048
"727",2006-12-28,67.3258928571429
"728",2006-12-29,70.1830357142857
"729",2006-12-30,73.2306547619048
"730",2006-12-31,77.6502976190476
"731",2007-01-01,78.6636904761905
"732",2007-01-02,61.5863095238095
"733",2007-01-03,74.2723214285714
"734",2007-01-04,78.9255952380952
"735",2007-01-05,88.8333333333333
"736",2007-01-06,75.4985119047619
"737",2007-01-07,84.9880952380952
"738",2007-01-08,63.6577380952381
"739",2007-01-09,52.9806547619048
"740",2007-01-10,47.6413690476191
"741",2007-01-11,59.6428571428571
"742",2007-01-12,72.1964285714286
"743",2007-01-13,76.6994047619048
"744",2007-01-14,75.3913690476191
"745",2007-01-15,75.8363095238095
"746",2007-01-16,66.7351190476191
"747",2007-01-17,48.0193452380952
"748",2007-01-18,84.2961309523809
"749",2007-01-19,67.5773809523809
"750",2007-01-20,45.3467261904762
"751",2007-01-21,70.4508928571429
"752",2007-01-22,90.4047619047619
"753",2007-01-23,73.8556547619048
"754",2007-01-24,68.4836309523809
"755",2007-01-25,55.90625
"756",2007-01-26,41.7842261904762
"757",2007-01-27,40.2678571428571
"758",2007-01-28,56.7172619047619
"759",2007-01-29,40.71875
"760",2007-01-30,45.4583333333333
"761",2007-01-31,41.4002976190476
"762",2007-02-01,79.0044642857143
"763",2007-02-02,87.6949404761905
"764",2007-02-03,49.3883928571429
"765",2007-02-04,41.7886904761905
"766",2007-02-05,33.7529761904762
"767",2007-02-06,37.9642857142857
"768",2007-02-07,49.3125
"769",2007-02-08,41.6532738095238
"770",2007-02-09,35.6919642857143
"771",2007-02-10,34.5684523809524
"772",2007-02-11,42
"773",2007-02-12,58.4508928571429
"774",2007-02-13,80.90625
"775",2007-02-14,72.3616071428571
"776",2007-02-15,45.9553571428571
"777",2007-02-16,41.0877976190476
"778",2007-02-17,52.4255952380952
"779",2007-02-18,45.0089285714286
"780",2007-02-19,42.8824404761905
"781",2007-02-20,59.0669642857143
"782",2007-02-21,75.4107142857143
"783",2007-02-22,52.8854166666667
"784",2007-02-23,30.2410714285714
"785",2007-02-24,37.8630952380952
"786",2007-02-25,73.7604166666667
"787",2007-02-26,73.5788690476191
"788",2007-02-27,60.8318452380952
"789",2007-02-28,55.7708333333333
"790",2007-03-01,76.0610119047619
"791",2007-03-02,51.9002976190476
"792",2007-03-03,37.7619047619048
"793",2007-03-04,43.4553571428571
"794",2007-03-05,39.0386904761905
"795",2007-03-06,41.2083333333333
"796",2007-03-07,53.7380952380952
"797",2007-03-08,57.1294642857143
"798",2007-03-09,61.5848214285714
"799",2007-03-10,66.9821428571429
"800",2007-03-11,NA
"801",2007-03-12,54.2202380952381
"802",2007-03-13,59.3333333333333
"803",2007-03-14,58.21875
"804",2007-03-15,64.1324404761905
"805",2007-03-16,85.9538690476191
"806",2007-03-17,53.921130952381
"807",2007-03-18,44.3779761904762
"808",2007-03-19,51.5133928571429
"809",2007-03-20,56.2232142857143
"810",2007-03-21,66.0297619047619
"811",2007-03-22,67.2901785714286
"812",2007-03-23,63.3541666666667
"813",2007-03-24,61.9449404761905
"814",2007-03-25,60.0535714285714
"815",2007-03-26,65.4985119047619
"816",2007-03-27,65.9345238095238
"817",2007-03-28,64.4672619047619
"818",2007-03-29,71.0059523809524
"819",2007-03-30,56.4047619047619
"820",2007-03-31,63.0729166666667
"821",2007-04-01,74.5491071428571
"822",2007-04-02,66.1949404761905
"823",2007-04-03,59.4494047619048
"824",2007-04-04,56.3511904761905
"825",2007-04-05,37.4925595238095
"826",2007-04-06,45.3690476190476
"827",2007-04-07,47.047619047619
"828",2007-04-08,41.4895833333333
"829",2007-04-09,46.8794642857143
"830",2007-04-10,50.6979166666667
"831",2007-04-11,76.5014880952381
"832",2007-04-12,57.8467261904762
"833",2007-04-13,42.5505952380952
"834",2007-04-14,57.5357142857143
"835",2007-04-15,79.5074404761905
"836",2007-04-16,40.0431547619048
"837",2007-04-17,35.6458333333333
"838",2007-04-18,54.9419642857143
"839",2007-04-19,69.8824404761905
"840",2007-04-20,62.5044642857143
"841",2007-04-21,52.9330357142857
"842",2007-04-22,48.2738095238095
"843",2007-04-23,48.8705357142857
"844",2007-04-24,59.8779761904762
"845",2007-04-25,58.8080357142857
"846",2007-04-26,67.3556547619048
"847",2007-04-27,69.2485119047619
"848",2007-04-28,56.0297619047619
"849",2007-04-29,49.1220238095238
"850",2007-04-30,46.3467261904762
"851",2007-05-01,45.7901785714286
"852",2007-05-02,55.3556547619048
"853",2007-05-03,74.6056547619048
"854",2007-05-04,80.8690476190476
"855",2007-05-05,80.34375
"856",2007-05-06,59.9925595238095
"857",2007-05-07,48.0907738095238
"858",2007-05-08,68.8407738095238
"859",2007-05-09,79.3333333333333
"860",2007-05-10,76.4002976190476
"861",2007-05-11,71.7202380952381
"862",2007-05-12,79.6502976190476
"863",2007-05-13,72.1636904761905
"864",2007-05-14,56.6369047619048
"865",2007-05-15,59.9166666666667
"866",2007-05-16,63.7916666666667
"867",2007-05-17,71.5074404761905
"868",2007-05-18,68.2767857142857
"869",2007-05-19,57.3779761904762
"870",2007-05-20,48.202380952381
"871",2007-05-21,52.4315476190476
"872",2007-05-22,63.5238095238095
"873",2007-05-23,64.4166666666667
"874",2007-05-24,61.6770833333333
"875",2007-05-25,62.9196428571429
"876",2007-05-26,61.9017857142857
"877",2007-05-27,59.1651785714286
"878",2007-05-28,61.6413690476191
"879",2007-05-29,60.3705357142857
"880",2007-05-30,57.9434523809524
"881",2007-05-31,60.8883928571429
"882",2007-06-01,61.6458333333333
"883",2007-06-02,72.0550595238095
"884",2007-06-03,84.0014880952381
"885",2007-06-04,65.9598214285714
"886",2007-06-05,61.0788690476191
"887",2007-06-06,61.452380952381
"888",2007-06-07,65.8735119047619
"889",2007-06-08,70.1547619047619
"890",2007-06-09,64.8020833333333
"891",2007-06-10,65.0788690476191
"892",2007-06-11,72.8720238095238
"893",2007-06-12,72.90625
"894",2007-06-13,75.3139880952381
"895",2007-06-14,77.8839285714286
"896",2007-06-15,76.1741071428571
"897",2007-06-16,74.9776785714286
"898",2007-06-17,66.0327380952381
"899",2007-06-18,62.5059523809524
"900",2007-06-19,66.8154761904762
"901",2007-06-20,74.1770833333333
"902",2007-06-21,57.3675595238095
"903",2007-06-22,57.3571428571429
"904",2007-06-23,60.7514880952381
"905",2007-06-24,70.6547619047619
"906",2007-06-25,74.4479166666667
"907",2007-06-26,70.3869047619048
"908",2007-06-27,70.7767857142857
"909",2007-06-28,69.9002976190476
"910",2007-06-29,73.6041666666667
"911",2007-06-30,78.2589285714286
"912",2007-07-01,66.8928571428571
"913",2007-07-02,62.1071428571429
"914",2007-07-03,62.9434523809524
"915",2007-07-04,61.7038690476191
"916",2007-07-05,64.2946428571429
"917",2007-07-06,67.4330357142857
"918",2007-07-07,72.6934523809524
"919",2007-07-08,71.7752976190476
"920",2007-07-09,73.4285714285714
"921",2007-07-10,76.5461309523809
"922",2007-07-11,72.7827380952381
"923",2007-07-12,65.1413690476191
"924",2007-07-13,67.3065476190476
"925",2007-07-14,69.1473214285714
"926",2007-07-15,73.8154761904762
"927",2007-07-16,72.3020833333333
"928",2007-07-17,74.1443452380952
"929",2007-07-18,74.6324404761905
"930",2007-07-19,67.4151785714286
"931",2007-07-20,71.3943452380952
"932",2007-07-21,59.625
"933",2007-07-22,59.4285714285714
"934",2007-07-23,61.1875
"935",2007-07-24,68.1666666666667
"936",2007-07-25,71.5952380952381
"937",2007-07-26,71.5446428571429
"938",2007-07-27,74.4479166666667
"939",2007-07-28,78.3497023809524
"940",2007-07-29,78.0476190476191
"941",2007-07-30,83.8690476190476
"942",2007-07-31,75.0148809523809
"943",2007-08-01,69.1220238095238
"944",2007-08-02,66.4375
"945",2007-08-03,70.5476190476191
"946",2007-08-04,67.3452380952381
"947",2007-08-05,67.6175595238095
"948",2007-08-06,70.6830357142857
"949",2007-08-07,68.34375
"950",2007-08-08,66.2589285714286
"951",2007-08-09,65.6889880952381
"952",2007-08-10,68.7961309523809
"953",2007-08-11,72.7797619047619
"954",2007-08-12,68.0178571428571
"955",2007-08-13,62.0982142857143
"956",2007-08-14,57.7038690476191
"957",2007-08-15,61.8139880952381
"958",2007-08-16,66.1145833333333
"959",2007-08-17,67.8482142857143
"960",2007-08-18,56.7752976190476
"961",2007-08-19,65.78125
"962",2007-08-20,62.1205357142857
"963",2007-08-21,66.6071428571429
"964",2007-08-22,72.8199404761905
"965",2007-08-23,77.3422619047619
"966",2007-08-24,74.9330357142857
"967",2007-08-25,69.7916666666667
"968",2007-08-26,77.9642857142857
"969",2007-08-27,79.9910714285714
"970",2007-08-28,72.0476190476191
"971",2007-08-29,70.8630952380952
"972",2007-08-30,72.8497023809524
"973",2007-08-31,71.3824404761905
"974",2007-09-01,72.0252976190476
"975",2007-09-02,62.2514880952381
"976",2007-09-03,64.9970238095238
"977",2007-09-04,62.0357142857143
"978",2007-09-05,62.5997023809524
"979",2007-09-06,65.2172619047619
"980",2007-09-07,65.1026785714286
"981",2007-09-08,63.4092261904762
"982",2007-09-09,66.84375
"983",2007-09-10,61.5505952380952
"984",2007-09-11,61.1279761904762
"985",2007-09-12,65.1101190476191
"986",2007-09-13,71.9017857142857
"987",2007-09-14,82.3556547619048
"988",2007-09-15,71.2380952380952
"989",2007-09-16,58.1904761904762
"990",2007-09-17,65.3541666666667
"991",2007-09-18,68.0327380952381
"992",2007-09-19,76.7395833333333
"993",2007-09-20,83.4389880952381
"994",2007-09-21,85.7127976190476
"995",2007-09-22,79.8794642857143
"996",2007-09-23,71.5848214285714
"997",2007-09-24,69.21875
"998",2007-09-25,71.5461309523809
"999",2007-09-26,70.2321428571429
"1000",2007-09-27,73.9375
"1001",2007-09-28,59.4836309523809
"1002",2007-09-29,49.7351190476191
"1003",2007-09-30,61.4747023809524
"1004",2007-10-01,68.2336309523809
"1005",2007-10-02,74.3705357142857
"1006",2007-10-03,78.4449404761905
"1007",2007-10-04,81.8958333333333
"1008",2007-10-05,84.4553571428571
"1009",2007-10-06,83.7306547619048
"1010",2007-10-07,76.9851190476191
"1011",2007-10-08,71.3854166666667
"1012",2007-10-09,66.9761904761905
"1013",2007-10-10,65.9255952380952
"1014",2007-10-11,52.4270833333333
"1015",2007-10-12,56.8869047619048
"1016",2007-10-13,61.9985119047619
"1017",2007-10-14,63.0654761904762
"1018",2007-10-15,64.9553571428571
"1019",2007-10-16,73.6428571428571
"1020",2007-10-17,74.1919642857143
"1021",2007-10-18,82.2544642857143
"1022",2007-10-19,82.5625
"1023",2007-10-20,63.9360119047619
"1024",2007-10-21,63.4107142857143
"1025",2007-10-22,74.8452380952381
"1026",2007-10-23,80.2455357142857
"1027",2007-10-24,87.1696428571429
"1028",2007-10-25,89.6041666666667
"1029",2007-10-26,92.2991071428571
"1030",2007-10-27,79.5
"1031",2007-10-28,66.3497023809524
"1032",2007-10-29,61.9151785714286
"1033",2007-10-30,70.8526785714286
"1034",2007-10-31,74.4092261904762
"1035",2007-11-01,73.0520833333333
"1036",2007-11-02,58.1711309523809
"1037",2007-11-03,60.6755952380952
"1038",2007-11-04,57.2864583333333
"1039",2007-11-05,54.7559523809524
"1040",2007-11-06,48.1413690476191
"1041",2007-11-07,53.03125
"1042",2007-11-08,64.5491071428571
"1043",2007-11-09,63.5982142857143
"1044",2007-11-10,65.3988095238095
"1045",2007-11-11,72.2098214285714
"1046",2007-11-12,66.7157738095238
"1047",2007-11-13,66.4092261904762
"1048",2007-11-14,74.2440476190476
"1049",2007-11-15,69.2961309523809
"1050",2007-11-16,55.7247023809524
"1051",2007-11-17,60.2738095238095
"1052",2007-11-18,65.6011904761905
"1053",2007-11-19,75.5982142857143
"1054",2007-11-20,80.3169642857143
"1055",2007-11-21,70.4300595238095
"1056",2007-11-22,70.0252976190476
"1057",2007-11-23,52.1577380952381
"1058",2007-11-24,60.3511904761905
"1059",2007-11-25,73.1056547619048
"1060",2007-11-26,89.0223214285714
"1061",2007-11-27,66.0654761904762
"1062",2007-11-28,59.9434523809524
"1063",2007-11-29,70.8318452380952
"1064",2007-11-30,49.8883928571429
"1065",2007-12-01,50.5744047619048
"1066",2007-12-02,68.2440476190476
"1067",2007-12-03,55.84375
"1068",2007-12-04,41.5208333333333
"1069",2007-12-05,52.4330357142857
"1070",2007-12-06,57.1755952380952
"1071",2007-12-07,68.2098214285714
"1072",2007-12-08,73.6607142857143
"1073",2007-12-09,81.5044642857143
"1074",2007-12-10,77.7157738095238
"1075",2007-12-11,79.2291666666667
"1076",2007-12-12,76.0491071428571
"1077",2007-12-13,76.2232142857143
"1078",2007-12-14,68.8050595238095
"1079",2007-12-15,84.7991071428571
"1080",2007-12-16,70.9345238095238
"1081",2007-12-17,50.827380952381
"1082",2007-12-18,58.9226190476191
"1083",2007-12-19,70.9270833333333
"1084",2007-12-20,73.7321428571429
"1085",2007-12-21,80.9895833333333
"1086",2007-12-22,81.4449404761905
"1087",2007-12-23,83.9568452380952
"1088",2007-12-24,58.2261904761905
"1089",2007-12-25,60.2142857142857
"1090",2007-12-26,84.9732142857143
"1091",2007-12-27,83.0178571428571
"1092",2007-12-28,85.21875
"1093",2007-12-29,84.5252976190476
"1094",2007-12-30,92.5357142857143
"1095",2007-12-31,72.2261904761905
"1096",2008-01-01,56.6934523809524
"1097",2008-01-02,45.2023809523809
"1098",2008-01-03,47.3764880952381
"1099",2008-01-04,55.1800595238095
"1100",2008-01-05,54.3601190476191
"1101",2008-01-06,68.6264880952381
"1102",2008-01-07,78.0104166666667
"1103",2008-01-08,81.6770833333333
"1104",2008-01-09,74.0565476190476
"1105",2008-01-10,75.6934523809524
"1106",2008-01-11,77.4717261904762
"1107",2008-01-12,70.2589285714286
"1108",2008-01-13,77.2678571428571
"1109",2008-01-14,64.0699404761905
"1110",2008-01-15,52.9627976190476
"1111",2008-01-16,51.6875
"1112",2008-01-17,86.2113095238095
"1113",2008-01-18,85.1011904761905
"1114",2008-01-19,86.0744047619048
"1115",2008-01-20,54.9791666666667
"1116",2008-01-21,45.5967261904762
"1117",2008-01-22,71.5863095238095
"1118",2008-01-23,80.2767857142857
"1119",2008-01-24,70.9970238095238
"1120",2008-01-25,47.6026785714286
"1121",2008-01-26,60.3452380952381
"1122",2008-01-27,63.8824404761905
"1123",2008-01-28,59.4330357142857
"1124",2008-01-29,48.5997023809524
"1125",2008-01-30,50.6294642857143
"1126",2008-01-31,48.59375
"1127",2008-02-01,79.4747023809524
"1128",2008-02-02,68.4285714285714
"1129",2008-02-03,64.4910714285714
"1130",2008-02-04,76.3556547619048
"1131",2008-02-05,79.1770833333333
"1132",2008-02-06,73.2604166666667
"1133",2008-02-07,53.5669642857143
"1134",2008-02-08,63.9494047619048
"1135",2008-02-09,55.3169642857143
"1136",2008-02-10,32.6547619047619
"1137",2008-02-11,33.0401785714286
"1138",2008-02-12,68.6309523809524
"1139",2008-02-13,85.4270833333333
"1140",2008-02-14,64.7514880952381
"1141",2008-02-15,61.8616071428571
"1142",2008-02-16,62.4598214285714
"1143",2008-02-17,77.3675595238095
"1144",2008-02-18,68.8779761904762
"1145",2008-02-19,46.6235119047619
"1146",2008-02-20,50.4166666666667
"1147",2008-02-21,61.0386904761905
"1148",2008-02-22,90.0877976190476
"1149",2008-02-23,83.9419642857143
"1150",2008-02-24,71.0758928571429
"1151",2008-02-25,72.4717261904762
"1152",2008-02-26,80.5610119047619
"1153",2008-02-27,50.4776785714286
"1154",2008-02-28,46.2380952380952
"1155",2008-02-29,52.2068452380952
"1156",2008-03-01,49.3080357142857
"1157",2008-03-02,49.8705357142857
"1158",2008-03-03,64.8125
"1159",2008-03-04,77.2544642857143
"1160",2008-03-05,65.21875
"1161",2008-03-06,66.8735119047619
"1162",2008-03-07,88.1041666666667
"1163",2008-03-08,66.3273809523809
"1164",2008-03-09,NA
"1165",2008-03-10,55.2276785714286
"1166",2008-03-11,60.5729166666667
"1167",2008-03-12,48.7991071428571
"1168",2008-03-13,52.9315476190476
"1169",2008-03-14,53.5625
"1170",2008-03-15,75.3095238095238
"1171",2008-03-16,66.9226190476191
"1172",2008-03-17,50.3630952380952
"1173",2008-03-18,65.4151785714286
"1174",2008-03-19,75.0386904761905
"1175",2008-03-20,48.0059523809524
"1176",2008-03-21,42.5729166666667
"1177",2008-03-22,49.4523809523809
"1178",2008-03-23,51.25
"1179",2008-03-24,57.9270833333333
"1180",2008-03-25,50.1875
"1181",2008-03-26,43.921130952381
"1182",2008-03-27,48.8735119047619
"1183",2008-03-28,58.2410714285714
"1184",2008-03-29,69.7113095238095
"1185",2008-03-30,78.6398809523809
"1186",2008-03-31,84.1964285714286
"1187",2008-04-01,80.7663690476191
"1188",2008-04-02,60.0193452380952
"1189",2008-04-03,70.5952380952381
"1190",2008-04-04,83.8258928571429
"1191",2008-04-05,90.2678571428571
"1192",2008-04-06,85.6711309523809
"1193",2008-04-07,83.6339285714286
"1194",2008-04-08,78.4910714285714
"1195",2008-04-09,78.1636904761905
"1196",2008-04-10,74.2485119047619
"1197",2008-04-11,71.8839285714286
"1198",2008-04-12,69.3020833333333
"1199",2008-04-13,53.0252976190476
"1200",2008-04-14,66.7797619047619
"1201",2008-04-15,51.5208333333333
"1202",2008-04-16,48.2366071428571
"1203",2008-04-17,48.9404761904762
"1204",2008-04-18,47.8005952380952
"1205",2008-04-19,62.2946428571429
"1206",2008-04-20,75.2514880952381
"1207",2008-04-21,79.3869047619048
"1208",2008-04-22,81.0669642857143
"1209",2008-04-23,77.5119047619048
"1210",2008-04-24,71.0967261904762
"1211",2008-04-25,67.3363095238095
"1212",2008-04-26,68.7633928571429
"1213",2008-04-27,81.8392857142857
"1214",2008-04-28,84.1398809523809
"1215",2008-04-29,57.5669642857143
"1216",2008-04-30,57.8363095238095
"1217",2008-05-01,60.0580357142857
"1218",2008-05-02,62.8214285714286
"1219",2008-05-03,67.3050595238095
"1220",2008-05-04,66.0119047619048
"1221",2008-05-05,69.84375
"1222",2008-05-06,63.5848214285714
"1223",2008-05-07,59.9613095238095
"1224",2008-05-08,72.7321428571429
"1225",2008-05-09,69.5729166666667
"1226",2008-05-10,66.2336309523809
"1227",2008-05-11,79.2738095238095
"1228",2008-05-12,63.2068452380952
"1229",2008-05-13,58.6532738095238
"1230",2008-05-14,64.0372023809524
"1231",2008-05-15,74.9717261904762
"1232",2008-05-16,75.7038690476191
"1233",2008-05-17,56.0892857142857
"1234",2008-05-18,68.2470238095238
"1235",2008-05-19,60.8720238095238
"1236",2008-05-20,68.6651785714286
"1237",2008-05-21,66.1354166666667
"1238",2008-05-22,57.8377976190476
"1239",2008-05-23,61.5238095238095
"1240",2008-05-24,70.2068452380952
"1241",2008-05-25,63.4553571428571
"1242",2008-05-26,61.3482142857143
"1243",2008-05-27,66.7991071428571
"1244",2008-05-28,83.3526785714286
"1245",2008-05-29,70.6443452380952
"1246",2008-05-30,73.8958333333333
"1247",2008-05-31,73.3273809523809
"1248",2008-06-01,69.0416666666667
"1249",2008-06-02,63.4657738095238
"1250",2008-06-03,68.0535714285714
"1251",2008-06-04,69.1681547619048
"1252",2008-06-05,65.6011904761905
"1253",2008-06-06,66.4836309523809
"1254",2008-06-07,61.9583333333333
"1255",2008-06-08,60.4702380952381
"1256",2008-06-09,60.7946428571429
"1257",2008-06-10,63.1785714285714
"1258",2008-06-11,68.4002976190476
"1259",2008-06-12,67.6101190476191
"1260",2008-06-13,65.0327380952381
"1261",2008-06-14,69.8333333333333
"1262",2008-06-15,73.5535714285714
"1263",2008-06-16,63.9672619047619
"1264",2008-06-17,59.7098214285714
"1265",2008-06-18,49.7619047619048
"1266",2008-06-19,54.7842261904762
"1267",2008-06-20,63.8928571428571
"1268",2008-06-21,73.5416666666667
"1269",2008-06-22,75.8764880952381
"1270",2008-06-23,74.0044642857143
"1271",2008-06-24,61.046130952381
"1272",2008-06-25,61.328869047619
"1273",2008-06-26,63.8571428571429
"1274",2008-06-27,67.375
"1275",2008-06-28,64.7157738095238
"1276",2008-06-29,67.7767857142857
"1277",2008-06-30,66.875
"1278",2008-07-01,57.6175595238095
"1279",2008-07-02,57.3333333333333
"1280",2008-07-03,59.5282738095238
"1281",2008-07-04,68.8422619047619
"1282",2008-07-05,80.3288690476191
"1283",2008-07-06,82.5997023809524
"1284",2008-07-07,79.3541666666667
"1285",2008-07-08,79.6607142857143
"1286",2008-07-09,80.9494047619048
"1287",2008-07-10,80.6517857142857
"1288",2008-07-11,80.9494047619048
"1289",2008-07-12,71.8050595238095
"1290",2008-07-13,74.5669642857143
"1291",2008-07-14,78.2797619047619
"1292",2008-07-15,73.0476190476191
"1293",2008-07-16,68.6235119047619
"1294",2008-07-17,65.4955357142857
"1295",2008-07-18,74.0238095238095
"1296",2008-07-19,78.4627976190476
"1297",2008-07-20,72.7589285714286
"1298",2008-07-21,66.0625
"1299",2008-07-22,67.8050595238095
"1300",2008-07-23,79.4970238095238
"1301",2008-07-24,72.4761904761905
"1302",2008-07-25,73.3928571428571
"1303",2008-07-26,76.2544642857143
"1304",2008-07-27,75.2693452380952
"1305",2008-07-28,68.9226190476191
"1306",2008-07-29,75.3139880952381
"1307",2008-07-30,76.3958333333333
"1308",2008-07-31,78.4494047619048
"1309",2008-08-01,73.7529761904762
"1310",2008-08-02,71.9479166666667
"1311",2008-08-03,68.9107142857143
"1312",2008-08-04,69.8958333333333
"1313",2008-08-05,68.7053571428571
"1314",2008-08-06,65.4732142857143
"1315",2008-08-07,68.6904761904762
"1316",2008-08-08,64.9717261904762
"1317",2008-08-09,63.2127976190476
"1318",2008-08-10,71.5491071428571
"1319",2008-08-11,63.9270833333333
"1320",2008-08-12,61.3839285714286
"1321",2008-08-13,84.8333333333333
"1322",2008-08-14,76.8928571428571
"1323",2008-08-15,76.2380952380952
"1324",2008-08-16,74.9910714285714
"1325",2008-08-17,76.8660714285714
"1326",2008-08-18,73.8794642857143
"1327",2008-08-19,70.8943452380952
"1328",2008-08-20,72.4538690476191
"1329",2008-08-21,71.8363095238095
"1330",2008-08-22,69.4032738095238
"1331",2008-08-23,69.9449404761905
"1332",2008-08-24,70.5178571428571
"1333",2008-08-25,77.8586309523809
"1334",2008-08-26,85.6220238095238
"1335",2008-08-27,85.6860119047619
"1336",2008-08-28,82.0148809523809
"1337",2008-08-29,77.7217261904762
"1338",2008-08-30,77.1889880952381
"1339",2008-08-31,77.3288690476191
"1340",2008-09-01,67.9538690476191
"1341",2008-09-02,67.9776785714286
"1342",2008-09-03,67.0892857142857
"1343",2008-09-04,67.9255952380952
"1344",2008-09-05,80.9092261904762
"1345",2008-09-06,75.8883928571429
"1346",2008-09-07,73.8482142857143
"1347",2008-09-08,75.3630952380952
"1348",2008-09-09,80.6904761904762
"1349",2008-09-10,88.7559523809524
"1350",2008-09-11,87.6875
"1351",2008-09-12,84.3363095238095
"1352",2008-09-13,79.3794642857143
"1353",2008-09-14,76.1428571428571
"1354",2008-09-15,74.1949404761905
"1355",2008-09-16,84.2782738095238
"1356",2008-09-17,78.2931547619048
"1357",2008-09-18,70.8363095238095
"1358",2008-09-19,73.7574404761905
"1359",2008-09-20,78.0327380952381
"1360",2008-09-21,78.9538690476191
"1361",2008-09-22,75.6815476190476
"1362",2008-09-23,74.6845238095238
"1363",2008-09-24,66.4821428571429
"1364",2008-09-25,80.2514880952381
"1365",2008-09-26,86.8377976190476
"1366",2008-09-27,84.7678571428571
"1367",2008-09-28,81.2232142857143
"1368",2008-09-29,78.0848214285714
"1369",2008-09-30,83.0208333333333
"1370",2008-10-01,77.7440476190476
"1371",2008-10-02,67.5922619047619
"1372",2008-10-03,71.0461309523809
"1373",2008-10-04,73.6443452380952
"1374",2008-10-05,75.0773809523809
"1375",2008-10-06,74.9285714285714
"1376",2008-10-07,73.90625
"1377",2008-10-08,78.4092261904762
"1378",2008-10-09,84.1904761904762
"1379",2008-10-10,85.8616071428571
"1380",2008-10-11,75.7514880952381
"1381",2008-10-12,70.4151785714286
"1382",2008-10-13,76.5907738095238
"1383",2008-10-14,73.2217261904762
"1384",2008-10-15,72.4866071428571
"1385",2008-10-16,72.1205357142857
"1386",2008-10-17,84.5714285714286
"1387",2008-10-18,79.8318452380952
"1388",2008-10-19,63.7440476190476
"1389",2008-10-20,67.4583333333333
"1390",2008-10-21,64.5565476190476
"1391",2008-10-22,58.1607142857143
"1392",2008-10-23,69.8229166666667
"1393",2008-10-24,81.0520833333333
"1394",2008-10-25,84.7738095238095
"1395",2008-10-26,72.5416666666667
"1396",2008-10-27,70.4375
"1397",2008-10-28,59.8080357142857
"1398",2008-10-29,54.8824404761905
"1399",2008-10-30,59.4151785714286
"1400",2008-10-31,63.3571428571429
"1401",2008-11-01,62.8080357142857
"1402",2008-11-02,67.7001488095238
"1403",2008-11-03,86.3988095238095
"1404",2008-11-04,87.7633928571429
"1405",2008-11-05,80.5758928571429
"1406",2008-11-06,70.2827380952381
"1407",2008-11-07,73.3035714285714
"1408",2008-11-08,67.0982142857143
"1409",2008-11-09,65.4107142857143
"1410",2008-11-10,65.4985119047619
"1411",2008-11-11,64.8645833333333
"1412",2008-11-12,67.4895833333333
"1413",2008-11-13,89.5654761904762
"1414",2008-11-14,93.5922619047619
"1415",2008-11-15,77.4851190476191
"1416",2008-11-16,61.5372023809524
"1417",2008-11-17,64.3913690476191
"1418",2008-11-18,52.7976190476191
"1419",2008-11-19,51.6770833333333
"1420",2008-11-20,54.3139880952381
"1421",2008-11-21,53.6800595238095
"1422",2008-11-22,48.3035714285714
"1423",2008-11-23,54.297619047619
"1424",2008-11-24,66.8616071428571
"1425",2008-11-25,61.016369047619
"1426",2008-11-26,59.5595238095238
"1427",2008-11-27,65.6160714285714
"1428",2008-11-28,66.5714285714286
"1429",2008-11-29,76.0461309523809
"1430",2008-11-30,90.8571428571429
"1431",2008-12-01,66.8690476190476
"1432",2008-12-02,70.5669642857143
"1433",2008-12-03,69.0491071428571
"1434",2008-12-04,68.6011904761905
"1435",2008-12-05,66.7916666666667
"1436",2008-12-06,72.8571428571429
"1437",2008-12-07,57.4449404761905
"1438",2008-12-08,54.6934523809524
"1439",2008-12-09,72.7440476190476
"1440",2008-12-10,87.375
"1441",2008-12-11,88.71875
"1442",2008-12-12,63.6651785714286
"1443",2008-12-13,61.0401785714286
"1444",2008-12-14,72.8497023809524
"1445",2008-12-15,79.2529761904762
"1446",2008-12-16,91.0595238095238
"1447",2008-12-17,91.9910714285714
"1448",2008-12-18,89.9032738095238
"1449",2008-12-19,82.3630952380952
"1450",2008-12-20,84.3288690476191
"1451",2008-12-21,67.5238095238095
"1452",2008-12-22,42.7529761904762
"1453",2008-12-23,54.9226190476191
"1454",2008-12-24,73.2127976190476
"1455",2008-12-25,72.9330357142857
"1456",2008-12-26,78.6889880952381
"1457",2008-12-27,89.7886904761905
"1458",2008-12-28,83.1979166666667
"1459",2008-12-29,68.3586309523809
"1460",2008-12-30,51.8035714285714
"1461",2008-12-31,43.4910714285714
"1462",2009-01-01,45.3258928571429
"1463",2009-01-02,77.6964285714286
"1464",2009-01-03,83.1235119047619
"1465",2009-01-04,89.5104166666667
"1466",2009-01-05,90.5922619047619
"1467",2009-01-06,92.6011904761905
"1468",2009-01-07,70.6577380952381
"1469",2009-01-08,53.3422619047619
"1470",2009-01-09,54.46875
"1471",2009-01-10,66.3482142857143
"1472",2009-01-11,75.3630952380952
"1473",2009-01-12,63.3348214285714
"1474",2009-01-13,80.7961309523809
"1475",2009-01-14,58.3214285714286
"1476",2009-01-15,48.7619047619048
"1477",2009-01-16,35.8720238095238
"1478",2009-01-17,45.0848214285714
"1479",2009-01-18,73.0803571428571
"1480",2009-01-19,80.5208333333333
"1481",2009-01-20,72.5297619047619
"1482",2009-01-21,58.5029761904762
"1483",2009-01-22,55.7514880952381
"1484",2009-01-23,61.625
"1485",2009-01-24,64.8824404761905
"1486",2009-01-25,55.0014880952381
"1487",2009-01-26,61.7157738095238
"1488",2009-01-27,85.8571428571429
"1489",2009-01-28,87.9523809523809
"1490",2009-01-29,73.5818452380952
"1491",2009-01-30,60.6175595238095
"1492",2009-01-31,46.1235119047619
"1493",2009-02-01,51.6577380952381
"1494",2009-02-02,67.6517857142857
"1495",2009-02-03,65.0014880952381
"1496",2009-02-04,53.2023809523809
"1497",2009-02-05,43.172619047619
"1498",2009-02-06,51.7127976190476
"1499",2009-02-07,53.1130952380952
"1500",2009-02-08,54.9092261904762
"1501",2009-02-09,63.7790178571429
"1502",2009-02-10,71.4032738095238
"1503",2009-02-11,72.4747023809524
"1504",2009-02-12,41.2291666666667
"1505",2009-02-13,40.5416666666667
"1506",2009-02-14,65.9940476190476
"1507",2009-02-15,58.5372023809524
"1508",2009-02-16,58.6056547619048
"1509",2009-02-17,50.8571428571429
"1510",2009-02-18,83.4002976190476
"1511",2009-02-19,57.9732142857143
"1512",2009-02-20,38.8318452380952
"1513",2009-02-21,48.2991071428571
"1514",2009-02-22,53.2782738095238
"1515",2009-02-23,43.2857142857143
"1516",2009-02-24,45.2767857142857
"1517",2009-02-25,51.3035714285714
"1518",2009-02-26,64.7172619047619
"1519",2009-02-27,75.6994047619048
"1520",2009-02-28,93.2023809523809
"1521",2009-03-01,92.7351190476191
"1522",2009-03-02,72.4955357142857
"1523",2009-03-03,54.3169642857143
"1524",2009-03-04,58.1190476190476
"1525",2009-03-05,54.8065476190476
"1526",2009-03-06,62.1711309523809
"1527",2009-03-07,63.9122023809524
"1528",2009-03-08,NA
"1529",2009-03-09,47.5684523809524
"1530",2009-03-10,57.7842261904762
"1531",2009-03-11,69.0059523809524
"1532",2009-03-12,41.2931547619048
"1533",2009-03-13,73.9196428571429
"1534",2009-03-14,92.9523809523809
"1535",2009-03-15,92.5148809523809
"1536",2009-03-16,94.9508928571429
"1537",2009-03-17,84.6235119047619
"1538",2009-03-18,74.8943452380952
"1539",2009-03-19,68.7485119047619
"1540",2009-03-20,56.5119047619048
"1541",2009-03-21,56.7514880952381
"1542",2009-03-22,59.4345238095238
"1543",2009-03-23,56.7038690476191
"1544",2009-03-24,53.7559523809524
"1545",2009-03-25,68.0238095238095
"1546",2009-03-26,88.9925595238095
"1547",2009-03-27,92.0982142857143
"1548",2009-03-28,90.5223214285714
"1549",2009-03-29,66.1964285714286
"1550",2009-03-30,49.9345238095238
"1551",2009-03-31,59.9047619047619
"1552",2009-04-01,81.5863095238095
"1553",2009-04-02,91.4181547619048
"1554",2009-04-03,65.0863095238095
"1555",2009-04-04,47.0848214285714
"1556",2009-04-05,54.2544642857143
"1557",2009-04-06,65.65625
"1558",2009-04-07,49.4166666666667
"1559",2009-04-08,48.5669642857143
"1560",2009-04-09,49.8482142857143
"1561",2009-04-10,67.9404761904762
"1562",2009-04-11,68.8645833333333
"1563",2009-04-12,54.6160714285714
"1564",2009-04-13,72.0148809523809
"1565",2009-04-14,86.8482142857143
"1566",2009-04-15,74.0372023809524
"1567",2009-04-16,53.5714285714286
"1568",2009-04-17,51.3095238095238
"1569",2009-04-18,48.9241071428571
"1570",2009-04-19,64.4508928571429
"1571",2009-04-20,75.7172619047619
"1572",2009-04-21,62.9255952380952
"1573",2009-04-22,48.0386904761905
"1574",2009-04-23,47.8065476190476
"1575",2009-04-24,62.4330357142857
"1576",2009-04-25,63.4523809523809
"1577",2009-04-26,61.8005952380952
"1578",2009-04-27,61.2574404761905
"1579",2009-04-28,64.2723214285714
"1580",2009-04-29,70.0461309523809
"1581",2009-04-30,79.7901785714286
"1582",2009-05-01,73.4836309523809
"1583",2009-05-02,73.9508928571429
"1584",2009-05-03,75.2693452380952
"1585",2009-05-04,73.8273809523809
"1586",2009-05-05,89.0580357142857
"1587",2009-05-06,83.6547619047619
"1588",2009-05-07,78.2991071428571
"1589",2009-05-08,79.1755952380952
"1590",2009-05-09,72.0848214285714
"1591",2009-05-10,62.3095238095238
"1592",2009-05-11,79.3377976190476
"1593",2009-05-12,69.9642857142857
"1594",2009-05-13,66.3199404761905
"1595",2009-05-14,79.2276785714286
"1596",2009-05-15,82.3824404761905
"1597",2009-05-16,82.25
"1598",2009-05-17,85.7916666666667
"1599",2009-05-18,65.9300595238095
"1600",2009-05-19,58.9211309523809
"1601",2009-05-20,64.6279761904762
"1602",2009-05-21,69.8497023809524
"1603",2009-05-22,72.9285714285714
"1604",2009-05-23,75.6502976190476
"1605",2009-05-24,80.8869047619048
"1606",2009-05-25,82.59375
"1607",2009-05-26,83.7470238095238
"1608",2009-05-27,81.3214285714286
"1609",2009-05-28,83.6547619047619
"1610",2009-05-29,78.2336309523809
"1611",2009-05-30,67.9806547619048
"1612",2009-05-31,66.5491071428571
"1613",2009-06-01,67.3020833333333
"1614",2009-06-02,69.9017857142857
"1615",2009-06-03,71.4151785714286
"1616",2009-06-04,82.4122023809524
"1617",2009-06-05,84.7544642857143
"1618",2009-06-06,80.2589285714286
"1619",2009-06-07,78.0877976190476
"1620",2009-06-08,77.9895833333333
"1621",2009-06-09,77.1458333333333
"1622",2009-06-10,78.7455357142857
"1623",2009-06-11,81.1979166666667
"1624",2009-06-12,75.3988095238095
"1625",2009-06-13,74.3005952380952
"1626",2009-06-14,75.1130952380952
"1627",2009-06-15,80.4776785714286
"1628",2009-06-16,86.0476190476191
"1629",2009-06-17,84.1279761904762
"1630",2009-06-18,80.6101190476191
"1631",2009-06-19,73.9345238095238
"1632",2009-06-20,69.8422619047619
"1633",2009-06-21,62.4032738095238
"1634",2009-06-22,65.4836309523809
"1635",2009-06-23,69.0952380952381
"1636",2009-06-24,68.0729166666667
"1637",2009-06-25,66.6949404761905
"1638",2009-06-26,72.0610119047619
"1639",2009-06-27,68.6919642857143
"1640",2009-06-28,65.2648809523809
"1641",2009-06-29,58.40625
"1642",2009-06-30,58.1339285714286
"1643",2009-07-01,59.2366071428571
"1644",2009-07-02,61.8883928571429
"1645",2009-07-03,58.8630952380952
"1646",2009-07-04,60.4092261904762
"1647",2009-07-05,78.0104166666667
"1648",2009-07-06,82.2395833333333
"1649",2009-07-07,69.0773809523809
"1650",2009-07-08,69.1994047619048
"1651",2009-07-09,73.4985119047619
"1652",2009-07-10,70.4598214285714
"1653",2009-07-11,70.3214285714286
"1654",2009-07-12,66.7619047619048
"1655",2009-07-13,80.9211309523809
"1656",2009-07-14,67.2127976190476
"1657",2009-07-15,67.1979166666667
"1658",2009-07-16,75.7351190476191
"1659",2009-07-17,77.9315476190476
"1660",2009-07-18,69.5252976190476
"1661",2009-07-19,66.4211309523809
"1662",2009-07-20,79.125
"1663",2009-07-21,77.3154761904762
"1664",2009-07-22,79.6130952380952
"1665",2009-07-23,80.53125
"1666",2009-07-24,72.2202380952381
"1667",2009-07-25,72.1279761904762
"1668",2009-07-26,69.0223214285714
"1669",2009-07-27,76.7380952380952
"1670",2009-07-28,77.6755952380952
"1671",2009-07-29,80.8169642857143
"1672",2009-07-30,77.8482142857143
"1673",2009-07-31,80.8854166666667
"1674",2009-08-01,82.4508928571429
"1675",2009-08-02,86.3883928571429
"1676",2009-08-03,78.2202380952381
"1677",2009-08-04,75.84375
"1678",2009-08-05,78.2842261904762
"1679",2009-08-06,79.8214285714286
"1680",2009-08-07,72.0550595238095
"1681",2009-08-08,72.3244047619048
"1682",2009-08-09,69.2321428571429
"1683",2009-08-10,67.4151785714286
"1684",2009-08-11,72.375
"1685",2009-08-12,86.5059523809524
"1686",2009-08-13,85.5163690476191
"1687",2009-08-14,84.2708333333333
"1688",2009-08-15,79.9255952380952
"1689",2009-08-16,80.1711309523809
"1690",2009-08-17,72.6726190476191
"1691",2009-08-18,70.3645833333333
"1692",2009-08-19,74.6309523809524
"1693",2009-08-20,79.4732142857143
"1694",2009-08-21,79.9136904761905
"1695",2009-08-22,82.7291666666667
"1696",2009-08-23,82.28125
"1697",2009-08-24,79.5148809523809
"1698",2009-08-25,76.5610119047619
"1699",2009-08-26,74.2410714285714
"1700",2009-08-27,73.2976190476191
"1701",2009-08-28,82.4866071428571
"1702",2009-08-29,77.8526785714286
"1703",2009-08-30,75.4970238095238
"1704",2009-08-31,86.8988095238095
"1705",2009-09-01,73.6889880952381
"1706",2009-09-02,72.3333333333333
"1707",2009-09-03,74.7321428571429
"1708",2009-09-04,71.5282738095238
"1709",2009-09-05,70.2425595238095
"1710",2009-09-06,71.2589285714286
"1711",2009-09-07,83.3020833333333
"1712",2009-09-08,82.0252976190476
"1713",2009-09-09,78.1220238095238
"1714",2009-09-10,84.2455357142857
"1715",2009-09-11,77.0892857142857
"1716",2009-09-12,73.5416666666667
"1717",2009-09-13,73.4315476190476
"1718",2009-09-14,72.6145833333333
"1719",2009-09-15,73.9553571428571
"1720",2009-09-16,81.7916666666667
"1721",2009-09-17,87.3764880952381
"1722",2009-09-18,87.1964285714286
"1723",2009-09-19,83.9211309523809
"1724",2009-09-20,79.5610119047619
"1725",2009-09-21,79.2589285714286
"1726",2009-09-22,86.6398809523809
"1727",2009-09-23,86.6413690476191
"1728",2009-09-24,82.3586309523809
"1729",2009-09-25,86.5997023809524
"1730",2009-09-26,88.8556547619048
"1731",2009-09-27,81.6264880952381
"1732",2009-09-28,70.6711309523809
"1733",2009-09-29,55.546130952381
"1734",2009-09-30,67.3422619047619
"1735",2009-10-01,71.1994047619048
"1736",2009-10-02,78.4910714285714
"1737",2009-10-03,70.5193452380952
"1738",2009-10-04,65.0863095238095
"1739",2009-10-05,84.7053571428571
"1740",2009-10-06,90.3169642857143
"1741",2009-10-07,68.9925595238095
"1742",2009-10-08,63.3125
"1743",2009-10-09,78.1175595238095
"1744",2009-10-10,79.7247023809524
"1745",2009-10-11,74.5
"1746",2009-10-12,88.0074404761905
"1747",2009-10-13,80.8809523809524
"1748",2009-10-14,84.3943452380952
"1749",2009-10-15,93.1904761904762
"1750",2009-10-16,88.1235119047619
"1751",2009-10-17,78.9017857142857
"1752",2009-10-18,73.7008928571429
"1753",2009-10-19,66.6547619047619
"1754",2009-10-20,68.4330357142857
"1755",2009-10-21,68.1979166666667
"1756",2009-10-22,72.9732142857143
"1757",2009-10-23,80.5327380952381
"1758",2009-10-24,78.8452380952381
"1759",2009-10-25,71.7321428571429
"1760",2009-10-26,79.0863095238095
"1761",2009-10-27,92.0535714285714
"1762",2009-10-28,81.6696428571429
"1763",2009-10-29,79.0223214285714
"1764",2009-10-30,84.7485119047619
"1765",2009-10-31,88.2648809523809
"1766",2009-11-01,87.7261904761905
"1767",2009-11-02,81.9107142857143
"1768",2009-11-03,71.4717261904762
"1769",2009-11-04,67.5163690476191
"1770",2009-11-05,62.1547619047619
"1771",2009-11-06,57.4806547619048
"1772",2009-11-07,66.1681547619048
"1773",2009-11-08,67.2514880952381
"1774",2009-11-09,73.875
"1775",2009-11-10,88.9092261904762
"1776",2009-11-11,90.5252976190476
"1777",2009-11-12,86.6889880952381
"1778",2009-11-13,82.5446428571429
"1779",2009-11-14,81.4747023809524
"1780",2009-11-15,79.1711309523809
"1781",2009-11-16,76.875
"1782",2009-11-17,80.7738095238095
"1783",2009-11-18,89.4255952380952
"1784",2009-11-19,89.5089285714286
"1785",2009-11-20,77.3288690476191
"1786",2009-11-21,74.3035714285714
"1787",2009-11-22,82.0029761904762
"1788",2009-11-23,91.4627976190476
"1789",2009-11-24,88.8958333333333
"1790",2009-11-25,87.9345238095238
"1791",2009-11-26,81.5982142857143
"1792",2009-11-27,57.1770833333333
"1793",2009-11-28,54.9940476190476
"1794",2009-11-29,58.9241071428571
"1795",2009-11-30,68.7529761904762
"1796",2009-12-01,64.9047619047619
"1797",2009-12-02,85.6383928571429
"1798",2009-12-03,71.7931547619048
"1799",2009-12-04,74.9925595238095
"1800",2009-12-05,87.1636904761905
"1801",2009-12-06,74.3392857142857
"1802",2009-12-07,78.4657738095238
"1803",2009-12-08,81.4702380952381
"1804",2009-12-09,76.6949404761905
"1805",2009-12-10,37.3199404761905
"1806",2009-12-11,38.6949404761905
"1807",2009-12-12,53.5342261904762
"1808",2009-12-13,89.7782738095238
"1809",2009-12-14,91.3467261904762
"1810",2009-12-15,83.0104166666667
"1811",2009-12-16,53.3288690476191
"1812",2009-12-17,54.6592261904762
"1813",2009-12-18,77.2946428571429
"1814",2009-12-19,87.5892857142857
"1815",2009-12-20,71.7961309523809
"1816",2009-12-21,71.0252976190476
"1817",2009-12-22,73.4955357142857
"1818",2009-12-23,75.4553571428571
"1819",2009-12-24,69.8630952380952
"1820",2009-12-25,88.2455357142857
"1821",2009-12-26,84.2395833333333
"1822",2009-12-27,65.9821428571429
"1823",2009-12-28,54.2767857142857
"1824",2009-12-29,50.3809523809524
"1825",2009-12-30,57.2738095238095
"1826",2009-12-31,92.4955357142857
"1827",2010-01-01,78.8928571428571
"1828",2010-01-02,46.5714285714286
"1829",2010-01-03,42.0208333333333
"1830",2010-01-04,50.2946428571429
"1831",2010-01-05,54.6473214285714
"1832",2010-01-06,55.5892857142857
"1833",2010-01-07,54.3035714285714
"1834",2010-01-08,53.7857142857143
"1835",2010-01-09,53.375
"1836",2010-01-10,51.3482142857143
"1837",2010-01-11,49.0044642857143
"1838",2010-01-12,55.7425595238095
"1839",2010-01-13,58.1190476190476
"1840",2010-01-14,58.1979166666667
"1841",2010-01-15,56.7306547619048
"1842",2010-01-16,61.7038690476191
"1843",2010-01-17,89.1696428571429
"1844",2010-01-18,73.2321428571429
"1845",2010-01-19,70.4017857142857
"1846",2010-01-20,75.3779761904762
"1847",2010-01-21,89.3154761904762
"1848",2010-01-22,91.1488095238095
"1849",2010-01-23,79.4360119047619
"1850",2010-01-24,84.4910714285714
"1851",2010-01-25,67.2157738095238
"1852",2010-01-26,50.8288690476191
"1853",2010-01-27,60.0863095238095
"1854",2010-01-28,57.4166666666667
"1855",2010-01-29,53.8854166666667
"1856",2010-01-30,87.1800595238095
"1857",2010-01-31,69.3898809523809
"1858",2010-02-01,62.5758928571429
"1859",2010-02-02,85.7782738095238
"1860",2010-02-03,78.8898809523809
"1861",2010-02-04,72.0223214285714
"1862",2010-02-05,85.9285714285714
"1863",2010-02-06,84.4553571428571
"1864",2010-02-07,66.7023809523809
"1865",2010-02-08,67.21875
"1866",2010-02-09,82.4196428571429
"1867",2010-02-10,53.6517857142857
"1868",2010-02-11,52.0863095238095
"1869",2010-02-12,64.6398809523809
"1870",2010-02-13,71.8988095238095
"1871",2010-02-14,57.5535714285714
"1872",2010-02-15,69.7604166666667
"1873",2010-02-16,50.7931547619048
"1874",2010-02-17,53.8869047619048
"1875",2010-02-18,53.3541666666667
"1876",2010-02-19,52.0104166666667
"1877",2010-02-20,49.0104166666667
"1878",2010-02-21,53.0282738095238
"1879",2010-02-22,84.3110119047619
"1880",2010-02-23,83.2886904761905
"1881",2010-02-24,81.9077380952381
"1882",2010-02-25,59.6845238095238
"1883",2010-02-26,42.7142857142857
"1884",2010-02-27,50.8065476190476
"1885",2010-02-28,55.3184523809524
"1886",2010-03-01,58.8139880952381
"1887",2010-03-02,80.5758928571429
"1888",2010-03-03,77.1964285714286
"1889",2010-03-04,55.53125
"1890",2010-03-05,45.3541666666667
"1891",2010-03-06,44.9330357142857
"1892",2010-03-07,46.4821428571429
"1893",2010-03-08,47.608630952381
"1894",2010-03-09,54.7693452380952
"1895",2010-03-10,63.2589285714286
"1896",2010-03-11,91.0669642857143
"1897",2010-03-12,91.1994047619048
"1898",2010-03-13,77.5148809523809
"1899",2010-03-14,NA
"1900",2010-03-15,67.1711309523809
"1901",2010-03-16,67.3854166666667
"1902",2010-03-17,61.2261904761905
"1903",2010-03-18,55.2053571428571
"1904",2010-03-19,46.5386904761905
"1905",2010-03-20,50.0773809523809
"1906",2010-03-21,70.4598214285714
"1907",2010-03-22,71.1681547619048
"1908",2010-03-23,60.0982142857143
"1909",2010-03-24,52.6354166666667
"1910",2010-03-25,60.7455357142857
"1911",2010-03-26,74.7961309523809
"1912",2010-03-27,60.6636904761905
"1913",2010-03-28,76.2485119047619
"1914",2010-03-29,81.8080357142857
"1915",2010-03-30,56.9255952380952
"1916",2010-03-31,40.7410714285714
"1917",2010-04-01,48.7172619047619
"1918",2010-04-02,55.3184523809524
"1919",2010-04-03,65.3556547619048
"1920",2010-04-04,66.1845238095238
"1921",2010-04-05,62.2991071428571
"1922",2010-04-06,54.1785714285714
"1923",2010-04-07,55.9270833333333
"1924",2010-04-08,69.0446428571429
"1925",2010-04-09,59.2157738095238
"1926",2010-04-10,47.7485119047619
"1927",2010-04-11,56.4077380952381
"1928",2010-04-12,58.2202380952381
"1929",2010-04-13,61.985119047619
"1930",2010-04-14,72.71875
"1931",2010-04-15,65.8050595238095
"1932",2010-04-16,55.3095238095238
"1933",2010-04-17,49.7782738095238
"1934",2010-04-18,45.1845238095238
"1935",2010-04-19,58.3928571428571
"1936",2010-04-20,64.4375
"1937",2010-04-21,78.8169642857143
"1938",2010-04-22,61.6220238095238
"1939",2010-04-23,63.7931547619048
"1940",2010-04-24,78.8705357142857
"1941",2010-04-25,76.8794642857143
"1942",2010-04-26,64.2961309523809
"1943",2010-04-27,62.7857142857143
"1944",2010-04-28,49.1577380952381
"1945",2010-04-29,55.4255952380952
"1946",2010-04-30,58.8125
"1947",2010-05-01,75.2366071428571
"1948",2010-05-02,72.8363095238095
"1949",2010-05-03,79.6056547619048
"1950",2010-05-04,75.5252976190476
"1951",2010-05-05,69.8630952380952
"1952",2010-05-06,67.0505952380952
"1953",2010-05-07,59.3883928571429
"1954",2010-05-08,50.59375
"1955",2010-05-09,37.8005952380952
"1956",2010-05-10,52.7038690476191
"1957",2010-05-11,70.4717261904762
"1958",2010-05-12,74.4776785714286
"1959",2010-05-13,78.2663690476191
"1960",2010-05-14,72.2008928571429
"1961",2010-05-15,69.5119047619048
"1962",2010-05-16,78.46875
"1963",2010-05-17,89.4776785714286
"1964",2010-05-18,85.8720238095238
"1965",2010-05-19,81.2559523809524
"1966",2010-05-20,70.8125
"1967",2010-05-21,73.7678571428571
"1968",2010-05-22,78.6458333333333
"1969",2010-05-23,79.9404761904762
"1970",2010-05-24,85.7514880952381
"1971",2010-05-25,79.7678571428571
"1972",2010-05-26,72.0044642857143
"1973",2010-05-27,68.5863095238095
"1974",2010-05-28,75.1934523809524
"1975",2010-05-29,77.8541666666667
"1976",2010-05-30,75.9642857142857
"1977",2010-05-31,80.5520833333333
"1978",2010-06-01,83.0446428571429
"1979",2010-06-02,85.9449404761905
"1980",2010-06-03,81.4747023809524
"1981",2010-06-04,78.6428571428571
"1982",2010-06-05,74.5163690476191
"1983",2010-06-06,70.7604166666667
"1984",2010-06-07,62.8913690476191
"1985",2010-06-08,65.7797619047619
"1986",2010-06-09,71.2678571428571
"1987",2010-06-10,71.1145833333333
"1988",2010-06-11,69.7485119047619
"1989",2010-06-12,74.0372023809524
"1990",2010-06-13,77.3556547619048
"1991",2010-06-14,73.1101190476191
"1992",2010-06-15,74.2485119047619
"1993",2010-06-16,81.1175595238095
"1994",2010-06-17,70.1845238095238
"1995",2010-06-18,70.0505952380952
"1996",2010-06-19,75.3080357142857
"1997",2010-06-20,71.0446428571429
"1998",2010-06-21,67.6398809523809
"1999",2010-06-22,69.6294642857143
"2000",2010-06-23,68.7410714285714
"2001",2010-06-24,66.5059523809524
"2002",2010-06-25,70.7544642857143
"2003",2010-06-26,72.1041666666667
"2004",2010-06-27,71.2321428571429
"2005",2010-06-28,67.8125
"2006",2010-06-29,71.625
"2007",2010-06-30,81.4122023809524
