date,avg_humidity
2005-01-01T00:00:00Z,76.70982142857143
2005-01-02T00:00:00Z,80.47916666666667
2005-01-03T00:00:00Z,81.22916666666667
2005-01-04T00:00:00Z,74.8422619047619
2005-01-05T00:00:00Z,76.06696428571429
2005-01-06T00:00:00Z,77.99107142857143
2005-01-07T00:00:00Z,71.66666666666667
2005-01-08T00:00:00Z,81.80357142857143
2005-01-09T00:00:00Z,72.72470238095238
2005-01-10T00:00:00Z,81.14434523809524
2005-01-11T00:00:00Z,81.80059523809524
2005-01-12T00:00:00Z,82.61755952380952
2005-01-13T00:00:00Z,81.73809523809524
2005-01-14T00:00:00Z,72.5610119047619
2005-01-15T00:00:00Z,60.65327380952381
2005-01-16T00:00:00Z,68.55654761904762
2005-01-17T00:00:00Z,45.76190476190476
2005-01-18T00:00:00Z,40.552083333333336
2005-01-19T00:00:00Z,59.00297619047619
2005-01-20T00:00:00Z,63.36309523809524
2005-01-21T00:00:00Z,78.91071428571428
2005-01-22T00:00:00Z,80.94642857142857
2005-01-23T00:00:00Z,50.46577380952381
2005-01-24T00:00:00Z,43.84970238095238
2005-01-25T00:00:00Z,48.416666666666664
2005-01-26T00:00:00Z,63.55952380952381
2005-01-27T00:00:00Z,51.26190476190476
2005-01-28T00:00:00Z,42.555059523809526
2005-01-29T00:00:00Z,70.32886904761905
2005-01-30T00:00:00Z,86.13690476190476
2005-01-31T00:00:00Z,66.02529761904762
2005-02-01T00:00:00Z,71.76488095238095
2005-02-02T00:00:00Z,70.42261904761905
2005-02-03T00:00:00Z,88.61755952380952
2005-02-04T00:00:00Z,71.7202380952381
2005-02-05T00:00:00Z,55.25595238095238
2005-02-06T00:00:00Z,53.086309523809526
2005-02-07T00:00:00Z,59.36607142857143
2005-02-08T00:00:00Z,63.72767857142857
2005-02-09T00:00:00Z,79.84672619047619
2005-02-10T00:00:00Z,57.13095238095238
2005-02-11T00:00:00Z,42.67559523809524
2005-02-12T00:00:00Z,47.93452380952381
2005-02-13T00:00:00Z,59.78720238095238
2005-02-14T00:00:00Z,84.5639880952381
2005-02-15T00:00:00Z,78.33482142857143
2005-02-16T00:00:00Z,77.39880952380952
2005-02-17T00:00:00Z,48.68452380952381
2005-02-18T00:00:00Z,44.947916666666664
2005-02-19T00:00:00Z,52.547619047619044
2005-02-20T00:00:00Z,68.42857142857143
2005-02-21T00:00:00Z,85.02529761904762
2005-02-22T00:00:00Z,76.95833333333333
2005-02-23T00:00:00Z,65.49851190476191
2005-02-24T00:00:00Z,86.54910714285714
2005-02-25T00:00:00Z,74.90922619047619
2005-02-26T00:00:00Z,68.1875
2005-02-27T00:00:00Z,71.2827380952381
2005-02-28T00:00:00Z,89.76190476190476
2005-03-01T00:00:00Z,54.28125
2005-03-02T00:00:00Z,42.748511904761905
2005-03-03T00:00:00Z,43.688988095238095
2005-03-04T00:00:00Z,51.282738095238095
2005-03-05T00:00:00Z,62.08482142857143
2005-03-06T00:00:00Z,57.072916666666664
2005-03-07T00:00:00Z,51.279761904761905
2005-03-08T00:00:00Z,61.782738095238095
2005-03-09T00:00:00Z,49.126488095238095
2005-03-10T00:00:00Z,48.464285714285715
2005-03-11T00:00:00Z,58.523809523809526
2005-03-12T00:00:00Z,47.40029761904762
2005-03-13T00:00:00Z,58.02827380952381
2005-03-14T00:00:00Z,78.97172619047619
2005-03-15T00:00:00Z,58.172619047619044
2005-03-16T00:00:00Z,84.53125
2005-03-17T00:00:00Z,88.71875
2005-03-18T00:00:00Z,68.77678571428571
2005-03-19T00:00:00Z,63.148809523809526
2005-03-20T00:00:00Z,62.66220238095238
2005-03-21T00:00:00Z,51.163690476190474
2005-03-22T00:00:00Z,66.88690476190476
2005-03-23T00:00:00Z,80.29166666666667
2005-03-24T00:00:00Z,66.5
2005-03-25T00:00:00Z,71.07291666666667
2005-03-26T00:00:00Z,76.52380952380952
2005-03-27T00:00:00Z,85.28422619047619
2005-03-28T00:00:00Z,77.39732142857143
2005-03-29T00:00:00Z,57.98065476190476
2005-03-30T00:00:00Z,62.617559523809526
2005-03-31T00:00:00Z,79.21279761904762
2005-04-01T00:00:00Z,84.14434523809524
2005-04-02T00:00:00Z,67.82291666666667
2005-04-03T00:00:00Z,NA
2005-04-04T00:00:00Z,41.74702380952381
2005-04-05T00:00:00Z,49.65625
2005-04-06T00:00:00Z,56.00595238095238
2005-04-07T00:00:00Z,76.42708333333333
2005-04-08T00:00:00Z,82.10863095238095
2005-04-09T00:00:00Z,61.558035714285715
2005-04-10T00:00:00Z,52.578869047619044
2005-04-11T00:00:00Z,57.663690476190474
2005-04-12T00:00:00Z,73.98660714285714
2005-04-13T00:00:00Z,86.20684523809524
2005-04-14T00:00:00Z,62.430059523809526
2005-04-15T00:00:00Z,50
2005-04-16T00:00:00Z,42.791666666666664
2005-04-17T00:00:00Z,46.552083333333336
2005-04-18T00:00:00Z,52.34672619047619
2005-04-19T00:00:00Z,54.05654761904762
2005-04-20T00:00:00Z,50.482142857142854
2005-04-21T00:00:00Z,54.11904761904762
2005-04-22T00:00:00Z,70.34970238095238
2005-04-23T00:00:00Z,66.45386904761905
2005-04-24T00:00:00Z,51.70535714285714
2005-04-25T00:00:00Z,47.48363095238095
2005-04-26T00:00:00Z,67.04315476190476
2005-04-27T00:00:00Z,62.76934523809524
2005-04-28T00:00:00Z,53.916666666666664
2005-04-29T00:00:00Z,72.09821428571429
2005-04-30T00:00:00Z,77.01041666666667
2005-05-01T00:00:00Z,66.92708333333333
2005-05-02T00:00:00Z,58.773809523809526
2005-05-03T00:00:00Z,50.77827380952381
2005-05-04T00:00:00Z,58.861607142857146
2005-05-05T00:00:00Z,73.56547619047619
2005-05-06T00:00:00Z,75.30803571428571
2005-05-07T00:00:00Z,59.34672619047619
2005-05-08T00:00:00Z,54.345238095238095
2005-05-09T00:00:00Z,55.013392857142854
2005-05-10T00:00:00Z,68.62351190476191
2005-05-11T00:00:00Z,69.80059523809524
2005-05-12T00:00:00Z,66.99553571428571
2005-05-13T00:00:00Z,77.36458333333333
2005-05-14T00:00:00Z,75.59672619047619
2005-05-15T00:00:00Z,79.24255952380952
2005-05-16T00:00:00Z,70.45833333333333
2005-05-17T00:00:00Z,70.4672619047619
2005-05-18T00:00:00Z,65.93005952380952
2005-05-19T00:00:00Z,74.38988095238095
2005-05-20T00:00:00Z,81.96875
2005-05-21T00:00:00Z,67.76041666666667
2005-05-22T00:00:00Z,64.10267857142857
2005-05-23T00:00:00Z,65.37648809523809
2005-05-24T00:00:00Z,68.41071428571428
2005-05-25T00:00:00Z,68.52232142857143
2005-05-26T00:00:00Z,59.22172619047619
2005-05-27T00:00:00Z,59.861607142857146
2005-05-28T00:00:00Z,66.61755952380952
2005-05-29T00:00:00Z,58.36309523809524
2005-05-30T00:00:00Z,72.17708333333333
2005-05-31T00:00:00Z,73.25
2005-06-01T00:00:00Z,81.27827380952381
2005-06-02T00:00:00Z,91.60863095238095
2005-06-03T00:00:00Z,89.24702380952381
2005-06-04T00:00:00Z,82.23363095238095
2005-06-05T00:00:00Z,76.67113095238095
2005-06-06T00:00:00Z,76.90029761904762
2005-06-07T00:00:00Z,79.31696428571429
2005-06-08T00:00:00Z,80.49702380952381
2005-06-09T00:00:00Z,82.40922619047619
2005-06-10T00:00:00Z,77.79166666666667
2005-06-11T00:00:00Z,73.73660714285714
2005-06-12T00:00:00Z,77.76636904761905
2005-06-13T00:00:00Z,77.47619047619048
2005-06-14T00:00:00Z,72.22470238095238
2005-06-15T00:00:00Z,65.25892857142857
2005-06-16T00:00:00Z,59.16517857142857
2005-06-17T00:00:00Z,57.751488095238095
2005-06-18T00:00:00Z,63.257440476190474
2005-06-19T00:00:00Z,68.62946428571429
2005-06-20T00:00:00Z,71.87202380952381
2005-06-21T00:00:00Z,69.53869047619048
2005-06-22T00:00:00Z,65.95238095238095
2005-06-23T00:00:00Z,65.56994047619048
2005-06-24T00:00:00Z,66.56101190476191
2005-06-25T00:00:00Z,72.53869047619048
2005-06-26T00:00:00Z,81.125
2005-06-27T00:00:00Z,79.08779761904762
2005-06-28T00:00:00Z,86.84672619047619
2005-06-29T00:00:00Z,85.65625
2005-06-30T00:00:00Z,77.01785714285714
2005-07-01T00:00:00Z,74.15178571428571
2005-07-02T00:00:00Z,75.77827380952381
2005-07-03T00:00:00Z,79.375
2005-07-04T00:00:00Z,77.86904761904762
2005-07-05T00:00:00Z,77.50595238095238
2005-07-06T00:00:00Z,73.27827380952381
2005-07-07T00:00:00Z,77.28422619047619
2005-07-08T00:00:00Z,71.06696428571429
2005-07-09T00:00:00Z,69.02827380952381
2005-07-10T00:00:00Z,73.59226190476191
2005-07-11T00:00:00Z,80.45238095238095
2005-07-12T00:00:00Z,77.7514880952381
2005-07-13T00:00:00Z,80.84821428571429
2005-07-14T00:00:00Z,82.97916666666667
2005-07-15T00:00:00Z,78.70535714285714
2005-07-16T00:00:00Z,76.53720238095238
2005-07-17T00:00:00Z,75.62797619047619
2005-07-18T00:00:00Z,76.85416666666667
2005-07-19T00:00:00Z,75.83928571428571
2005-07-20T00:00:00Z,75.43154761904762
2005-07-21T00:00:00Z,75.90178571428571
2005-07-22T00:00:00Z,77.51934523809524
2005-07-23T00:00:00Z,73.52380952380952
2005-07-24T00:00:00Z,68.67857142857143
2005-07-25T00:00:00Z,69.53125
2005-07-26T00:00:00Z,66.92708333333333
2005-07-27T00:00:00Z,67.79761904761905
2005-07-28T00:00:00Z,73.55357142857143
2005-07-29T00:00:00Z,85.63541666666667
2005-07-30T00:00:00Z,84.97619047619048
2005-07-31T00:00:00Z,87.9375
2005-08-01T00:00:00Z,78.6889880952381
2005-08-02T00:00:00Z,72.97470238095238
2005-08-03T00:00:00Z,71.73363095238095
2005-08-04T00:00:00Z,71.60416666666667
2005-08-05T00:00:00Z,72.90922619047619
2005-08-06T00:00:00Z,75.45535714285714
2005-08-07T00:00:00Z,76.34970238095238
2005-08-08T00:00:00Z,79.51190476190476
2005-08-09T00:00:00Z,84.98511904761905
2005-08-10T00:00:00Z,82.01339285714286
2005-08-11T00:00:00Z,75.61755952380952
2005-08-12T00:00:00Z,75.35714285714286
2005-08-13T00:00:00Z,77.20089285714286
2005-08-14T00:00:00Z,77.74255952380952
2005-08-15T00:00:00Z,74.54464285714286
2005-08-16T00:00:00Z,75.28869047619048
2005-08-17T00:00:00Z,80.11309523809524
2005-08-18T00:00:00Z,80.55952380952381
2005-08-19T00:00:00Z,79.42410714285714
2005-08-20T00:00:00Z,76.23214285714286
2005-08-21T00:00:00Z,71.99107142857143
2005-08-22T00:00:00Z,68.30505952380952
2005-08-23T00:00:00Z,81.8110119047619
2005-08-24T00:00:00Z,78.51041666666667
2005-08-25T00:00:00Z,68.67410714285714
2005-08-26T00:00:00Z,69.76785714285714
2005-08-27T00:00:00Z,75.98958333333333
2005-08-28T00:00:00Z,77.57738095238095
2005-08-29T00:00:00Z,79.33035714285714
2005-08-30T00:00:00Z,80.15327380952381
2005-08-31T00:00:00Z,68.85714285714286
2005-09-01T00:00:00Z,66.18898809523809
2005-09-02T00:00:00Z,67.22619047619048
2005-09-03T00:00:00Z,58.892857142857146
2005-09-04T00:00:00Z,61.410714285714285
2005-09-05T00:00:00Z,61.441964285714285
2005-09-06T00:00:00Z,65.23363095238095
2005-09-07T00:00:00Z,69.35119047619048
2005-09-08T00:00:00Z,68.82589285714286
2005-09-09T00:00:00Z,65.34970238095238
2005-09-10T00:00:00Z,62.639880952380956
2005-09-11T00:00:00Z,61.61309523809524
2005-09-12T00:00:00Z,68.60714285714286
2005-09-13T00:00:00Z,75.24404761904762
2005-09-14T00:00:00Z,79.91517857142857
2005-09-15T00:00:00Z,74.11755952380952
2005-09-16T00:00:00Z,76.47916666666667
2005-09-17T00:00:00Z,71.84821428571429
2005-09-18T00:00:00Z,70.82440476190476
2005-09-19T00:00:00Z,73.82886904761905
2005-09-20T00:00:00Z,75.73214285714286
2005-09-21T00:00:00Z,76.02827380952381
2005-09-22T00:00:00Z,75.9672619047619
2005-09-23T00:00:00Z,72.19196428571429
2005-09-24T00:00:00Z,77.01488095238095
2005-09-25T00:00:00Z,77
2005-09-26T00:00:00Z,79.20089285714286
2005-09-27T00:00:00Z,72.94642857142857
2005-09-28T00:00:00Z,70.46428571428571
2005-09-29T00:00:00Z,72.875
2005-09-30T00:00:00Z,60.132440476190474
2005-10-01T00:00:00Z,69.60416666666667
2005-10-02T00:00:00Z,72.03273809523809
2005-10-03T00:00:00Z,75.17559523809524
2005-10-04T00:00:00Z,77.35863095238095
2005-10-05T00:00:00Z,82.43452380952381
2005-10-06T00:00:00Z,87.1547619047619
2005-10-07T00:00:00Z,91.38690476190476
2005-10-08T00:00:00Z,85.97916666666667
2005-10-09T00:00:00Z,86.42708333333333
2005-10-10T00:00:00Z,90.68452380952381
2005-10-11T00:00:00Z,88.36309523809524
2005-10-12T00:00:00Z,84.54017857142857
2005-10-13T00:00:00Z,78.38392857142857
2005-10-14T00:00:00Z,77.16071428571429
2005-10-15T00:00:00Z,64.17113095238095
2005-10-16T00:00:00Z,52.76934523809524
2005-10-17T00:00:00Z,61.92113095238095
2005-10-18T00:00:00Z,65.00446428571429
2005-10-19T00:00:00Z,70.41964285714286
2005-10-20T00:00:00Z,72.27827380952381
2005-10-21T00:00:00Z,81.44642857142857
2005-10-22T00:00:00Z,77.20089285714286
2005-10-23T00:00:00Z,63.16220238095238
2005-10-24T00:00:00Z,77.47619047619048
2005-10-25T00:00:00Z,61.577380952380956
2005-10-26T00:00:00Z,61.47470238095238
2005-10-27T00:00:00Z,67.59821428571429
2005-10-28T00:00:00Z,70.60714285714286
2005-10-29T00:00:00Z,65.11755952380952
2005-10-30T00:00:00Z,63.015625
2005-10-31T00:00:00Z,63.114583333333336
2005-11-01T00:00:00Z,73.24553571428571
2005-11-02T00:00:00Z,61.979166666666664
2005-11-03T00:00:00Z,65.01636904761905
2005-11-04T00:00:00Z,67.03720238095238
2005-11-05T00:00:00Z,72.40625
2005-11-06T00:00:00Z,74.73958333333333
2005-11-07T00:00:00Z,66.40327380952381
2005-11-08T00:00:00Z,70.85267857142857
2005-11-09T00:00:00Z,67.23660714285714
2005-11-10T00:00:00Z,47.71875
2005-11-11T00:00:00Z,53.04613095238095
2005-11-12T00:00:00Z,57.242559523809526
2005-11-13T00:00:00Z,71.38244047619048
2005-11-14T00:00:00Z,75.08779761904762
2005-11-15T00:00:00Z,84.08184523809524
2005-11-16T00:00:00Z,77.82738095238095
2005-11-17T00:00:00Z,54.282738095238095
2005-11-18T00:00:00Z,53.73809523809524
2005-11-19T00:00:00Z,59.791666666666664
2005-11-20T00:00:00Z,71.49851190476191
2005-11-21T00:00:00Z,91.75446428571429
2005-11-22T00:00:00Z,65.91220238095238
2005-11-23T00:00:00Z,52.22767857142857
2005-11-24T00:00:00Z,51.041666666666664
2005-11-25T00:00:00Z,48.63988095238095
2005-11-26T00:00:00Z,65.52380952380952
2005-11-27T00:00:00Z,81.67708333333333
2005-11-28T00:00:00Z,83.96130952380952
2005-11-29T00:00:00Z,80.29166666666667
2005-11-30T00:00:00Z,71.35119047619048
2005-12-01T00:00:00Z,70.89583333333333
2005-12-02T00:00:00Z,47.632440476190474
2005-12-03T00:00:00Z,58.979166666666664
2005-12-04T00:00:00Z,76.34077380952381
2005-12-05T00:00:00Z,89.76785714285714
2005-12-06T00:00:00Z,74.56696428571428
2005-12-07T00:00:00Z,68.49553571428572
2005-12-08T00:00:00Z,66.14434523809524
2005-12-09T00:00:00Z,72.35119047619048
2005-12-10T00:00:00Z,71.8139880952381
2005-12-11T00:00:00Z,61.447916666666664
2005-12-12T00:00:00Z,63.671130952380956
2005-12-13T00:00:00Z,57.526785714285715
2005-12-14T00:00:00Z,59.53720238095238
2005-12-15T00:00:00Z,83.80505952380952
2005-12-16T00:00:00Z,75.11755952380952
2005-12-17T00:00:00Z,70.32440476190476
2005-12-18T00:00:00Z,79.625
2005-12-19T00:00:00Z,68.48511904761905
2005-12-20T00:00:00Z,55.20386904761905
2005-12-21T00:00:00Z,52.575892857142854
2005-12-22T00:00:00Z,58.97172619047619
2005-12-23T00:00:00Z,55.47470238095238
2005-12-24T00:00:00Z,53.842261904761905
2005-12-25T00:00:00Z,83.24255952380952
2005-12-26T00:00:00Z,63.504464285714285
2005-12-27T00:00:00Z,62.398809523809526
2005-12-28T00:00:00Z,74.82589285714286
2005-12-29T00:00:00Z,77.11607142857143
2005-12-30T00:00:00Z,70.95833333333333
2005-12-31T00:00:00Z,71.89434523809524
2006-01-01T00:00:00Z,61.39434523809524
2006-01-02T00:00:00Z,86.07291666666667
2006-01-03T00:00:00Z,84.94642857142857
2006-01-04T00:00:00Z,81.94642857142857
2006-01-05T00:00:00Z,73.59821428571428
2006-01-06T00:00:00Z,65.38244047619048
2006-01-07T00:00:00Z,60.39732142857143
2006-01-08T00:00:00Z,56.94345238095238
2006-01-09T00:00:00Z,70.75297619047619
2006-01-10T00:00:00Z,80.95535714285714
2006-01-11T00:00:00Z,85.39732142857143
2006-01-12T00:00:00Z,83.25744047619048
2006-01-13T00:00:00Z,86.6860119047619
2006-01-14T00:00:00Z,61.625
2006-01-15T00:00:00Z,39.34672619047619
2006-01-16T00:00:00Z,56.63095238095238
2006-01-17T00:00:00Z,76.40178571428571
2006-01-18T00:00:00Z,58.42559523809524
2006-01-19T00:00:00Z,55.526785714285715
2006-01-20T00:00:00Z,62.876488095238095
2006-01-21T00:00:00Z,85.6264880952381
2006-01-22T00:00:00Z,74.87797619047619
2006-01-23T00:00:00Z,93.99553571428572
2006-01-24T00:00:00Z,78.91964285714286
2006-01-25T00:00:00Z,42.654761904761905
2006-01-26T00:00:00Z,45.220238095238095
2006-01-27T00:00:00Z,50.20982142857143
2006-01-28T00:00:00Z,53.144345238095234
2006-01-29T00:00:00Z,80.53125
2006-01-30T00:00:00Z,79.90178571428571
2006-01-31T00:00:00Z,64.73660714285714
2006-02-01T00:00:00Z,66.8139880952381
2006-02-02T00:00:00Z,74.46428571428571
2006-02-03T00:00:00Z,80.98363095238095
2006-02-04T00:00:00Z,78.67559523809524
2006-02-05T00:00:00Z,51.180059523809526
2006-02-06T00:00:00Z,53.22172619047619
2006-02-07T00:00:00Z,53.430059523809526
2006-02-08T00:00:00Z,51.739583333333336
2006-02-09T00:00:00Z,54.870535714285715
2006-02-10T00:00:00Z,54.66815476190476
2006-02-11T00:00:00Z,86.80208333333333
2006-02-12T00:00:00Z,65.22470238095238
2006-02-13T00:00:00Z,55.129464285714285
2006-02-14T00:00:00Z,51.17857142857143
2006-02-15T00:00:00Z,52.191964285714285
2006-02-16T00:00:00Z,61.40922619047619
2006-02-17T00:00:00Z,61.99702380952381
2006-02-18T00:00:00Z,63.748511904761905
2006-02-19T00:00:00Z,51.63095238095238
2006-02-20T00:00:00Z,69.62351190476191
2006-02-21T00:00:00Z,71.43154761904762
2006-02-22T00:00:00Z,85.91220238095238
2006-02-23T00:00:00Z,72.68303571428571
2006-02-24T00:00:00Z,43.276785714285715
2006-02-25T00:00:00Z,65.84672619047619
2006-02-26T00:00:00Z,38.620535714285715
2006-02-27T00:00:00Z,37.69345238095238
2006-02-28T00:00:00Z,45.02827380952381
2006-03-01T00:00:00Z,57.142857142857146
2006-03-02T00:00:00Z,58.363095238095234
2006-03-03T00:00:00Z,49.43452380952381
2006-03-04T00:00:00Z,39.354166666666664
2006-03-05T00:00:00Z,39.53422619047619
2006-03-06T00:00:00Z,70.86309523809524
2006-03-07T00:00:00Z,56.90922619047619
2006-03-08T00:00:00Z,52.892857142857146
2006-03-09T00:00:00Z,56.757440476190474
2006-03-10T00:00:00Z,65.75892857142857
2006-03-11T00:00:00Z,74.39732142857143
2006-03-12T00:00:00Z,73.42113095238095
2006-03-13T00:00:00Z,70.21130952380952
2006-03-14T00:00:00Z,46.70982142857143
2006-03-15T00:00:00Z,29.425595238095237
2006-03-16T00:00:00Z,45.461309523809526
2006-03-17T00:00:00Z,51.388392857142854
2006-03-18T00:00:00Z,41.092261904761905
2006-03-19T00:00:00Z,33.563988095238095
2006-03-20T00:00:00Z,58.558035714285715
2006-03-21T00:00:00Z,91.55505952380952
2006-03-22T00:00:00Z,57.75595238095238
2006-03-23T00:00:00Z,55.46279761904762
2006-03-24T00:00:00Z,74.36160714285714
2006-03-25T00:00:00Z,69.97916666666667
2006-03-26T00:00:00Z,59.669642857142854
2006-03-27T00:00:00Z,56.717261904761905
2006-03-28T00:00:00Z,63.947916666666664
2006-03-29T00:00:00Z,66.99255952380952
2006-03-30T00:00:00Z,63.63095238095238
2006-03-31T00:00:00Z,67.39583333333333
2006-04-01T00:00:00Z,67.68452380952381
2006-04-02T00:00:00Z,NA
2006-04-03T00:00:00Z,72.63988095238095
2006-04-04T00:00:00Z,45.01190476190476
2006-04-05T00:00:00Z,38.52529761904762
2006-04-06T00:00:00Z,46.404761904761905
2006-04-07T00:00:00Z,44.20535714285714
2006-04-08T00:00:00Z,69.78422619047619
2006-04-09T00:00:00Z,54.28720238095238
2006-04-10T00:00:00Z,53.851190476190474
2006-04-11T00:00:00Z,52.94047619047619
2006-04-12T00:00:00Z,61.489583333333336
2006-04-13T00:00:00Z,62.875
2006-04-14T00:00:00Z,59.151785714285715
2006-04-15T00:00:00Z,49.98809523809524
2006-04-16T00:00:00Z,51.555059523809526
2006-04-17T00:00:00Z,70.54613095238095
2006-04-18T00:00:00Z,63.40625
2006-04-19T00:00:00Z,72.35565476190476
2006-04-20T00:00:00Z,66.12053571428571
2006-04-21T00:00:00Z,68.73363095238095
2006-04-22T00:00:00Z,85.54166666666667
2006-04-23T00:00:00Z,71.15029761904762
2006-04-24T00:00:00Z,63.410714285714285
2006-04-25T00:00:00Z,68.04613095238095
2006-04-26T00:00:00Z,85.29464285714286
2006-04-27T00:00:00Z,84.14732142857143
2006-04-28T00:00:00Z,63.04315476190476
2006-04-29T00:00:00Z,54.60267857142857
2006-04-30T00:00:00Z,51.64732142857143
2006-05-01T00:00:00Z,52.629464285714285
2006-05-02T00:00:00Z,62.18452380952381
2006-05-03T00:00:00Z,58.62202380952381
2006-05-04T00:00:00Z,59.944940476190474
2006-05-05T00:00:00Z,77.58630952380952
2006-05-06T00:00:00Z,71.0610119047619
2006-05-07T00:00:00Z,79.85565476190476
2006-05-08T00:00:00Z,87.53125
2006-05-09T00:00:00Z,77.23214285714286
2006-05-10T00:00:00Z,77.17261904761905
2006-05-11T00:00:00Z,75.60863095238095
2006-05-12T00:00:00Z,61.35267857142857
2006-05-13T00:00:00Z,60.266369047619044
2006-05-14T00:00:00Z,75.12797619047619
2006-05-15T00:00:00Z,73.75892857142857
2006-05-16T00:00:00Z,67.10714285714286
2006-05-17T00:00:00Z,66.91071428571428
2006-05-18T00:00:00Z,70.05059523809524
2006-05-19T00:00:00Z,56.80357142857143
2006-05-20T00:00:00Z,71.21428571428571
2006-05-21T00:00:00Z,63.639880952380956
2006-05-22T00:00:00Z,61.65922619047619
2006-05-23T00:00:00Z,57.59375
2006-05-24T00:00:00Z,59.808035714285715
2006-05-25T00:00:00Z,70.87946428571429
2006-05-26T00:00:00Z,70.22916666666667
2006-05-27T00:00:00Z,68.50446428571429
2006-05-28T00:00:00Z,68.36011904761905
2006-05-29T00:00:00Z,70.07738095238095
2006-05-30T00:00:00Z,68.33333333333333
2006-05-31T00:00:00Z,73.85565476190476
2006-06-01T00:00:00Z,73.70982142857143
2006-06-02T00:00:00Z,77.54761904761905
2006-06-03T00:00:00Z,76.7485119047619
2006-06-04T00:00:00Z,67.78720238095238
2006-06-05T00:00:00Z,72.23958333333333
2006-06-06T00:00:00Z,71.68452380952381
2006-06-07T00:00:00Z,63.32738095238095
2006-06-08T00:00:00Z,70.62648809523809
2006-06-09T00:00:00Z,65.83482142857143
2006-06-10T00:00:00Z,59.22767857142857
2006-06-11T00:00:00Z,72.5
2006-06-12T00:00:00Z,81.125
2006-06-13T00:00:00Z,79.61607142857143
2006-06-14T00:00:00Z,83.67410714285714
2006-06-15T00:00:00Z,66.51041666666667
2006-06-16T00:00:00Z,64.04315476190476
2006-06-17T00:00:00Z,64.00744047619048
2006-06-18T00:00:00Z,65.30208333333333
2006-06-19T00:00:00Z,66.41964285714286
2006-06-20T00:00:00Z,66.01190476190476
2006-06-21T00:00:00Z,70.96577380952381
2006-06-22T00:00:00Z,72.41517857142857
2006-06-23T00:00:00Z,78.08184523809524
2006-06-24T00:00:00Z,79.00297619047619
2006-06-25T00:00:00Z,84.12797619047619
2006-06-26T00:00:00Z,86.68303571428571
2006-06-27T00:00:00Z,85.58035714285714
2006-06-28T00:00:00Z,75.25148809523809
2006-06-29T00:00:00Z,70.05505952380952
2006-06-30T00:00:00Z,67.70238095238095
2006-07-01T00:00:00Z,68.60714285714286
2006-07-02T00:00:00Z,67.89732142857143
2006-07-03T00:00:00Z,67.54166666666667
2006-07-04T00:00:00Z,71.41517857142857
2006-07-05T00:00:00Z,74.88839285714286
2006-07-06T00:00:00Z,82.75
2006-07-07T00:00:00Z,69.58035714285714
2006-07-08T00:00:00Z,67.83779761904762
2006-07-09T00:00:00Z,70.34077380952381
2006-07-10T00:00:00Z,70.19940476190476
2006-07-11T00:00:00Z,71.93452380952381
2006-07-12T00:00:00Z,73.64880952380952
2006-07-13T00:00:00Z,74.6889880952381
2006-07-14T00:00:00Z,77.19494047619048
2006-07-15T00:00:00Z,76.15178571428571
2006-07-16T00:00:00Z,68.76785714285714
2006-07-17T00:00:00Z,66.82886904761905
2006-07-18T00:00:00Z,67.1235119047619
2006-07-19T00:00:00Z,69.86904761904762
2006-07-20T00:00:00Z,75.54017857142857
2006-07-21T00:00:00Z,73.47619047619048
2006-07-22T00:00:00Z,73.91964285714286
2006-07-23T00:00:00Z,80.5922619047619
2006-07-24T00:00:00Z,78.3452380952381
2006-07-25T00:00:00Z,83.4985119047619
2006-07-26T00:00:00Z,77.92410714285714
2006-07-27T00:00:00Z,76.07142857142857
2006-07-28T00:00:00Z,71.72619047619048
2006-07-29T00:00:00Z,75.02827380952381
2006-07-30T00:00:00Z,73.94940476190476
2006-07-31T00:00:00Z,71.07291666666667
2006-08-01T00:00:00Z,70.50446428571429
2006-08-02T00:00:00Z,71.19047619047619
2006-08-03T00:00:00Z,71.67410714285714
2006-08-04T00:00:00Z,69.21428571428571
2006-08-05T00:00:00Z,73.52678571428571
2006-08-06T00:00:00Z,72.32886904761905
2006-08-07T00:00:00Z,76.63095238095238
2006-08-08T00:00:00Z,75.03422619047619
2006-08-09T00:00:00Z,75.5014880952381
2006-08-10T00:00:00Z,76.82886904761905
2006-08-11T00:00:00Z,81.19345238095238
2006-08-12T00:00:00Z,75.66071428571429
2006-08-13T00:00:00Z,68.51041666666667
2006-08-14T00:00:00Z,70.73660714285714
2006-08-15T00:00:00Z,73.56547619047619
2006-08-16T00:00:00Z,77.10863095238095
2006-08-17T00:00:00Z,73.63690476190476
2006-08-18T00:00:00Z,76.60565476190476
2006-08-19T00:00:00Z,76.33928571428571
2006-08-20T00:00:00Z,76.30357142857143
2006-08-21T00:00:00Z,76.98660714285714
2006-08-22T00:00:00Z,83.2514880952381
2006-08-23T00:00:00Z,77.8139880952381
2006-08-24T00:00:00Z,74.88690476190476
2006-08-25T00:00:00Z,71.75744047619048
2006-08-26T00:00:00Z,68.82142857142857
2006-08-27T00:00:00Z,72.87202380952381
2006-08-28T00:00:00Z,71.75892857142857
2006-08-29T00:00:00Z,72.61904761904762
2006-08-30T00:00:00Z,82.34970238095238
2006-08-31T00:00:00Z,90.17708333333333
2006-09-01T00:00:00Z,81.6860119047619
2006-09-02T00:00:00Z,75.66220238095238
2006-09-03T00:00:00Z,78.67261904761905
2006-09-04T00:00:00Z,84.07589285714286
2006-09-05T00:00:00Z,86.19345238095238
2006-09-06T00:00:00Z,81.54761904761905
2006-09-07T00:00:00Z,79.73214285714286
2006-09-08T00:00:00Z,76.66369047619048
2006-09-09T00:00:00Z,76.69196428571429
2006-09-10T00:00:00Z,75.30952380952381
2006-09-11T00:00:00Z,75.11309523809524
2006-09-12T00:00:00Z,72.45089285714286
2006-09-13T00:00:00Z,85.76041666666667
2006-09-14T00:00:00Z,84.38244047619048
2006-09-15T00:00:00Z,75.41964285714286
2006-09-16T00:00:00Z,76.38541666666667
2006-09-17T00:00:00Z,75.85714285714286
2006-09-18T00:00:00Z,74.41071428571429
2006-09-19T00:00:00Z,77.83482142857143
2006-09-20T00:00:00Z,62.07440476190476
2006-09-21T00:00:00Z,65.18303571428571
2006-09-22T00:00:00Z,72.7827380952381
2006-09-23T00:00:00Z,75.59375
2006-09-24T00:00:00Z,76.60416666666667
2006-09-25T00:00:00Z,74.13392857142857
2006-09-26T00:00:00Z,68.47916666666667
2006-09-27T00:00:00Z,72.52827380952381
2006-09-28T00:00:00Z,73.82291666666667
2006-09-29T00:00:00Z,68.6875
2006-09-30T00:00:00Z,70.41815476190476
2006-10-01T00:00:00Z,69.51636904761905
2006-10-02T00:00:00Z,68.39434523809524
2006-10-03T00:00:00Z,70.70684523809524
2006-10-04T00:00:00Z,71.25595238095238
2006-10-05T00:00:00Z,72.72172619047619
2006-10-06T00:00:00Z,80.97767857142857
2006-10-07T00:00:00Z,81.90327380952381
2006-10-08T00:00:00Z,85.19196428571429
2006-10-09T00:00:00Z,79.11011904761905
2006-10-10T00:00:00Z,71.70386904761905
2006-10-11T00:00:00Z,80.7827380952381
2006-10-12T00:00:00Z,68.17559523809524
2006-10-13T00:00:00Z,58.09970238095238
2006-10-14T00:00:00Z,55.680059523809526
2006-10-15T00:00:00Z,57.76190476190476
2006-10-16T00:00:00Z,65.30505952380952
2006-10-17T00:00:00Z,87.74404761904762
2006-10-18T00:00:00Z,85.26785714285714
2006-10-19T00:00:00Z,87.70238095238095
2006-10-20T00:00:00Z,68.85565476190476
2006-10-21T00:00:00Z,67.37797619047619
2006-10-22T00:00:00Z,83.3125
2006-10-23T00:00:00Z,56.25297619047619
2006-10-24T00:00:00Z,53.254464285714285
2006-10-25T00:00:00Z,59.055059523809526
2006-10-26T00:00:00Z,63.33779761904762
2006-10-27T00:00:00Z,83.875
2006-10-28T00:00:00Z,62.668154761904766
2006-10-29T00:00:00Z,51.714285714285715
2006-10-30T00:00:00Z,63.663690476190474
2006-10-31T00:00:00Z,68.04613095238095
2006-11-01T00:00:00Z,69.8452380952381
2006-11-02T00:00:00Z,64.01190476190476
2006-11-03T00:00:00Z,45.74702380952381
2006-11-04T00:00:00Z,56.370535714285715
2006-11-05T00:00:00Z,61.610119047619044
2006-11-06T00:00:00Z,65.31547619047619
2006-11-07T00:00:00Z,87.25297619047619
2006-11-08T00:00:00Z,83.42261904761905
2006-11-09T00:00:00Z,68.66666666666667
2006-11-10T00:00:00Z,64.21875
2006-11-11T00:00:00Z,71.26934523809524
2006-11-12T00:00:00Z,68.9047619047619
2006-11-13T00:00:00Z,70.99255952380952
2006-11-14T00:00:00Z,68.24702380952381
2006-11-15T00:00:00Z,75.11607142857143
2006-11-16T00:00:00Z,75.87946428571429
2006-11-17T00:00:00Z,66.03869047619048
2006-11-18T00:00:00Z,67.06845238095238
2006-11-19T00:00:00Z,69.59821428571429
2006-11-20T00:00:00Z,64.18898809523809
2006-11-21T00:00:00Z,71.57886904761905
2006-11-22T00:00:00Z,82.40922619047619
2006-11-23T00:00:00Z,76.64434523809524
2006-11-24T00:00:00Z,62.623511904761905
2006-11-25T00:00:00Z,61.751488095238095
2006-11-26T00:00:00Z,70.01636904761905
2006-11-27T00:00:00Z,72.9672619047619
2006-11-28T00:00:00Z,76.68303571428571
2006-11-29T00:00:00Z,81.17857142857143
2006-11-30T00:00:00Z,81.28720238095238
2006-12-01T00:00:00Z,72.89136904761905
2006-12-02T00:00:00Z,51.73809523809524
2006-12-03T00:00:00Z,66.28125
2006-12-04T00:00:00Z,51.43452380952381
2006-12-05T00:00:00Z,53.14136904761905
2006-12-06T00:00:00Z,62.98511904761905
2006-12-07T00:00:00Z,50.48214285714286
2006-12-08T00:00:00Z,39.36607142857143
2006-12-09T00:00:00Z,49.21577380952381
2006-12-10T00:00:00Z,46.81547619047619
2006-12-11T00:00:00Z,50.10565476190476
2006-12-12T00:00:00Z,57.785714285714285
2006-12-13T00:00:00Z,76.65625
2006-12-14T00:00:00Z,81.08630952380952
2006-12-15T00:00:00Z,73.02827380952381
2006-12-16T00:00:00Z,61.77827380952381
2006-12-17T00:00:00Z,67.39732142857143
2006-12-18T00:00:00Z,68.99851190476191
2006-12-19T00:00:00Z,69.66666666666667
2006-12-20T00:00:00Z,61.183035714285715
2006-12-21T00:00:00Z,73.73511904761905
2006-12-22T00:00:00Z,85.50595238095238
2006-12-23T00:00:00Z,81.11011904761905
2006-12-24T00:00:00Z,66.08779761904762
2006-12-25T00:00:00Z,86.04166666666667
2006-12-26T00:00:00Z,70.20833333333333
2006-12-27T00:00:00Z,59.44940476190476
2006-12-28T00:00:00Z,67.32589285714286
2006-12-29T00:00:00Z,70.18303571428571
2006-12-30T00:00:00Z,73.23065476190476
2006-12-31T00:00:00Z,77.65029761904762
2007-01-01T00:00:00Z,78.66369047619048
2007-01-02T00:00:00Z,61.586309523809526
2007-01-03T00:00:00Z,74.27232142857143
2007-01-04T00:00:00Z,78.92559523809524
2007-01-05T00:00:00Z,88.83333333333333
2007-01-06T00:00:00Z,75.4985119047619
2007-01-07T00:00:00Z,84.98809523809524
2007-01-08T00:00:00Z,63.657738095238095
2007-01-09T00:00:00Z,52.98065476190476
2007-01-10T00:00:00Z,47.64136904761905
2007-01-11T00:00:00Z,59.642857142857146
2007-01-12T00:00:00Z,72.19642857142857
2007-01-13T00:00:00Z,76.69940476190476
2007-01-14T00:00:00Z,75.39136904761905
2007-01-15T00:00:00Z,75.83630952380952
2007-01-16T00:00:00Z,66.73511904761905
2007-01-17T00:00:00Z,48.01934523809524
2007-01-18T00:00:00Z,84.29613095238095
2007-01-19T00:00:00Z,67.57738095238095
2007-01-20T00:00:00Z,45.34672619047619
2007-01-21T00:00:00Z,70.45089285714286
2007-01-22T00:00:00Z,90.4047619047619
2007-01-23T00:00:00Z,73.85565476190476
2007-01-24T00:00:00Z,68.48363095238095
2007-01-25T00:00:00Z,55.90625
2007-01-26T00:00:00Z,41.78422619047619
2007-01-27T00:00:00Z,40.267857142857146
2007-01-28T00:00:00Z,56.717261904761905
2007-01-29T00:00:00Z,40.71875
2007-01-30T00:00:00Z,45.458333333333336
2007-01-31T00:00:00Z,41.40029761904762
2007-02-01T00:00:00Z,79.00446428571429
2007-02-02T00:00:00Z,87.69494047619048
2007-02-03T00:00:00Z,49.388392857142854
2007-02-04T00:00:00Z,41.788690476190474
2007-02-05T00:00:00Z,33.75297619047619
2007-02-06T00:00:00Z,37.964285714285715
2007-02-07T00:00:00Z,49.3125
2007-02-08T00:00:00Z,41.65327380952381
2007-02-09T00:00:00Z,35.691964285714285
2007-02-10T00:00:00Z,34.56845238095238
2007-02-11T00:00:00Z,42
2007-02-12T00:00:00Z,58.45089285714286
2007-02-13T00:00:00Z,80.90625
2007-02-14T00:00:00Z,72.36160714285714
2007-02-15T00:00:00Z,45.955357142857146
2007-02-16T00:00:00Z,41.08779761904762
2007-02-17T00:00:00Z,52.42559523809524
2007-02-18T00:00:00Z,45.00892857142857
2007-02-19T00:00:00Z,42.882440476190474
2007-02-20T00:00:00Z,59.066964285714285
2007-02-21T00:00:00Z,75.41071428571429
2007-02-22T00:00:00Z,52.885416666666664
2007-02-23T00:00:00Z,30.241071428571427
2007-02-24T00:00:00Z,37.86309523809524
2007-02-25T00:00:00Z,73.76041666666667
2007-02-26T00:00:00Z,73.57886904761905
2007-02-27T00:00:00Z,60.83184523809524
2007-02-28T00:00:00Z,55.770833333333336
2007-03-01T00:00:00Z,76.0610119047619
2007-03-02T00:00:00Z,51.90029761904762
2007-03-03T00:00:00Z,37.76190476190476
2007-03-04T00:00:00Z,43.455357142857146
2007-03-05T00:00:00Z,39.038690476190474
2007-03-06T00:00:00Z,41.208333333333336
2007-03-07T00:00:00Z,53.73809523809524
2007-03-08T00:00:00Z,57.129464285714285
2007-03-09T00:00:00Z,61.58482142857143
2007-03-10T00:00:00Z,66.98214285714286
2007-03-11T00:00:00Z,NA
2007-03-12T00:00:00Z,54.220238095238095
2007-03-13T00:00:00Z,59.333333333333336
2007-03-14T00:00:00Z,58.21875
2007-03-15T00:00:00Z,64.13244047619048
2007-03-16T00:00:00Z,85.95386904761905
2007-03-17T00:00:00Z,53.921130952380956
2007-03-18T00:00:00Z,44.37797619047619
2007-03-19T00:00:00Z,51.513392857142854
2007-03-20T00:00:00Z,56.223214285714285
2007-03-21T00:00:00Z,66.02976190476191
2007-03-22T00:00:00Z,67.29017857142857
2007-03-23T00:00:00Z,63.354166666666664
2007-03-24T00:00:00Z,61.944940476190474
2007-03-25T00:00:00Z,60.05357142857143
2007-03-26T00:00:00Z,65.4985119047619
2007-03-27T00:00:00Z,65.93452380952381
2007-03-28T00:00:00Z,64.4672619047619
2007-03-29T00:00:00Z,71.00595238095238
2007-03-30T00:00:00Z,56.404761904761905
2007-03-31T00:00:00Z,63.072916666666664
2007-04-01T00:00:00Z,74.54910714285714
2007-04-02T00:00:00Z,66.19494047619048
2007-04-03T00:00:00Z,59.44940476190476
2007-04-04T00:00:00Z,56.351190476190474
2007-04-05T00:00:00Z,37.492559523809526
2007-04-06T00:00:00Z,45.36904761904762
2007-04-07T00:00:00Z,47.047619047619044
2007-04-08T00:00:00Z,41.489583333333336
2007-04-09T00:00:00Z,46.879464285714285
2007-04-10T00:00:00Z,50.697916666666664
2007-04-11T00:00:00Z,76.5014880952381
2007-04-12T00:00:00Z,57.84672619047619
2007-04-13T00:00:00Z,42.55059523809524
2007-04-14T00:00:00Z,57.535714285714285
2007-04-15T00:00:00Z,79.50744047619048
2007-04-16T00:00:00Z,40.04315476190476
2007-04-17T00:00:00Z,35.645833333333336
2007-04-18T00:00:00Z,54.941964285714285
2007-04-19T00:00:00Z,69.88244047619048
2007-04-20T00:00:00Z,62.504464285714285
2007-04-21T00:00:00Z,52.933035714285715
2007-04-22T00:00:00Z,48.273809523809526
2007-04-23T00:00:00Z,48.870535714285715
2007-04-24T00:00:00Z,59.87797619047619
2007-04-25T00:00:00Z,58.808035714285715
2007-04-26T00:00:00Z,67.35565476190476
2007-04-27T00:00:00Z,69.2485119047619
2007-04-28T00:00:00Z,56.029761904761905
2007-04-29T00:00:00Z,49.12202380952381
2007-04-30T00:00:00Z,46.34672619047619
2007-05-01T00:00:00Z,45.79017857142857
2007-05-02T00:00:00Z,55.35565476190476
2007-05-03T00:00:00Z,74.60565476190476
2007-05-04T00:00:00Z,80.86904761904762
2007-05-05T00:00:00Z,80.34375
2007-05-06T00:00:00Z,59.992559523809526
2007-05-07T00:00:00Z,48.09077380952381
2007-05-08T00:00:00Z,68.84077380952381
2007-05-09T00:00:00Z,79.33333333333333
2007-05-10T00:00:00Z,76.40029761904762
2007-05-11T00:00:00Z,71.7202380952381
2007-05-12T00:00:00Z,79.65029761904762
2007-05-13T00:00:00Z,72.16369047619048
2007-05-14T00:00:00Z,56.63690476190476
2007-05-15T00:00:00Z,59.916666666666664
2007-05-16T00:00:00Z,63.791666666666664
2007-05-17T00:00:00Z,71.50744047619048
2007-05-18T00:00:00Z,68.27678571428571
2007-05-19T00:00:00Z,57.37797619047619
2007-05-20T00:00:00Z,48.202380952380956
2007-05-21T00:00:00Z,52.43154761904762
2007-05-22T00:00:00Z,63.523809523809526
2007-05-23T00:00:00Z,64.41666666666667
2007-05-24T00:00:00Z,61.67708333333333
2007-05-25T00:00:00Z,62.91964285714286
2007-05-26T00:00:00Z,61.901785714285715
2007-05-27T00:00:00Z,59.16517857142857
2007-05-28T00:00:00Z,61.64136904761905
2007-05-29T00:00:00Z,60.370535714285715
2007-05-30T00:00:00Z,57.94345238095238
2007-05-31T00:00:00Z,60.888392857142854
2007-06-01T00:00:00Z,61.64583333333333
2007-06-02T00:00:00Z,72.05505952380952
2007-06-03T00:00:00Z,84.0014880952381
2007-06-04T00:00:00Z,65.95982142857143
2007-06-05T00:00:00Z,61.07886904761905
2007-06-06T00:00:00Z,61.452380952380956
2007-06-07T00:00:00Z,65.8735119047619
2007-06-08T00:00:00Z,70.1547619047619
2007-06-09T00:00:00Z,64.80208333333333
2007-06-10T00:00:00Z,65.07886904761905
2007-06-11T00:00:00Z,72.87202380952381
2007-06-12T00:00:00Z,72.90625
2007-06-13T00:00:00Z,75.3139880952381
2007-06-14T00:00:00Z,77.88392857142857
2007-06-15T00:00:00Z,76.17410714285714
2007-06-16T00:00:00Z,74.97767857142857
2007-06-17T00:00:00Z,66.03273809523809
2007-06-18T00:00:00Z,62.50595238095238
2007-06-19T00:00:00Z,66.81547619047619
2007-06-20T00:00:00Z,74.17708333333333
2007-06-21T00:00:00Z,57.367559523809526
2007-06-22T00:00:00Z,57.357142857142854
2007-06-23T00:00:00Z,60.751488095238095
2007-06-24T00:00:00Z,70.6547619047619
2007-06-25T00:00:00Z,74.44791666666667
2007-06-26T00:00:00Z,70.38690476190476
2007-06-27T00:00:00Z,70.77678571428572
2007-06-28T00:00:00Z,69.90029761904762
2007-06-29T00:00:00Z,73.60416666666667
2007-06-30T00:00:00Z,78.25892857142857
2007-07-01T00:00:00Z,66.89285714285714
2007-07-02T00:00:00Z,62.107142857142854
2007-07-03T00:00:00Z,62.94345238095238
2007-07-04T00:00:00Z,61.70386904761905
2007-07-05T00:00:00Z,64.29464285714286
2007-07-06T00:00:00Z,67.43303571428571
2007-07-07T00:00:00Z,72.69345238095238
2007-07-08T00:00:00Z,71.77529761904762
2007-07-09T00:00:00Z,73.42857142857143
2007-07-10T00:00:00Z,76.54613095238095
2007-07-11T00:00:00Z,72.7827380952381
2007-07-12T00:00:00Z,65.14136904761905
2007-07-13T00:00:00Z,67.30654761904762
2007-07-14T00:00:00Z,69.14732142857143
2007-07-15T00:00:00Z,73.81547619047619
2007-07-16T00:00:00Z,72.30208333333333
2007-07-17T00:00:00Z,74.14434523809524
2007-07-18T00:00:00Z,74.63244047619048
2007-07-19T00:00:00Z,67.41517857142857
2007-07-20T00:00:00Z,71.39434523809524
2007-07-21T00:00:00Z,59.625
2007-07-22T00:00:00Z,59.42857142857143
2007-07-23T00:00:00Z,61.1875
2007-07-24T00:00:00Z,68.16666666666667
2007-07-25T00:00:00Z,71.5952380952381
2007-07-26T00:00:00Z,71.54464285714286
2007-07-27T00:00:00Z,74.44791666666667
2007-07-28T00:00:00Z,78.34970238095238
2007-07-29T00:00:00Z,78.04761904761905
2007-07-30T00:00:00Z,83.86904761904762
2007-07-31T00:00:00Z,75.01488095238095
2007-08-01T00:00:00Z,69.12202380952381
2007-08-02T00:00:00Z,66.4375
2007-08-03T00:00:00Z,70.54761904761905
2007-08-04T00:00:00Z,67.3452380952381
2007-08-05T00:00:00Z,67.61755952380952
2007-08-06T00:00:00Z,70.68303571428571
2007-08-07T00:00:00Z,68.34375
2007-08-08T00:00:00Z,66.25892857142857
2007-08-09T00:00:00Z,65.6889880952381
2007-08-10T00:00:00Z,68.79613095238095
2007-08-11T00:00:00Z,72.7797619047619
2007-08-12T00:00:00Z,68.01785714285714
2007-08-13T00:00:00Z,62.098214285714285
2007-08-14T00:00:00Z,57.70386904761905
2007-08-15T00:00:00Z,61.813988095238095
2007-08-16T00:00:00Z,66.11458333333333
2007-08-17T00:00:00Z,67.84821428571429
2007-08-18T00:00:00Z,56.77529761904762
2007-08-19T00:00:00Z,65.78125
2007-08-20T00:00:00Z,62.120535714285715
2007-08-21T00:00:00Z,66.60714285714286
2007-08-22T00:00:00Z,72.81994047619048
2007-08-23T00:00:00Z,77.3422619047619
2007-08-24T00:00:00Z,74.93303571428571
2007-08-25T00:00:00Z,69.79166666666667
2007-08-26T00:00:00Z,77.96428571428571
2007-08-27T00:00:00Z,79.99107142857143
2007-08-28T00:00:00Z,72.04761904761905
2007-08-29T00:00:00Z,70.86309523809524
2007-08-30T00:00:00Z,72.84970238095238
2007-08-31T00:00:00Z,71.38244047619048
2007-09-01T00:00:00Z,72.02529761904762
2007-09-02T00:00:00Z,62.251488095238095
2007-09-03T00:00:00Z,64.99702380952381
2007-09-04T00:00:00Z,62.035714285714285
2007-09-05T00:00:00Z,62.59970238095238
2007-09-06T00:00:00Z,65.21726190476191
2007-09-07T00:00:00Z,65.10267857142857
2007-09-08T00:00:00Z,63.40922619047619
2007-09-09T00:00:00Z,66.84375
2007-09-10T00:00:00Z,61.55059523809524
2007-09-11T00:00:00Z,61.12797619047619
2007-09-12T00:00:00Z,65.11011904761905
2007-09-13T00:00:00Z,71.90178571428571
2007-09-14T00:00:00Z,82.35565476190476
2007-09-15T00:00:00Z,71.23809523809524
2007-09-16T00:00:00Z,58.19047619047619
2007-09-17T00:00:00Z,65.35416666666667
2007-09-18T00:00:00Z,68.0327380952381
2007-09-19T00:00:00Z,76.73958333333333
2007-09-20T00:00:00Z,83.4389880952381
2007-09-21T00:00:00Z,85.71279761904762
2007-09-22T00:00:00Z,79.87946428571429
2007-09-23T00:00:00Z,71.58482142857143
2007-09-24T00:00:00Z,69.21875
2007-09-25T00:00:00Z,71.54613095238095
2007-09-26T00:00:00Z,70.23214285714286
2007-09-27T00:00:00Z,73.9375
2007-09-28T00:00:00Z,59.48363095238095
2007-09-29T00:00:00Z,49.73511904761905
2007-09-30T00:00:00Z,61.47470238095238
2007-10-01T00:00:00Z,68.23363095238095
2007-10-02T00:00:00Z,74.37053571428571
2007-10-03T00:00:00Z,78.44494047619048
2007-10-04T00:00:00Z,81.89583333333333
2007-10-05T00:00:00Z,84.45535714285714
2007-10-06T00:00:00Z,83.73065476190476
2007-10-07T00:00:00Z,76.98511904761905
2007-10-08T00:00:00Z,71.38541666666667
2007-10-09T00:00:00Z,66.97619047619048
2007-10-10T00:00:00Z,65.92559523809524
2007-10-11T00:00:00Z,52.427083333333336
2007-10-12T00:00:00Z,56.88690476190476
2007-10-13T00:00:00Z,61.998511904761905
2007-10-14T00:00:00Z,63.06547619047619
2007-10-15T00:00:00Z,64.95535714285714
2007-10-16T00:00:00Z,73.64285714285714
2007-10-17T00:00:00Z,74.19196428571429
2007-10-18T00:00:00Z,82.25446428571429
2007-10-19T00:00:00Z,82.5625
2007-10-20T00:00:00Z,63.936011904761905
2007-10-21T00:00:00Z,63.410714285714285
2007-10-22T00:00:00Z,74.8452380952381
2007-10-23T00:00:00Z,80.24553571428571
2007-10-24T00:00:00Z,87.16964285714286
2007-10-25T00:00:00Z,89.60416666666667
2007-10-26T00:00:00Z,92.29910714285714
2007-10-27T00:00:00Z,79.5
2007-10-28T00:00:00Z,66.34970238095238
2007-10-29T00:00:00Z,61.91517857142857
2007-10-30T00:00:00Z,70.85267857142857
2007-10-31T00:00:00Z,74.40922619047619
2007-11-01T00:00:00Z,73.05208333333333
2007-11-02T00:00:00Z,58.17113095238095
2007-11-03T00:00:00Z,60.67559523809524
2007-11-04T00:00:00Z,57.286458333333336
2007-11-05T00:00:00Z,54.75595238095238
2007-11-06T00:00:00Z,48.14136904761905
2007-11-07T00:00:00Z,53.03125
2007-11-08T00:00:00Z,64.54910714285714
2007-11-09T00:00:00Z,63.598214285714285
2007-11-10T00:00:00Z,65.39880952380952
2007-11-11T00:00:00Z,72.20982142857143
2007-11-12T00:00:00Z,66.71577380952381
2007-11-13T00:00:00Z,66.40922619047619
2007-11-14T00:00:00Z,74.24404761904762
2007-11-15T00:00:00Z,69.29613095238095
2007-11-16T00:00:00Z,55.72470238095238
2007-11-17T00:00:00Z,60.273809523809526
2007-11-18T00:00:00Z,65.60119047619048
2007-11-19T00:00:00Z,75.59821428571429
2007-11-20T00:00:00Z,80.31696428571429
2007-11-21T00:00:00Z,70.43005952380952
2007-11-22T00:00:00Z,70.02529761904762
2007-11-23T00:00:00Z,52.157738095238095
2007-11-24T00:00:00Z,60.351190476190474
2007-11-25T00:00:00Z,73.10565476190476
2007-11-26T00:00:00Z,89.02232142857143
2007-11-27T00:00:00Z,66.06547619047619
2007-11-28T00:00:00Z,59.94345238095238
2007-11-29T00:00:00Z,70.83184523809524
2007-11-30T00:00:00Z,49.888392857142854
2007-12-01T00:00:00Z,50.57440476190476
2007-12-02T00:00:00Z,68.24404761904762
2007-12-03T00:00:00Z,55.84375
2007-12-04T00:00:00Z,41.520833333333336
2007-12-05T00:00:00Z,52.433035714285715
2007-12-06T00:00:00Z,57.17559523809524
2007-12-07T00:00:00Z,68.20982142857143
2007-12-08T00:00:00Z,73.66071428571429
2007-12-09T00:00:00Z,81.50446428571429
2007-12-10T00:00:00Z,77.71577380952381
2007-12-11T00:00:00Z,79.22916666666667
2007-12-12T00:00:00Z,76.04910714285714
2007-12-13T00:00:00Z,76.22321428571429
2007-12-14T00:00:00Z,68.80505952380952
2007-12-15T00:00:00Z,84.79910714285714
2007-12-16T00:00:00Z,70.93452380952381
2007-12-17T00:00:00Z,50.827380952380956
2007-12-18T00:00:00Z,58.92261904761905
2007-12-19T00:00:00Z,70.92708333333333
2007-12-20T00:00:00Z,73.73214285714286
2007-12-21T00:00:00Z,80.98958333333333
2007-12-22T00:00:00Z,81.44494047619048
2007-12-23T00:00:00Z,83.95684523809524
2007-12-24T00:00:00Z,58.226190476190474
2007-12-25T00:00:00Z,60.214285714285715
2007-12-26T00:00:00Z,84.97321428571429
2007-12-27T00:00:00Z,83.01785714285714
2007-12-28T00:00:00Z,85.21875
2007-12-29T00:00:00Z,84.52529761904762
2007-12-30T00:00:00Z,92.53571428571428
2007-12-31T00:00:00Z,72.22619047619048
2008-01-01T00:00:00Z,56.69345238095238
2008-01-02T00:00:00Z,45.20238095238095
2008-01-03T00:00:00Z,47.376488095238095
2008-01-04T00:00:00Z,55.180059523809526
2008-01-05T00:00:00Z,54.36011904761905
2008-01-06T00:00:00Z,68.62648809523809
2008-01-07T00:00:00Z,78.01041666666667
2008-01-08T00:00:00Z,81.67708333333333
2008-01-09T00:00:00Z,74.05654761904762
2008-01-10T00:00:00Z,75.69345238095238
2008-01-11T00:00:00Z,77.47172619047619
2008-01-12T00:00:00Z,70.25892857142857
2008-01-13T00:00:00Z,77.26785714285714
2008-01-14T00:00:00Z,64.06994047619048
2008-01-15T00:00:00Z,52.96279761904762
2008-01-16T00:00:00Z,51.6875
2008-01-17T00:00:00Z,86.21130952380952
2008-01-18T00:00:00Z,85.10119047619048
2008-01-19T00:00:00Z,86.07440476190476
2008-01-20T00:00:00Z,54.97916666666667
2008-01-21T00:00:00Z,45.59672619047619
2008-01-22T00:00:00Z,71.58630952380952
2008-01-23T00:00:00Z,80.27678571428572
2008-01-24T00:00:00Z,70.99702380952381
2008-01-25T00:00:00Z,47.60267857142857
2008-01-26T00:00:00Z,60.345238095238095
2008-01-27T00:00:00Z,63.882440476190474
2008-01-28T00:00:00Z,59.433035714285715
2008-01-29T00:00:00Z,48.59970238095238
2008-01-30T00:00:00Z,50.629464285714285
2008-01-31T00:00:00Z,48.59375
2008-02-01T00:00:00Z,79.47470238095238
2008-02-02T00:00:00Z,68.42857142857143
2008-02-03T00:00:00Z,64.49107142857143
2008-02-04T00:00:00Z,76.35565476190476
2008-02-05T00:00:00Z,79.17708333333333
2008-02-06T00:00:00Z,73.26041666666667
2008-02-07T00:00:00Z,53.566964285714285
2008-02-08T00:00:00Z,63.94940476190476
2008-02-09T00:00:00Z,55.316964285714285
2008-02-10T00:00:00Z,32.654761904761905
2008-02-11T00:00:00Z,33.04017857142857
2008-02-12T00:00:00Z,68.63095238095238
2008-02-13T00:00:00Z,85.42708333333333
2008-02-14T00:00:00Z,64.7514880952381
2008-02-15T00:00:00Z,61.861607142857146
2008-02-16T00:00:00Z,62.45982142857143
2008-02-17T00:00:00Z,77.36755952380952
2008-02-18T00:00:00Z,68.87797619047619
2008-02-19T00:00:00Z,46.623511904761905
2008-02-20T00:00:00Z,50.416666666666664
2008-02-21T00:00:00Z,61.038690476190474
2008-02-22T00:00:00Z,90.08779761904762
2008-02-23T00:00:00Z,83.94196428571428
2008-02-24T00:00:00Z,71.07589285714286
2008-02-25T00:00:00Z,72.47172619047619
2008-02-26T00:00:00Z,80.5610119047619
2008-02-27T00:00:00Z,50.47767857142857
2008-02-28T00:00:00Z,46.23809523809524
2008-02-29T00:00:00Z,52.20684523809524
2008-03-01T00:00:00Z,49.308035714285715
2008-03-02T00:00:00Z,49.870535714285715
2008-03-03T00:00:00Z,64.8125
2008-03-04T00:00:00Z,77.25446428571429
2008-03-05T00:00:00Z,65.21875
2008-03-06T00:00:00Z,66.87351190476191
2008-03-07T00:00:00Z,88.10416666666667
2008-03-08T00:00:00Z,66.32738095238095
2008-03-09T00:00:00Z,NA
2008-03-10T00:00:00Z,55.22767857142857
2008-03-11T00:00:00Z,60.572916666666664
2008-03-12T00:00:00Z,48.79910714285714
2008-03-13T00:00:00Z,52.93154761904762
2008-03-14T00:00:00Z,53.5625
2008-03-15T00:00:00Z,75.30952380952381
2008-03-16T00:00:00Z,66.92261904761905
2008-03-17T00:00:00Z,50.36309523809524
2008-03-18T00:00:00Z,65.41517857142857
2008-03-19T00:00:00Z,75.03869047619048
2008-03-20T00:00:00Z,48.00595238095238
2008-03-21T00:00:00Z,42.572916666666664
2008-03-22T00:00:00Z,49.45238095238095
2008-03-23T00:00:00Z,51.25
2008-03-24T00:00:00Z,57.927083333333336
2008-03-25T00:00:00Z,50.1875
2008-03-26T00:00:00Z,43.921130952380956
2008-03-27T00:00:00Z,48.873511904761905
2008-03-28T00:00:00Z,58.24107142857143
2008-03-29T00:00:00Z,69.71130952380952
2008-03-30T00:00:00Z,78.63988095238095
2008-03-31T00:00:00Z,84.19642857142857
2008-04-01T00:00:00Z,80.76636904761905
2008-04-02T00:00:00Z,60.01934523809524
2008-04-03T00:00:00Z,70.5952380952381
2008-04-04T00:00:00Z,83.82589285714286
2008-04-05T00:00:00Z,90.26785714285714
2008-04-06T00:00:00Z,85.67113095238095
2008-04-07T00:00:00Z,83.63392857142857
2008-04-08T00:00:00Z,78.49107142857143
2008-04-09T00:00:00Z,78.16369047619048
2008-04-10T00:00:00Z,74.2485119047619
2008-04-11T00:00:00Z,71.88392857142857
2008-04-12T00:00:00Z,69.30208333333333
2008-04-13T00:00:00Z,53.02529761904762
2008-04-14T00:00:00Z,66.7797619047619
2008-04-15T00:00:00Z,51.520833333333336
2008-04-16T00:00:00Z,48.236607142857146
2008-04-17T00:00:00Z,48.94047619047619
2008-04-18T00:00:00Z,47.80059523809524
2008-04-19T00:00:00Z,62.294642857142854
2008-04-20T00:00:00Z,75.2514880952381
2008-04-21T00:00:00Z,79.38690476190476
2008-04-22T00:00:00Z,81.06696428571429
2008-04-23T00:00:00Z,77.51190476190476
2008-04-24T00:00:00Z,71.09672619047619
2008-04-25T00:00:00Z,67.33630952380952
2008-04-26T00:00:00Z,68.76339285714286
2008-04-27T00:00:00Z,81.83928571428571
2008-04-28T00:00:00Z,84.13988095238095
2008-04-29T00:00:00Z,57.566964285714285
2008-04-30T00:00:00Z,57.836309523809526
2008-05-01T00:00:00Z,60.058035714285715
2008-05-02T00:00:00Z,62.82142857142857
2008-05-03T00:00:00Z,67.30505952380952
2008-05-04T00:00:00Z,66.01190476190476
2008-05-05T00:00:00Z,69.84375
2008-05-06T00:00:00Z,63.58482142857143
2008-05-07T00:00:00Z,59.96130952380952
2008-05-08T00:00:00Z,72.73214285714286
2008-05-09T00:00:00Z,69.57291666666667
2008-05-10T00:00:00Z,66.23363095238095
2008-05-11T00:00:00Z,79.27380952380952
2008-05-12T00:00:00Z,63.20684523809524
2008-05-13T00:00:00Z,58.65327380952381
2008-05-14T00:00:00Z,64.03720238095238
2008-05-15T00:00:00Z,74.97172619047619
2008-05-16T00:00:00Z,75.70386904761905
2008-05-17T00:00:00Z,56.089285714285715
2008-05-18T00:00:00Z,68.24702380952381
2008-05-19T00:00:00Z,60.87202380952381
2008-05-20T00:00:00Z,68.66517857142857
2008-05-21T00:00:00Z,66.13541666666667
2008-05-22T00:00:00Z,57.83779761904762
2008-05-23T00:00:00Z,61.523809523809526
2008-05-24T00:00:00Z,70.20684523809524
2008-05-25T00:00:00Z,63.455357142857146
2008-05-26T00:00:00Z,61.348214285714285
2008-05-27T00:00:00Z,66.79910714285714
2008-05-28T00:00:00Z,83.35267857142857
2008-05-29T00:00:00Z,70.64434523809524
2008-05-30T00:00:00Z,73.89583333333333
2008-05-31T00:00:00Z,73.32738095238095
2008-06-01T00:00:00Z,69.04166666666667
2008-06-02T00:00:00Z,63.46577380952381
2008-06-03T00:00:00Z,68.05357142857143
2008-06-04T00:00:00Z,69.16815476190476
2008-06-05T00:00:00Z,65.60119047619048
2008-06-06T00:00:00Z,66.48363095238095
2008-06-07T00:00:00Z,61.958333333333336
2008-06-08T00:00:00Z,60.470238095238095
2008-06-09T00:00:00Z,60.79464285714286
2008-06-10T00:00:00Z,63.17857142857143
2008-06-11T00:00:00Z,68.40029761904762
2008-06-12T00:00:00Z,67.61011904761905
2008-06-13T00:00:00Z,65.0327380952381
2008-06-14T00:00:00Z,69.83333333333333
2008-06-15T00:00:00Z,73.55357142857143
2008-06-16T00:00:00Z,63.967261904761905
2008-06-17T00:00:00Z,59.70982142857143
2008-06-18T00:00:00Z,49.76190476190476
2008-06-19T00:00:00Z,54.78422619047619
2008-06-20T00:00:00Z,63.892857142857146
2008-06-21T00:00:00Z,73.54166666666667
2008-06-22T00:00:00Z,75.8764880952381
2008-06-23T00:00:00Z,74.00446428571429
2008-06-24T00:00:00Z,61.046130952380956
2008-06-25T00:00:00Z,61.328869047619044
2008-06-26T00:00:00Z,63.85714285714286
2008-06-27T00:00:00Z,67.375
2008-06-28T00:00:00Z,64.71577380952381
2008-06-29T00:00:00Z,67.77678571428571
2008-06-30T00:00:00Z,66.875
2008-07-01T00:00:00Z,57.617559523809526
2008-07-02T00:00:00Z,57.333333333333336
2008-07-03T00:00:00Z,59.52827380952381
2008-07-04T00:00:00Z,68.84226190476191
2008-07-05T00:00:00Z,80.32886904761905
2008-07-06T00:00:00Z,82.59970238095238
2008-07-07T00:00:00Z,79.35416666666667
2008-07-08T00:00:00Z,79.66071428571429
2008-07-09T00:00:00Z,80.94940476190476
2008-07-10T00:00:00Z,80.65178571428571
2008-07-11T00:00:00Z,80.94940476190476
2008-07-12T00:00:00Z,71.80505952380952
2008-07-13T00:00:00Z,74.56696428571429
2008-07-14T00:00:00Z,78.27976190476191
2008-07-15T00:00:00Z,73.04761904761905
2008-07-16T00:00:00Z,68.6235119047619
2008-07-17T00:00:00Z,65.49553571428571
2008-07-18T00:00:00Z,74.02380952380952
2008-07-19T00:00:00Z,78.46279761904762
2008-07-20T00:00:00Z,72.75892857142857
2008-07-21T00:00:00Z,66.0625
2008-07-22T00:00:00Z,67.80505952380952
2008-07-23T00:00:00Z,79.49702380952381
2008-07-24T00:00:00Z,72.47619047619048
2008-07-25T00:00:00Z,73.39285714285714
2008-07-26T00:00:00Z,76.25446428571429
2008-07-27T00:00:00Z,75.26934523809524
2008-07-28T00:00:00Z,68.92261904761905
2008-07-29T00:00:00Z,75.3139880952381
2008-07-30T00:00:00Z,76.39583333333333
2008-07-31T00:00:00Z,78.44940476190476
2008-08-01T00:00:00Z,73.75297619047619
2008-08-02T00:00:00Z,71.94791666666667
2008-08-03T00:00:00Z,68.91071428571428
2008-08-04T00:00:00Z,69.89583333333333
2008-08-05T00:00:00Z,68.70535714285714
2008-08-06T00:00:00Z,65.47321428571429
2008-08-07T00:00:00Z,68.69047619047619
2008-08-08T00:00:00Z,64.97172619047619
2008-08-09T00:00:00Z,63.21279761904762
2008-08-10T00:00:00Z,71.54910714285714
2008-08-11T00:00:00Z,63.927083333333336
2008-08-12T00:00:00Z,61.38392857142857
2008-08-13T00:00:00Z,84.83333333333333
2008-08-14T00:00:00Z,76.89285714285714
2008-08-15T00:00:00Z,76.23809523809524
2008-08-16T00:00:00Z,74.99107142857143
2008-08-17T00:00:00Z,76.86607142857143
2008-08-18T00:00:00Z,73.87946428571429
2008-08-19T00:00:00Z,70.89434523809524
2008-08-20T00:00:00Z,72.45386904761905
2008-08-21T00:00:00Z,71.83630952380952
2008-08-22T00:00:00Z,69.40327380952381
2008-08-23T00:00:00Z,69.94494047619048
2008-08-24T00:00:00Z,70.51785714285714
2008-08-25T00:00:00Z,77.85863095238095
2008-08-26T00:00:00Z,85.62202380952381
2008-08-27T00:00:00Z,85.6860119047619
2008-08-28T00:00:00Z,82.01488095238095
2008-08-29T00:00:00Z,77.72172619047619
2008-08-30T00:00:00Z,77.18898809523809
2008-08-31T00:00:00Z,77.32886904761905
2008-09-01T00:00:00Z,67.95386904761905
2008-09-02T00:00:00Z,67.97767857142857
2008-09-03T00:00:00Z,67.08928571428571
2008-09-04T00:00:00Z,67.92559523809524
2008-09-05T00:00:00Z,80.90922619047619
2008-09-06T00:00:00Z,75.88839285714286
2008-09-07T00:00:00Z,73.84821428571429
2008-09-08T00:00:00Z,75.36309523809524
2008-09-09T00:00:00Z,80.69047619047619
2008-09-10T00:00:00Z,88.75595238095238
2008-09-11T00:00:00Z,87.6875
2008-09-12T00:00:00Z,84.33630952380952
2008-09-13T00:00:00Z,79.37946428571429
2008-09-14T00:00:00Z,76.14285714285714
2008-09-15T00:00:00Z,74.19494047619048
2008-09-16T00:00:00Z,84.27827380952381
2008-09-17T00:00:00Z,78.29315476190476
2008-09-18T00:00:00Z,70.83630952380952
2008-09-19T00:00:00Z,73.75744047619048
2008-09-20T00:00:00Z,78.0327380952381
2008-09-21T00:00:00Z,78.95386904761905
2008-09-22T00:00:00Z,75.68154761904762
2008-09-23T00:00:00Z,74.68452380952381
2008-09-24T00:00:00Z,66.48214285714286
2008-09-25T00:00:00Z,80.2514880952381
2008-09-26T00:00:00Z,86.83779761904762
2008-09-27T00:00:00Z,84.76785714285714
2008-09-28T00:00:00Z,81.22321428571429
2008-09-29T00:00:00Z,78.08482142857143
2008-09-30T00:00:00Z,83.02083333333333
2008-10-01T00:00:00Z,77.74404761904762
2008-10-02T00:00:00Z,67.59226190476191
2008-10-03T00:00:00Z,71.04613095238095
2008-10-04T00:00:00Z,73.64434523809524
2008-10-05T00:00:00Z,75.07738095238095
2008-10-06T00:00:00Z,74.92857142857143
2008-10-07T00:00:00Z,73.90625
2008-10-08T00:00:00Z,78.40922619047619
2008-10-09T00:00:00Z,84.19047619047619
2008-10-10T00:00:00Z,85.86160714285714
2008-10-11T00:00:00Z,75.7514880952381
2008-10-12T00:00:00Z,70.41517857142857
2008-10-13T00:00:00Z,76.59077380952381
2008-10-14T00:00:00Z,73.22172619047619
2008-10-15T00:00:00Z,72.48660714285714
2008-10-16T00:00:00Z,72.12053571428571
2008-10-17T00:00:00Z,84.57142857142857
2008-10-18T00:00:00Z,79.83184523809524
2008-10-19T00:00:00Z,63.74404761904762
2008-10-20T00:00:00Z,67.45833333333333
2008-10-21T00:00:00Z,64.55654761904762
2008-10-22T00:00:00Z,58.160714285714285
2008-10-23T00:00:00Z,69.82291666666667
2008-10-24T00:00:00Z,81.05208333333333
2008-10-25T00:00:00Z,84.77380952380952
2008-10-26T00:00:00Z,72.54166666666667
2008-10-27T00:00:00Z,70.4375
2008-10-28T00:00:00Z,59.808035714285715
2008-10-29T00:00:00Z,54.882440476190474
2008-10-30T00:00:00Z,59.41517857142857
2008-10-31T00:00:00Z,63.357142857142854
2008-11-01T00:00:00Z,62.808035714285715
2008-11-02T00:00:00Z,67.70014880952381
2008-11-03T00:00:00Z,86.39880952380952
2008-11-04T00:00:00Z,87.76339285714286
2008-11-05T00:00:00Z,80.57589285714286
2008-11-06T00:00:00Z,70.2827380952381
2008-11-07T00:00:00Z,73.30357142857143
2008-11-08T00:00:00Z,67.09821428571429
2008-11-09T00:00:00Z,65.41071428571429
2008-11-10T00:00:00Z,65.4985119047619
2008-11-11T00:00:00Z,64.86458333333333
2008-11-12T00:00:00Z,67.48958333333333
2008-11-13T00:00:00Z,89.56547619047619
2008-11-14T00:00:00Z,93.5922619047619
2008-11-15T00:00:00Z,77.48511904761905
2008-11-16T00:00:00Z,61.53720238095238
2008-11-17T00:00:00Z,64.39136904761905
2008-11-18T00:00:00Z,52.79761904761905
2008-11-19T00:00:00Z,51.677083333333336
2008-11-20T00:00:00Z,54.313988095238095
2008-11-21T00:00:00Z,53.680059523809526
2008-11-22T00:00:00Z,48.30357142857143
2008-11-23T00:00:00Z,54.297619047619044
2008-11-24T00:00:00Z,66.86160714285714
2008-11-25T00:00:00Z,61.016369047619044
2008-11-26T00:00:00Z,59.55952380952381
2008-11-27T00:00:00Z,65.61607142857143
2008-11-28T00:00:00Z,66.57142857142857
2008-11-29T00:00:00Z,76.04613095238095
2008-11-30T00:00:00Z,90.85714285714286
2008-12-01T00:00:00Z,66.86904761904762
2008-12-02T00:00:00Z,70.56696428571429
2008-12-03T00:00:00Z,69.04910714285714
2008-12-04T00:00:00Z,68.60119047619048
2008-12-05T00:00:00Z,66.79166666666667
2008-12-06T00:00:00Z,72.85714285714286
2008-12-07T00:00:00Z,57.444940476190474
2008-12-08T00:00:00Z,54.69345238095238
2008-12-09T00:00:00Z,72.74404761904762
2008-12-10T00:00:00Z,87.375
2008-12-11T00:00:00Z,88.71875
2008-12-12T00:00:00Z,63.66517857142857
2008-12-13T00:00:00Z,61.04017857142857
2008-12-14T00:00:00Z,72.84970238095238
2008-12-15T00:00:00Z,79.25297619047619
2008-12-16T00:00:00Z,91.05952380952381
2008-12-17T00:00:00Z,91.99107142857143
2008-12-18T00:00:00Z,89.90327380952381
2008-12-19T00:00:00Z,82.36309523809524
2008-12-20T00:00:00Z,84.32886904761905
2008-12-21T00:00:00Z,67.52380952380952
2008-12-22T00:00:00Z,42.75297619047619
2008-12-23T00:00:00Z,54.92261904761905
2008-12-24T00:00:00Z,73.21279761904762
2008-12-25T00:00:00Z,72.93303571428571
2008-12-26T00:00:00Z,78.6889880952381
2008-12-27T00:00:00Z,89.78869047619048
2008-12-28T00:00:00Z,83.19791666666667
2008-12-29T00:00:00Z,68.35863095238095
2008-12-30T00:00:00Z,51.80357142857143
2008-12-31T00:00:00Z,43.49107142857143
2009-01-01T00:00:00Z,45.325892857142854
2009-01-02T00:00:00Z,77.69642857142857
2009-01-03T00:00:00Z,83.1235119047619
2009-01-04T00:00:00Z,89.51041666666667
2009-01-05T00:00:00Z,90.5922619047619
2009-01-06T00:00:00Z,92.60119047619048
2009-01-07T00:00:00Z,70.65773809523809
2009-01-08T00:00:00Z,53.342261904761905
2009-01-09T00:00:00Z,54.46875
2009-01-10T00:00:00Z,66.34821428571429
2009-01-11T00:00:00Z,75.36309523809524
2009-01-12T00:00:00Z,63.33482142857143
2009-01-13T00:00:00Z,80.79613095238095
2009-01-14T00:00:00Z,58.32142857142857
2009-01-15T00:00:00Z,48.76190476190476
2009-01-16T00:00:00Z,35.87202380952381
2009-01-17T00:00:00Z,45.08482142857143
2009-01-18T00:00:00Z,73.08035714285714
2009-01-19T00:00:00Z,80.52083333333333
2009-01-20T00:00:00Z,72.52976190476191
2009-01-21T00:00:00Z,58.50297619047619
2009-01-22T00:00:00Z,55.751488095238095
2009-01-23T00:00:00Z,61.625
2009-01-24T00:00:00Z,64.88244047619048
2009-01-25T00:00:00Z,55.001488095238095
2009-01-26T00:00:00Z,61.71577380952381
2009-01-27T00:00:00Z,85.85714285714286
2009-01-28T00:00:00Z,87.95238095238095
2009-01-29T00:00:00Z,73.58184523809524
2009-01-30T00:00:00Z,60.617559523809526
2009-01-31T00:00:00Z,46.123511904761905
2009-02-01T00:00:00Z,51.657738095238095
2009-02-02T00:00:00Z,67.65178571428571
2009-02-03T00:00:00Z,65.0014880952381
2009-02-04T00:00:00Z,53.20238095238095
2009-02-05T00:00:00Z,43.172619047619044
2009-02-06T00:00:00Z,51.71279761904762
2009-02-07T00:00:00Z,53.11309523809524
2009-02-08T00:00:00Z,54.90922619047619
2009-02-09T00:00:00Z,63.77901785714286
2009-02-10T00:00:00Z,71.40327380952381
2009-02-11T00:00:00Z,72.47470238095238
2009-02-12T00:00:00Z,41.229166666666664
2009-02-13T00:00:00Z,40.541666666666664
2009-02-14T00:00:00Z,65.99404761904762
2009-02-15T00:00:00Z,58.53720238095238
2009-02-16T00:00:00Z,58.60565476190476
2009-02-17T00:00:00Z,50.857142857142854
2009-02-18T00:00:00Z,83.40029761904762
2009-02-19T00:00:00Z,57.973214285714285
2009-02-20T00:00:00Z,38.83184523809524
2009-02-21T00:00:00Z,48.299107142857146
2009-02-22T00:00:00Z,53.27827380952381
2009-02-23T00:00:00Z,43.285714285714285
2009-02-24T00:00:00Z,45.276785714285715
2009-02-25T00:00:00Z,51.30357142857143
2009-02-26T00:00:00Z,64.7172619047619
2009-02-27T00:00:00Z,75.69940476190476
2009-02-28T00:00:00Z,93.20238095238095
2009-03-01T00:00:00Z,92.73511904761905
2009-03-02T00:00:00Z,72.49553571428571
2009-03-03T00:00:00Z,54.316964285714285
2009-03-04T00:00:00Z,58.11904761904762
2009-03-05T00:00:00Z,54.80654761904762
2009-03-06T00:00:00Z,62.17113095238095
2009-03-07T00:00:00Z,63.91220238095238
2009-03-08T00:00:00Z,NA
2009-03-09T00:00:00Z,47.56845238095238
2009-03-10T00:00:00Z,57.78422619047619
2009-03-11T00:00:00Z,69.00595238095238
2009-03-12T00:00:00Z,41.29315476190476
2009-03-13T00:00:00Z,73.91964285714286
2009-03-14T00:00:00Z,92.95238095238095
2009-03-15T00:00:00Z,92.51488095238095
2009-03-16T00:00:00Z,94.95089285714286
2009-03-17T00:00:00Z,84.6235119047619
2009-03-18T00:00:00Z,74.89434523809524
2009-03-19T00:00:00Z,68.74851190476191
2009-03-20T00:00:00Z,56.51190476190476
2009-03-21T00:00:00Z,56.751488095238095
2009-03-22T00:00:00Z,59.43452380952381
2009-03-23T00:00:00Z,56.70386904761905
2009-03-24T00:00:00Z,53.75595238095238
2009-03-25T00:00:00Z,68.02380952380952
2009-03-26T00:00:00Z,88.99255952380952
2009-03-27T00:00:00Z,92.09821428571429
2009-03-28T00:00:00Z,90.52232142857143
2009-03-29T00:00:00Z,66.19642857142857
2009-03-30T00:00:00Z,49.93452380952381
2009-03-31T00:00:00Z,59.904761904761905
2009-04-01T00:00:00Z,81.58630952380952
2009-04-02T00:00:00Z,91.41815476190476
2009-04-03T00:00:00Z,65.08630952380952
2009-04-04T00:00:00Z,47.08482142857143
2009-04-05T00:00:00Z,54.254464285714285
2009-04-06T00:00:00Z,65.65625
2009-04-07T00:00:00Z,49.416666666666664
2009-04-08T00:00:00Z,48.566964285714285
2009-04-09T00:00:00Z,49.848214285714285
2009-04-10T00:00:00Z,67.94047619047619
2009-04-11T00:00:00Z,68.86458333333333
2009-04-12T00:00:00Z,54.61607142857143
2009-04-13T00:00:00Z,72.01488095238095
2009-04-14T00:00:00Z,86.84821428571429
2009-04-15T00:00:00Z,74.03720238095238
2009-04-16T00:00:00Z,53.57142857142857
2009-04-17T00:00:00Z,51.30952380952381
2009-04-18T00:00:00Z,48.924107142857146
2009-04-19T00:00:00Z,64.45089285714286
2009-04-20T00:00:00Z,75.7172619047619
2009-04-21T00:00:00Z,62.92559523809524
2009-04-22T00:00:00Z,48.038690476190474
2009-04-23T00:00:00Z,47.80654761904762
2009-04-24T00:00:00Z,62.433035714285715
2009-04-25T00:00:00Z,63.45238095238095
2009-04-26T00:00:00Z,61.80059523809524
2009-04-27T00:00:00Z,61.257440476190474
2009-04-28T00:00:00Z,64.27232142857143
2009-04-29T00:00:00Z,70.04613095238095
2009-04-30T00:00:00Z,79.79017857142857
2009-05-01T00:00:00Z,73.48363095238095
2009-05-02T00:00:00Z,73.95089285714286
2009-05-03T00:00:00Z,75.26934523809524
2009-05-04T00:00:00Z,73.82738095238095
2009-05-05T00:00:00Z,89.05803571428571
2009-05-06T00:00:00Z,83.6547619047619
2009-05-07T00:00:00Z,78.29910714285714
2009-05-08T00:00:00Z,79.17559523809524
2009-05-09T00:00:00Z,72.08482142857143
2009-05-10T00:00:00Z,62.30952380952381
2009-05-11T00:00:00Z,79.33779761904762
2009-05-12T00:00:00Z,69.96428571428571
2009-05-13T00:00:00Z,66.31994047619048
2009-05-14T00:00:00Z,79.22767857142857
2009-05-15T00:00:00Z,82.38244047619048
2009-05-16T00:00:00Z,82.25
2009-05-17T00:00:00Z,85.79166666666667
2009-05-18T00:00:00Z,65.93005952380952
2009-05-19T00:00:00Z,58.92113095238095
2009-05-20T00:00:00Z,64.62797619047619
2009-05-21T00:00:00Z,69.84970238095238
2009-05-22T00:00:00Z,72.92857142857143
2009-05-23T00:00:00Z,75.65029761904762
2009-05-24T00:00:00Z,80.88690476190476
2009-05-25T00:00:00Z,82.59375
2009-05-26T00:00:00Z,83.74702380952381
2009-05-27T00:00:00Z,81.32142857142857
2009-05-28T00:00:00Z,83.65476190476191
2009-05-29T00:00:00Z,78.23363095238095
2009-05-30T00:00:00Z,67.98065476190476
2009-05-31T00:00:00Z,66.54910714285714
2009-06-01T00:00:00Z,67.30208333333333
2009-06-02T00:00:00Z,69.90178571428571
2009-06-03T00:00:00Z,71.41517857142857
2009-06-04T00:00:00Z,82.41220238095238
2009-06-05T00:00:00Z,84.75446428571429
2009-06-06T00:00:00Z,80.25892857142857
2009-06-07T00:00:00Z,78.08779761904762
2009-06-08T00:00:00Z,77.98958333333333
2009-06-09T00:00:00Z,77.14583333333333
2009-06-10T00:00:00Z,78.74553571428571
2009-06-11T00:00:00Z,81.19791666666667
2009-06-12T00:00:00Z,75.39880952380952
2009-06-13T00:00:00Z,74.30059523809524
2009-06-14T00:00:00Z,75.11309523809524
2009-06-15T00:00:00Z,80.47767857142857
2009-06-16T00:00:00Z,86.04761904761905
2009-06-17T00:00:00Z,84.12797619047619
2009-06-18T00:00:00Z,80.61011904761905
2009-06-19T00:00:00Z,73.93452380952381
2009-06-20T00:00:00Z,69.8422619047619
2009-06-21T00:00:00Z,62.40327380952381
2009-06-22T00:00:00Z,65.48363095238095
2009-06-23T00:00:00Z,69.09523809523809
2009-06-24T00:00:00Z,68.07291666666667
2009-06-25T00:00:00Z,66.69494047619048
2009-06-26T00:00:00Z,72.06101190476191
2009-06-27T00:00:00Z,68.69196428571428
2009-06-28T00:00:00Z,65.26488095238095
2009-06-29T00:00:00Z,58.40625
2009-06-30T00:00:00Z,58.13392857142857
2009-07-01T00:00:00Z,59.236607142857146
2009-07-02T00:00:00Z,61.88839285714286
2009-07-03T00:00:00Z,58.86309523809524
2009-07-04T00:00:00Z,60.40922619047619
2009-07-05T00:00:00Z,78.01041666666667
2009-07-06T00:00:00Z,82.23958333333333
2009-07-07T00:00:00Z,69.07738095238095
2009-07-08T00:00:00Z,69.19940476190476
2009-07-09T00:00:00Z,73.4985119047619
2009-07-10T00:00:00Z,70.45982142857143
2009-07-11T00:00:00Z,70.32142857142857
2009-07-12T00:00:00Z,66.76190476190476
2009-07-13T00:00:00Z,80.92113095238095
2009-07-14T00:00:00Z,67.21279761904762
2009-07-15T00:00:00Z,67.19791666666667
2009-07-16T00:00:00Z,75.73511904761905
2009-07-17T00:00:00Z,77.93154761904762
2009-07-18T00:00:00Z,69.52529761904762
2009-07-19T00:00:00Z,66.42113095238095
2009-07-20T00:00:00Z,79.125
2009-07-21T00:00:00Z,77.31547619047619
2009-07-22T00:00:00Z,79.61309523809524
2009-07-23T00:00:00Z,80.53125
2009-07-24T00:00:00Z,72.2202380952381
2009-07-25T00:00:00Z,72.12797619047619
2009-07-26T00:00:00Z,69.02232142857143
2009-07-27T00:00:00Z,76.73809523809524
2009-07-28T00:00:00Z,77.67559523809524
2009-07-29T00:00:00Z,80.81696428571429
2009-07-30T00:00:00Z,77.84821428571429
2009-07-31T00:00:00Z,80.88541666666667
2009-08-01T00:00:00Z,82.45089285714286
2009-08-02T00:00:00Z,86.38839285714286
2009-08-03T00:00:00Z,78.2202380952381
2009-08-04T00:00:00Z,75.84375
2009-08-05T00:00:00Z,78.28422619047619
2009-08-06T00:00:00Z,79.82142857142857
2009-08-07T00:00:00Z,72.05505952380952
2009-08-08T00:00:00Z,72.32440476190476
2009-08-09T00:00:00Z,69.23214285714286
2009-08-10T00:00:00Z,67.41517857142857
2009-08-11T00:00:00Z,72.375
2009-08-12T00:00:00Z,86.50595238095238
2009-08-13T00:00:00Z,85.51636904761905
2009-08-14T00:00:00Z,84.27083333333333
2009-08-15T00:00:00Z,79.92559523809524
2009-08-16T00:00:00Z,80.17113095238095
2009-08-17T00:00:00Z,72.67261904761905
2009-08-18T00:00:00Z,70.36458333333333
2009-08-19T00:00:00Z,74.63095238095238
2009-08-20T00:00:00Z,79.47321428571429
2009-08-21T00:00:00Z,79.91369047619048
2009-08-22T00:00:00Z,82.72916666666667
2009-08-23T00:00:00Z,82.28125
2009-08-24T00:00:00Z,79.51488095238095
2009-08-25T00:00:00Z,76.5610119047619
2009-08-26T00:00:00Z,74.24107142857143
2009-08-27T00:00:00Z,73.29761904761905
2009-08-28T00:00:00Z,82.48660714285714
2009-08-29T00:00:00Z,77.85267857142857
2009-08-30T00:00:00Z,75.49702380952381
2009-08-31T00:00:00Z,86.89880952380952
2009-09-01T00:00:00Z,73.6889880952381
2009-09-02T00:00:00Z,72.33333333333333
2009-09-03T00:00:00Z,74.73214285714286
2009-09-04T00:00:00Z,71.52827380952381
2009-09-05T00:00:00Z,70.24255952380952
2009-09-06T00:00:00Z,71.25892857142857
2009-09-07T00:00:00Z,83.30208333333333
2009-09-08T00:00:00Z,82.02529761904762
2009-09-09T00:00:00Z,78.12202380952381
2009-09-10T00:00:00Z,84.24553571428571
2009-09-11T00:00:00Z,77.08928571428572
2009-09-12T00:00:00Z,73.54166666666667
2009-09-13T00:00:00Z,73.43154761904762
2009-09-14T00:00:00Z,72.61458333333333
2009-09-15T00:00:00Z,73.95535714285714
2009-09-16T00:00:00Z,81.79166666666667
2009-09-17T00:00:00Z,87.3764880952381
2009-09-18T00:00:00Z,87.19642857142857
2009-09-19T00:00:00Z,83.92113095238095
2009-09-20T00:00:00Z,79.56101190476191
2009-09-21T00:00:00Z,79.25892857142857
2009-09-22T00:00:00Z,86.63988095238095
2009-09-23T00:00:00Z,86.64136904761905
2009-09-24T00:00:00Z,82.35863095238095
2009-09-25T00:00:00Z,86.59970238095238
2009-09-26T00:00:00Z,88.85565476190476
2009-09-27T00:00:00Z,81.62648809523809
2009-09-28T00:00:00Z,70.67113095238095
2009-09-29T00:00:00Z,55.546130952380956
2009-09-30T00:00:00Z,67.34226190476191
2009-10-01T00:00:00Z,71.19940476190476
2009-10-02T00:00:00Z,78.49107142857143
2009-10-03T00:00:00Z,70.51934523809524
2009-10-04T00:00:00Z,65.08630952380952
2009-10-05T00:00:00Z,84.70535714285714
2009-10-06T00:00:00Z,90.31696428571429
2009-10-07T00:00:00Z,68.99255952380952
2009-10-08T00:00:00Z,63.3125
2009-10-09T00:00:00Z,78.11755952380952
2009-10-10T00:00:00Z,79.72470238095238
2009-10-11T00:00:00Z,74.5
2009-10-12T00:00:00Z,88.00744047619048
2009-10-13T00:00:00Z,80.88095238095238
2009-10-14T00:00:00Z,84.39434523809524
2009-10-15T00:00:00Z,93.19047619047619
2009-10-16T00:00:00Z,88.1235119047619
2009-10-17T00:00:00Z,78.90178571428571
2009-10-18T00:00:00Z,73.70089285714286
2009-10-19T00:00:00Z,66.6547619047619
2009-10-20T00:00:00Z,68.43303571428571
2009-10-21T00:00:00Z,68.19791666666667
2009-10-22T00:00:00Z,72.97321428571429
2009-10-23T00:00:00Z,80.5327380952381
2009-10-24T00:00:00Z,78.84523809523809
2009-10-25T00:00:00Z,71.73214285714286
2009-10-26T00:00:00Z,79.08630952380952
2009-10-27T00:00:00Z,92.05357142857143
2009-10-28T00:00:00Z,81.66964285714286
2009-10-29T00:00:00Z,79.02232142857143
2009-10-30T00:00:00Z,84.7485119047619
2009-10-31T00:00:00Z,88.26488095238095
2009-11-01T00:00:00Z,87.72619047619048
2009-11-02T00:00:00Z,81.91071428571429
2009-11-03T00:00:00Z,71.47172619047619
2009-11-04T00:00:00Z,67.51636904761905
2009-11-05T00:00:00Z,62.154761904761905
2009-11-06T00:00:00Z,57.48065476190476
2009-11-07T00:00:00Z,66.16815476190476
2009-11-08T00:00:00Z,67.2514880952381
2009-11-09T00:00:00Z,73.875
2009-11-10T00:00:00Z,88.90922619047619
2009-11-11T00:00:00Z,90.52529761904762
2009-11-12T00:00:00Z,86.6889880952381
2009-11-13T00:00:00Z,82.54464285714286
2009-11-14T00:00:00Z,81.47470238095238
2009-11-15T00:00:00Z,79.17113095238095
2009-11-16T00:00:00Z,76.875
2009-11-17T00:00:00Z,80.77380952380952
2009-11-18T00:00:00Z,89.42559523809524
2009-11-19T00:00:00Z,89.50892857142857
2009-11-20T00:00:00Z,77.32886904761905
2009-11-21T00:00:00Z,74.30357142857143
2009-11-22T00:00:00Z,82.00297619047619
2009-11-23T00:00:00Z,91.46279761904762
2009-11-24T00:00:00Z,88.89583333333333
2009-11-25T00:00:00Z,87.93452380952381
2009-11-26T00:00:00Z,81.59821428571429
2009-11-27T00:00:00Z,57.17708333333333
2009-11-28T00:00:00Z,54.99404761904762
2009-11-29T00:00:00Z,58.924107142857146
2009-11-30T00:00:00Z,68.75297619047619
2009-12-01T00:00:00Z,64.9047619047619
2009-12-02T00:00:00Z,85.63839285714286
2009-12-03T00:00:00Z,71.79315476190476
2009-12-04T00:00:00Z,74.99255952380952
2009-12-05T00:00:00Z,87.16369047619048
2009-12-06T00:00:00Z,74.33928571428571
2009-12-07T00:00:00Z,78.46577380952381
2009-12-08T00:00:00Z,81.4702380952381
2009-12-09T00:00:00Z,76.69494047619048
2009-12-10T00:00:00Z,37.319940476190474
2009-12-11T00:00:00Z,38.694940476190474
2009-12-12T00:00:00Z,53.53422619047619
2009-12-13T00:00:00Z,89.77827380952381
2009-12-14T00:00:00Z,91.34672619047619
2009-12-15T00:00:00Z,83.01041666666667
2009-12-16T00:00:00Z,53.32886904761905
2009-12-17T00:00:00Z,54.65922619047619
2009-12-18T00:00:00Z,77.29464285714286
2009-12-19T00:00:00Z,87.58928571428571
2009-12-20T00:00:00Z,71.79613095238095
2009-12-21T00:00:00Z,71.02529761904762
2009-12-22T00:00:00Z,73.49553571428571
2009-12-23T00:00:00Z,75.45535714285714
2009-12-24T00:00:00Z,69.86309523809524
2009-12-25T00:00:00Z,88.24553571428571
2009-12-26T00:00:00Z,84.23958333333333
2009-12-27T00:00:00Z,65.98214285714286
2009-12-28T00:00:00Z,54.276785714285715
2009-12-29T00:00:00Z,50.38095238095238
2009-12-30T00:00:00Z,57.273809523809526
2009-12-31T00:00:00Z,92.49553571428571
2010-01-01T00:00:00Z,78.89285714285714
2010-01-02T00:00:00Z,46.57142857142857
2010-01-03T00:00:00Z,42.020833333333336
2010-01-04T00:00:00Z,50.294642857142854
2010-01-05T00:00:00Z,54.64732142857143
2010-01-06T00:00:00Z,55.589285714285715
2010-01-07T00:00:00Z,54.30357142857143
2010-01-08T00:00:00Z,53.785714285714285
2010-01-09T00:00:00Z,53.375
2010-01-10T00:00:00Z,51.348214285714285
2010-01-11T00:00:00Z,49.004464285714285
2010-01-12T00:00:00Z,55.742559523809526
2010-01-13T00:00:00Z,58.11904761904762
2010-01-14T00:00:00Z,58.197916666666664
2010-01-15T00:00:00Z,56.73065476190476
2010-01-16T00:00:00Z,61.70386904761905
2010-01-17T00:00:00Z,89.16964285714286
2010-01-18T00:00:00Z,73.23214285714286
2010-01-19T00:00:00Z,70.40178571428571
2010-01-20T00:00:00Z,75.37797619047619
2010-01-21T00:00:00Z,89.31547619047619
2010-01-22T00:00:00Z,91.14880952380952
2010-01-23T00:00:00Z,79.4360119047619
2010-01-24T00:00:00Z,84.49107142857143
2010-01-25T00:00:00Z,67.21577380952381
2010-01-26T00:00:00Z,50.82886904761905
2010-01-27T00:00:00Z,60.086309523809526
2010-01-28T00:00:00Z,57.416666666666664
2010-01-29T00:00:00Z,53.885416666666664
2010-01-30T00:00:00Z,87.18005952380952
2010-01-31T00:00:00Z,69.38988095238095
2010-02-01T00:00:00Z,62.57589285714286
2010-02-02T00:00:00Z,85.77827380952381
2010-02-03T00:00:00Z,78.88988095238095
2010-02-04T00:00:00Z,72.02232142857143
2010-02-05T00:00:00Z,85.92857142857143
2010-02-06T00:00:00Z,84.45535714285714
2010-02-07T00:00:00Z,66.70238095238095
2010-02-08T00:00:00Z,67.21875
2010-02-09T00:00:00Z,82.41964285714286
2010-02-10T00:00:00Z,53.651785714285715
2010-02-11T00:00:00Z,52.086309523809526
2010-02-12T00:00:00Z,64.63988095238095
2010-02-13T00:00:00Z,71.89880952380952
2010-02-14T00:00:00Z,57.55357142857143
2010-02-15T00:00:00Z,69.76041666666667
2010-02-16T00:00:00Z,50.79315476190476
2010-02-17T00:00:00Z,53.88690476190476
2010-02-18T00:00:00Z,53.354166666666664
2010-02-19T00:00:00Z,52.010416666666664
2010-02-20T00:00:00Z,49.010416666666664
2010-02-21T00:00:00Z,53.02827380952381
2010-02-22T00:00:00Z,84.3110119047619
2010-02-23T00:00:00Z,83.28869047619048
2010-02-24T00:00:00Z,81.90773809523809
2010-02-25T00:00:00Z,59.68452380952381
2010-02-26T00:00:00Z,42.714285714285715
2010-02-27T00:00:00Z,50.80654761904762
2010-02-28T00:00:00Z,55.31845238095238
2010-03-01T00:00:00Z,58.813988095238095
2010-03-02T00:00:00Z,80.57589285714286
2010-03-03T00:00:00Z,77.19642857142857
2010-03-04T00:00:00Z,55.53125
2010-03-05T00:00:00Z,45.354166666666664
2010-03-06T00:00:00Z,44.933035714285715
2010-03-07T00:00:00Z,46.482142857142854
2010-03-08T00:00:00Z,47.608630952380956
2010-03-09T00:00:00Z,54.76934523809524
2010-03-10T00:00:00Z,63.25892857142857
2010-03-11T00:00:00Z,91.06696428571429
2010-03-12T00:00:00Z,91.19940476190476
2010-03-13T00:00:00Z,77.51488095238095
2010-03-14T00:00:00Z,NA
2010-03-15T00:00:00Z,67.17113095238095
2010-03-16T00:00:00Z,67.38541666666667
2010-03-17T00:00:00Z,61.226190476190474
2010-03-18T00:00:00Z,55.20535714285714
2010-03-19T00:00:00Z,46.538690476190474
2010-03-20T00:00:00Z,50.07738095238095
2010-03-21T00:00:00Z,70.45982142857143
2010-03-22T00:00:00Z,71.16815476190476
2010-03-23T00:00:00Z,60.098214285714285
2010-03-24T00:00:00Z,52.635416666666664
2010-03-25T00:00:00Z,60.745535714285715
2010-03-26T00:00:00Z,74.79613095238095
2010-03-27T00:00:00Z,60.663690476190474
2010-03-28T00:00:00Z,76.2485119047619
2010-03-29T00:00:00Z,81.80803571428571
2010-03-30T00:00:00Z,56.92559523809524
2010-03-31T00:00:00Z,40.74107142857143
2010-04-01T00:00:00Z,48.717261904761905
2010-04-02T00:00:00Z,55.31845238095238
2010-04-03T00:00:00Z,65.35565476190476
2010-04-04T00:00:00Z,66.18452380952381
2010-04-05T00:00:00Z,62.299107142857146
2010-04-06T00:00:00Z,54.17857142857143
2010-04-07T00:00:00Z,55.927083333333336
2010-04-08T00:00:00Z,69.04464285714286
2010-04-09T00:00:00Z,59.21577380952381
2010-04-10T00:00:00Z,47.748511904761905
2010-04-11T00:00:00Z,56.407738095238095
2010-04-12T00:00:00Z,58.220238095238095
2010-04-13T00:00:00Z,61.985119047619044
2010-04-14T00:00:00Z,72.71875
2010-04-15T00:00:00Z,65.80505952380952
2010-04-16T00:00:00Z,55.30952380952381
2010-04-17T00:00:00Z,49.77827380952381
2010-04-18T00:00:00Z,45.18452380952381
2010-04-19T00:00:00Z,58.392857142857146
2010-04-20T00:00:00Z,64.4375
2010-04-21T00:00:00Z,78.81696428571429
2010-04-22T00:00:00Z,61.62202380952381
2010-04-23T00:00:00Z,63.79315476190476
2010-04-24T00:00:00Z,78.87053571428571
2010-04-25T00:00:00Z,76.87946428571429
2010-04-26T00:00:00Z,64.29613095238095
2010-04-27T00:00:00Z,62.785714285714285
2010-04-28T00:00:00Z,49.157738095238095
2010-04-29T00:00:00Z,55.42559523809524
2010-04-30T00:00:00Z,58.8125
2010-05-01T00:00:00Z,75.23660714285714
2010-05-02T00:00:00Z,72.83630952380952
2010-05-03T00:00:00Z,79.60565476190476
2010-05-04T00:00:00Z,75.52529761904762
2010-05-05T00:00:00Z,69.86309523809524
2010-05-06T00:00:00Z,67.05059523809524
2010-05-07T00:00:00Z,59.38839285714286
2010-05-08T00:00:00Z,50.59375
2010-05-09T00:00:00Z,37.80059523809524
2010-05-10T00:00:00Z,52.70386904761905
2010-05-11T00:00:00Z,70.47172619047619
2010-05-12T00:00:00Z,74.47767857142857
2010-05-13T00:00:00Z,78.26636904761905
2010-05-14T00:00:00Z,72.20089285714286
2010-05-15T00:00:00Z,69.51190476190476
2010-05-16T00:00:00Z,78.46875
2010-05-17T00:00:00Z,89.47767857142857
2010-05-18T00:00:00Z,85.87202380952381
2010-05-19T00:00:00Z,81.25595238095238
2010-05-20T00:00:00Z,70.8125
2010-05-21T00:00:00Z,73.76785714285714
2010-05-22T00:00:00Z,78.64583333333333
2010-05-23T00:00:00Z,79.94047619047619
2010-05-24T00:00:00Z,85.7514880952381
2010-05-25T00:00:00Z,79.76785714285714
2010-05-26T00:00:00Z,72.00446428571428
2010-05-27T00:00:00Z,68.58630952380952
2010-05-28T00:00:00Z,75.19345238095238
2010-05-29T00:00:00Z,77.85416666666667
2010-05-30T00:00:00Z,75.96428571428571
2010-05-31T00:00:00Z,80.55208333333333
2010-06-01T00:00:00Z,83.04464285714286
2010-06-02T00:00:00Z,85.94494047619048
2010-06-03T00:00:00Z,81.47470238095238
2010-06-04T00:00:00Z,78.64285714285714
2010-06-05T00:00:00Z,74.51636904761905
2010-06-06T00:00:00Z,70.76041666666667
2010-06-07T00:00:00Z,62.89136904761905
2010-06-08T00:00:00Z,65.7797619047619
2010-06-09T00:00:00Z,71.26785714285714
2010-06-10T00:00:00Z,71.11458333333333
2010-06-11T00:00:00Z,69.7485119047619
2010-06-12T00:00:00Z,74.03720238095238
2010-06-13T00:00:00Z,77.35565476190476
2010-06-14T00:00:00Z,73.11011904761905
2010-06-15T00:00:00Z,74.24851190476191
2010-06-16T00:00:00Z,81.11755952380952
2010-06-17T00:00:00Z,70.18452380952381
2010-06-18T00:00:00Z,70.05059523809524
2010-06-19T00:00:00Z,75.30803571428571
2010-06-20T00:00:00Z,71.04464285714286
2010-06-21T00:00:00Z,67.63988095238095
2010-06-22T00:00:00Z,69.62946428571429
2010-06-23T00:00:00Z,68.74107142857143
2010-06-24T00:00:00Z,66.50595238095238
2010-06-25T00:00:00Z,70.75446428571429
2010-06-26T00:00:00Z,72.10416666666667
2010-06-27T00:00:00Z,71.23214285714286
2010-06-28T00:00:00Z,67.8125
2010-06-29T00:00:00Z,71.625
2010-06-30T00:00:00Z,81.41220238095238
2010-07-01T00:00:00Z,70.13839285714286
2010-07-02T00:00:00Z,57.013392857142854
2010-07-03T00:00:00Z,59.842261904761905
2010-07-04T00:00:00Z,59.61011904761905
2010-07-05T00:00:00Z,59.055059523809526
2010-07-06T00:00:00Z,59.294642857142854
2010-07-07T00:00:00Z,54.79761904761905
2010-07-08T00:00:00Z,62.58482142857143
2010-07-09T00:00:00Z,71.51934523809524
2010-07-10T00:00:00Z,74.53720238095238
2010-07-11T00:00:00Z,66.34821428571429
2010-07-12T00:00:00Z,82.83779761904762
2010-07-13T00:00:00Z,82.25892857142857
2010-07-14T00:00:00Z,75.89880952380952
2010-07-15T00:00:00Z,73.55059523809524
2010-07-16T00:00:00Z,75.54613095238095
2010-07-17T00:00:00Z,81.46875
2010-07-18T00:00:00Z,80.17410714285714
2010-07-19T00:00:00Z,75.61458333333333
2010-07-20T00:00:00Z,74.16369047619048
2010-07-21T00:00:00Z,72.27678571428571
2010-07-22T00:00:00Z,70.12202380952381
2010-07-23T00:00:00Z,73.71130952380952
2010-07-24T00:00:00Z,71.65029761904762
2010-07-25T00:00:00Z,69.14136904761905
2010-07-26T00:00:00Z,70.88988095238095
2010-07-27T00:00:00Z,81.13095238095238
2010-07-28T00:00:00Z,77.97767857142857
2010-07-29T00:00:00Z,77.46130952380952
2010-07-30T00:00:00Z,69.87797619047619
2010-07-31T00:00:00Z,74.90029761904762
2010-08-01T00:00:00Z,86.00744047619048
2010-08-02T00:00:00Z,82.32589285714286
2010-08-03T00:00:00Z,77.98363095238095
2010-08-04T00:00:00Z,77.64285714285714
2010-08-05T00:00:00Z,79.20535714285714
2010-08-06T00:00:00Z,80.23958333333333
2010-08-07T00:00:00Z,75.80059523809524
2010-08-08T00:00:00Z,76.59375
2010-08-09T00:00:00Z,75.38095238095238
2010-08-10T00:00:00Z,75.57440476190476
2010-08-11T00:00:00Z,73.73363095238095
2010-08-12T00:00:00Z,74.86755952380952
2010-08-13T00:00:00Z,77.43601190476191
2010-08-14T00:00:00Z,76.79464285714286
2010-08-15T00:00:00Z,76.98809523809524
2010-08-16T00:00:00Z,75.80505952380952
2010-08-17T00:00:00Z,76.72619047619048
2010-08-18T00:00:00Z,80.6875
2010-08-19T00:00:00Z,88.39136904761905
2010-08-20T00:00:00Z,79.07738095238095
2010-08-21T00:00:00Z,78.92708333333333
2010-08-22T00:00:00Z,81.04315476190476
2010-08-23T00:00:00Z,76.16220238095238
2010-08-24T00:00:00Z,82.875
2010-08-25T00:00:00Z,80.72321428571429
2010-08-26T00:00:00Z,75.65029761904762
2010-08-27T00:00:00Z,77.15178571428571
2010-08-28T00:00:00Z,75.65029761904762
2010-08-29T00:00:00Z,73.23660714285714
2010-08-30T00:00:00Z,69.47916666666667
2010-08-31T00:00:00Z,65.91369047619048
2010-09-01T00:00:00Z,64.30505952380952
2010-09-02T00:00:00Z,71.87053571428572
2010-09-03T00:00:00Z,62.94047619047619
2010-09-04T00:00:00Z,52.68452380952381
2010-09-05T00:00:00Z,60.461309523809526
2010-09-06T00:00:00Z,65.22767857142857
2010-09-07T00:00:00Z,68.84226190476191
2010-09-08T00:00:00Z,74.99702380952381
2010-09-09T00:00:00Z,58.773809523809526
2010-09-10T00:00:00Z,56.40625
2010-09-11T00:00:00Z,73.74404761904762
2010-09-12T00:00:00Z,75.53125
2010-09-13T00:00:00Z,64.10565476190476
2010-09-14T00:00:00Z,55.677083333333336
2010-09-15T00:00:00Z,56.135416666666664
2010-09-16T00:00:00Z,62.04315476190476
2010-09-17T00:00:00Z,65.45238095238095
2010-09-18T00:00:00Z,67.85416666666667
2010-09-19T00:00:00Z,67.52529761904762
2010-09-20T00:00:00Z,61.47172619047619
2010-09-21T00:00:00Z,62.23809523809524
2010-09-22T00:00:00Z,68.32589285714286
2010-09-23T00:00:00Z,66.15773809523809
2010-09-24T00:00:00Z,63.46279761904762
2010-09-25T00:00:00Z,66.6860119047619
2010-09-26T00:00:00Z,84.3125
2010-09-27T00:00:00Z,94.01190476190476
2010-09-28T00:00:00Z,80.22321428571428
2010-09-29T00:00:00Z,92.35416666666667
2010-09-30T00:00:00Z,84.76041666666667
2010-10-01T00:00:00Z,69.72470238095238
2010-10-02T00:00:00Z,67.7797619047619
2010-10-03T00:00:00Z,79.56994047619048
2010-10-04T00:00:00Z,73.94791666666667
2010-10-05T00:00:00Z,67.86011904761905
2010-10-06T00:00:00Z,62.52232142857143
2010-10-07T00:00:00Z,57.60863095238095
2010-10-08T00:00:00Z,61.470238095238095
2010-10-09T00:00:00Z,64.64732142857143
2010-10-10T00:00:00Z,65.58928571428571
2010-10-11T00:00:00Z,65.29910714285714
2010-10-12T00:00:00Z,65.27232142857143
2010-10-13T00:00:00Z,72.43452380952381
2010-10-14T00:00:00Z,76.84226190476191
2010-10-15T00:00:00Z,56.898809523809526
2010-10-16T00:00:00Z,57.67113095238095
2010-10-17T00:00:00Z,60.157738095238095
2010-10-18T00:00:00Z,64.17410714285714
2010-10-19T00:00:00Z,67.76636904761905
2010-10-20T00:00:00Z,84.88839285714286
2010-10-21T00:00:00Z,63.677083333333336
2010-10-22T00:00:00Z,54.976190476190474
2010-10-23T00:00:00Z,64.5014880952381
2010-10-24T00:00:00Z,70.93005952380952
2010-10-25T00:00:00Z,87.65476190476191
2010-10-26T00:00:00Z,86.0327380952381
2010-10-27T00:00:00Z,81.69791666666667
2010-10-28T00:00:00Z,79.05654761904762
2010-10-29T00:00:00Z,54.53720238095238
2010-10-30T00:00:00Z,65.59523809523809
2010-10-31T00:00:00Z,63.898809523809526
2010-11-01T00:00:00Z,64.76190476190476
2010-11-02T00:00:00Z,64.59970238095238
2010-11-03T00:00:00Z,81.13095238095238
2010-11-04T00:00:00Z,90.80803571428571
2010-11-05T00:00:00Z,72.77380952380952
2010-11-06T00:00:00Z,70.61755952380952
2010-11-07T00:00:00Z,62.73511904761905
2010-11-08T00:00:00Z,53.572916666666664
2010-11-09T00:00:00Z,56.13988095238095
2010-11-10T00:00:00Z,66.44642857142857
2010-11-11T00:00:00Z,68.15922619047619
2010-11-12T00:00:00Z,62.63095238095238
2010-11-13T00:00:00Z,59.645833333333336
2010-11-14T00:00:00Z,67.43452380952381
2010-11-15T00:00:00Z,72.19345238095238
2010-11-16T00:00:00Z,84.0297619047619
2010-11-17T00:00:00Z,62.28422619047619
2010-11-18T00:00:00Z,68.66220238095238
2010-11-19T00:00:00Z,71.58035714285714
2010-11-20T00:00:00Z,72.67708333333333
2010-11-21T00:00:00Z,76.43452380952381
2010-11-22T00:00:00Z,78.04017857142857
2010-11-23T00:00:00Z,79.89434523809524
2010-11-24T00:00:00Z,58.611607142857146
2010-11-25T00:00:00Z,81.25892857142857
2010-11-26T00:00:00Z,78.75446428571429
2010-11-27T00:00:00Z,51.74404761904762
2010-11-28T00:00:00Z,64.62797619047619
2010-11-29T00:00:00Z,74.32142857142857
2010-11-30T00:00:00Z,84.42410714285714
2010-12-01T00:00:00Z,67.56696428571429
2010-12-02T00:00:00Z,60.819940476190474
2010-12-03T00:00:00Z,65.38690476190476
2010-12-04T00:00:00Z,76.32142857142857
2010-12-05T00:00:00Z,65.32142857142857
2010-12-06T00:00:00Z,50.76339285714286
2010-12-07T00:00:00Z,47.586309523809526
2010-12-08T00:00:00Z,51.086309523809526
2010-12-09T00:00:00Z,52.773809523809526
2010-12-10T00:00:00Z,61.104166666666664
2010-12-11T00:00:00Z,77.13690476190476
2010-12-12T00:00:00Z,86.94791666666667
2010-12-13T00:00:00Z,53.401785714285715
2010-12-14T00:00:00Z,39.382440476190474
2010-12-15T00:00:00Z,44.651785714285715
2010-12-16T00:00:00Z,79.69940476190476
2010-12-17T00:00:00Z,80.63244047619048
2010-12-18T00:00:00Z,86.04613095238095
2010-12-19T00:00:00Z,73.5952380952381
2010-12-20T00:00:00Z,60.489583333333336
2010-12-21T00:00:00Z,62.447916666666664
2010-12-22T00:00:00Z,69.20833333333333
2010-12-23T00:00:00Z,52.58482142857143
2010-12-24T00:00:00Z,56.674107142857146
2010-12-25T00:00:00Z,71.38541666666667
2010-12-26T00:00:00Z,85.25446428571429
2010-12-27T00:00:00Z,59.697916666666664
2010-12-28T00:00:00Z,51.76934523809524
2010-12-29T00:00:00Z,61.39434523809524
2010-12-30T00:00:00Z,72.85714285714286
2010-12-31T00:00:00Z,73.40625
2011-01-01T00:00:00Z,88.08928571428571
2011-01-02T00:00:00Z,81.94791666666667
2011-01-03T00:00:00Z,56.357142857142854
2011-01-04T00:00:00Z,64.6264880952381
2011-01-05T00:00:00Z,70.28125
2011-01-06T00:00:00Z,75.58333333333333
2011-01-07T00:00:00Z,73.7485119047619
2011-01-08T00:00:00Z,62.18452380952381
2011-01-09T00:00:00Z,42.135416666666664
2011-01-10T00:00:00Z,68.35863095238095
2011-01-11T00:00:00Z,91.60863095238095
2011-01-12T00:00:00Z,65.24553571428571
2011-01-13T00:00:00Z,55.638392857142854
2011-01-14T00:00:00Z,62.257440476190474
2011-01-15T00:00:00Z,59.416666666666664
2011-01-16T00:00:00Z,64.88244047619048
2011-01-17T00:00:00Z,84.42857142857143
2011-01-18T00:00:00Z,93.23214285714286
2011-01-19T00:00:00Z,82.33482142857143
2011-01-20T00:00:00Z,75.15178571428571
2011-01-21T00:00:00Z,48.677083333333336
2011-01-22T00:00:00Z,46.248511904761905
2011-01-23T00:00:00Z,56.18154761904762
2011-01-24T00:00:00Z,65.12202380952381
2011-01-25T00:00:00Z,81.78720238095238
2011-01-26T00:00:00Z,89.29464285714286
2011-01-27T00:00:00Z,72.84970238095238
2011-01-28T00:00:00Z,69.74107142857143
2011-01-29T00:00:00Z,61.70238095238095
2011-01-30T00:00:00Z,61.69047619047619
2011-01-31T00:00:00Z,76.41815476190476
2011-02-01T00:00:00Z,83.56994047619048
2011-02-02T00:00:00Z,68.99404761904762
2011-02-03T00:00:00Z,48.65625
2011-02-04T00:00:00Z,87.01041666666667
2011-02-05T00:00:00Z,90.17410714285714
2011-02-06T00:00:00Z,75.24107142857143
2011-02-07T00:00:00Z,84.28125
2011-02-08T00:00:00Z,57.93154761904762
2011-02-09T00:00:00Z,54.944940476190474
2011-02-10T00:00:00Z,67.1889880952381
2011-02-11T00:00:00Z,66.37053571428572
2011-02-12T00:00:00Z,49.458333333333336
2011-02-13T00:00:00Z,49.686011904761905
2011-02-14T00:00:00Z,38.083333333333336
2011-02-15T00:00:00Z,42.8125
2011-02-16T00:00:00Z,60.217261904761905
2011-02-17T00:00:00Z,72.88839285714286
2011-02-18T00:00:00Z,65.34077380952381
2011-02-19T00:00:00Z,27.104166666666668
2011-02-20T00:00:00Z,27.519345238095237
2011-02-21T00:00:00Z,53.979166666666664
2011-02-22T00:00:00Z,67.58928571428571
2011-02-23T00:00:00Z,65.70982142857143
2011-02-24T00:00:00Z,74.66666666666667
2011-02-25T00:00:00Z,66.54761904761905
2011-02-26T00:00:00Z,63.157738095238095
2011-02-27T00:00:00Z,64.62946428571429
2011-02-28T00:00:00Z,72.85863095238095
2011-03-01T00:00:00Z,55.566964285714285
2011-03-02T00:00:00Z,58.052083333333336
2011-03-03T00:00:00Z,45.041666666666664
2011-03-04T00:00:00Z,62.702380952380956
2011-03-05T00:00:00Z,78.54166666666667
2011-03-06T00:00:00Z,87.35267857142857
2011-03-07T00:00:00Z,60.11011904761905
2011-03-08T00:00:00Z,58.46577380952381
2011-03-09T00:00:00Z,79.78571428571428
2011-03-10T00:00:00Z,85.03571428571429
2011-03-11T00:00:00Z,61.30059523809524
2011-03-12T00:00:00Z,51.992559523809526
2011-03-13T00:00:00Z,NA
2011-03-14T00:00:00Z,59.45238095238095
2011-03-15T00:00:00Z,75.54761904761905
2011-03-16T00:00:00Z,79.26190476190476
2011-03-17T00:00:00Z,63.67559523809524
2011-03-18T00:00:00Z,55.779761904761905
2011-03-19T00:00:00Z,50.910714285714285
2011-03-20T00:00:00Z,53.736607142857146
2011-03-21T00:00:00Z,63.11309523809524
2011-03-22T00:00:00Z,57.45982142857143
2011-03-23T00:00:00Z,59.5
2011-03-24T00:00:00Z,63.32142857142857
2011-03-25T00:00:00Z,61.02827380952381
2011-03-26T00:00:00Z,77.15029761904762
2011-03-27T00:00:00Z,89.58482142857143
2011-03-28T00:00:00Z,82.9360119047619
2011-03-29T00:00:00Z,67.24553571428571
2011-03-30T00:00:00Z,87.34970238095238
2011-03-31T00:00:00Z,93.23065476190476
2011-04-01T00:00:00Z,67.64583333333333
2011-04-02T00:00:00Z,50.419642857142854
2011-04-03T00:00:00Z,46.842261904761905
2011-04-04T00:00:00Z,52.086309523809526
2011-04-05T00:00:00Z,63.285714285714285
2011-04-06T00:00:00Z,48.041666666666664
2011-04-07T00:00:00Z,50.583333333333336
2011-04-08T00:00:00Z,67.48214285714286
2011-04-09T00:00:00Z,84.99255952380952
2011-04-10T00:00:00Z,85.27529761904762
2011-04-11T00:00:00Z,75.0625
2011-04-12T00:00:00Z,70.17261904761905
2011-04-13T00:00:00Z,60.71875
2011-04-14T00:00:00Z,58.73511904761905
2011-04-15T00:00:00Z,64.71130952380952
2011-04-16T00:00:00Z,71.36011904761905
2011-04-17T00:00:00Z,50.69940476190476
2011-04-18T00:00:00Z,52.604166666666664
2011-04-19T00:00:00Z,60.71875
2011-04-20T00:00:00Z,64.95089285714286
2011-04-21T00:00:00Z,66.79166666666667
2011-04-22T00:00:00Z,80.80803571428571
2011-04-23T00:00:00Z,82.43154761904762
2011-04-24T00:00:00Z,71.78571428571429
2011-04-25T00:00:00Z,73.27529761904762
2011-04-26T00:00:00Z,82.07738095238095
2011-04-27T00:00:00Z,79.80208333333333
2011-04-28T00:00:00Z,74.07291666666667
2011-04-29T00:00:00Z,53.464285714285715
2011-04-30T00:00:00Z,60.421130952380956
2011-05-01T00:00:00Z,68.27678571428571
2011-05-02T00:00:00Z,69.52380952380952
2011-05-03T00:00:00Z,72.27976190476191
2011-05-04T00:00:00Z,71.0297619047619
2011-05-05T00:00:00Z,56.982142857142854
2011-05-06T00:00:00Z,70.7202380952381
2011-05-07T00:00:00Z,67.38392857142857
2011-05-08T00:00:00Z,73.82738095238095
2011-05-09T00:00:00Z,68.67261904761905
2011-05-10T00:00:00Z,67.50744047619048
2011-05-11T00:00:00Z,71.26339285714286
2011-05-12T00:00:00Z,79.39880952380952
2011-05-13T00:00:00Z,82.57738095238095
2011-05-14T00:00:00Z,83.51041666666667
2011-05-15T00:00:00Z,77.17113095238095
2011-05-16T00:00:00Z,72.9702380952381
2011-05-17T00:00:00Z,80.48214285714286
2011-05-18T00:00:00Z,75.2202380952381
2011-05-19T00:00:00Z,70.5625
2011-05-20T00:00:00Z,70.34672619047619
2011-05-21T00:00:00Z,67.86160714285714
2011-05-22T00:00:00Z,68.80654761904762
2011-05-23T00:00:00Z,75.87202380952381
2011-05-24T00:00:00Z,67.41666666666667
2011-05-25T00:00:00Z,66.84077380952381
2011-05-26T00:00:00Z,62.53422619047619
2011-05-27T00:00:00Z,79.625
2011-05-28T00:00:00Z,79.51934523809524
2011-05-29T00:00:00Z,76.28125
2011-05-30T00:00:00Z,71.68452380952381
2011-05-31T00:00:00Z,66.89880952380952
2011-06-01T00:00:00Z,70.21130952380952
2011-06-02T00:00:00Z,61.723214285714285
2011-06-03T00:00:00Z,55.30357142857143
2011-06-04T00:00:00Z,59.947916666666664
2011-06-05T00:00:00Z,67.79017857142857
2011-06-06T00:00:00Z,67.04613095238095
2011-06-07T00:00:00Z,66.46875
2011-06-08T00:00:00Z,65.29017857142857
2011-06-09T00:00:00Z,67.5
2011-06-10T00:00:00Z,67.76190476190476
2011-06-11T00:00:00Z,70.50892857142857
2011-06-12T00:00:00Z,74.20089285714286
2011-06-13T00:00:00Z,71.18452380952381
2011-06-14T00:00:00Z,59.05952380952381
2011-06-15T00:00:00Z,64.26785714285714
2011-06-16T00:00:00Z,67.41666666666667
2011-06-17T00:00:00Z,66.53720238095238
2011-06-18T00:00:00Z,69.45386904761905
2011-06-19T00:00:00Z,71.01488095238095
2011-06-20T00:00:00Z,66.05208333333333
2011-06-21T00:00:00Z,69.26041666666667
2011-06-22T00:00:00Z,70.72916666666667
2011-06-23T00:00:00Z,73.89434523809524
2011-06-24T00:00:00Z,70.05952380952381
2011-06-25T00:00:00Z,63.851190476190474
2011-06-26T00:00:00Z,67.13988095238095
2011-06-27T00:00:00Z,75.87797619047619
2011-06-28T00:00:00Z,74.74553571428571
2011-06-29T00:00:00Z,73.98214285714286
2011-06-30T00:00:00Z,64.61755952380952
