date,avg_temp
2005-01-01T00:00:00Z,53.56547619047619
2005-01-02T00:00:00Z,53.757440476190474
2005-01-03T00:00:00Z,55.913690476190474
2005-01-04T00:00:00Z,61.694940476190474
2005-01-05T00:00:00Z,60.430059523809526
2005-01-06T00:00:00Z,62.004464285714285
2005-01-07T00:00:00Z,55.85565476190476
2005-01-08T00:00:00Z,57.660714285714285
2005-01-09T00:00:00Z,47.623511904761905
2005-01-10T00:00:00Z,49.299107142857146
2005-01-11T00:00:00Z,50.857142857142854
2005-01-12T00:00:00Z,57.95386904761905
2005-01-13T00:00:00Z,65.89880952380952
2005-01-14T00:00:00Z,52.933035714285715
2005-01-15T00:00:00Z,38.546130952380956
2005-01-16T00:00:00Z,37.294642857142854
2005-01-17T00:00:00Z,28.886904761904763
2005-01-18T00:00:00Z,22.729166666666668
2005-01-19T00:00:00Z,25.944940476190474
2005-01-20T00:00:00Z,35.882440476190474
2005-01-21T00:00:00Z,34.62797619047619
2005-01-22T00:00:00Z,33.42857142857143
2005-01-23T00:00:00Z,24.84077380952381
2005-01-24T00:00:00Z,28.020833333333332
2005-01-25T00:00:00Z,38.736607142857146
2005-01-26T00:00:00Z,47.706845238095234
2005-01-27T00:00:00Z,37.09672619047619
2005-01-28T00:00:00Z,26.93452380952381
2005-01-29T00:00:00Z,29.980654761904763
2005-01-30T00:00:00Z,36.498511904761905
2005-01-31T00:00:00Z,37.41964285714286
2005-02-01T00:00:00Z,36.51636904761905
2005-02-02T00:00:00Z,36.67857142857143
2005-02-03T00:00:00Z,36.336309523809526
2005-02-04T00:00:00Z,40.430059523809526
2005-02-05T00:00:00Z,44.501488095238095
2005-02-06T00:00:00Z,45.305059523809526
2005-02-07T00:00:00Z,45.93452380952381
2005-02-08T00:00:00Z,51.979166666666664
2005-02-09T00:00:00Z,55.052083333333336
2005-02-10T00:00:00Z,46.214285714285715
2005-02-11T00:00:00Z,36.345238095238095
2005-02-12T00:00:00Z,43.24107142857143
2005-02-13T00:00:00Z,47.322916666666664
2005-02-14T00:00:00Z,51.083333333333336
2005-02-15T00:00:00Z,52.73363095238095
2005-02-16T00:00:00Z,56.200892857142854
2005-02-17T00:00:00Z,44.419642857142854
2005-02-18T00:00:00Z,37.370535714285715
2005-02-19T00:00:00Z,39.486607142857146
2005-02-20T00:00:00Z,43.66517857142857
2005-02-21T00:00:00Z,52.007440476190474
2005-02-22T00:00:00Z,52.60565476190476
2005-02-23T00:00:00Z,50.785714285714285
2005-02-24T00:00:00Z,41.57440476190476
2005-02-25T00:00:00Z,37.398809523809526
2005-02-26T00:00:00Z,39.438988095238095
2005-02-27T00:00:00Z,40.504464285714285
2005-02-28T00:00:00Z,40.052083333333336
2005-03-01T00:00:00Z,38.763392857142854
2005-03-02T00:00:00Z,36.22470238095238
2005-03-03T00:00:00Z,37.10565476190476
2005-03-04T00:00:00Z,41.42559523809524
2005-03-05T00:00:00Z,47.799107142857146
2005-03-06T00:00:00Z,46.458333333333336
2005-03-07T00:00:00Z,55.154761904761905
2005-03-08T00:00:00Z,46.74404761904762
2005-03-09T00:00:00Z,37.42857142857143
2005-03-10T00:00:00Z,41.498511904761905
2005-03-11T00:00:00Z,46.916666666666664
2005-03-12T00:00:00Z,50.035714285714285
2005-03-13T00:00:00Z,55.51190476190476
2005-03-14T00:00:00Z,43.007440476190474
2005-03-15T00:00:00Z,43.049107142857146
2005-03-16T00:00:00Z,40.351190476190474
2005-03-17T00:00:00Z,36.97172619047619
2005-03-18T00:00:00Z,42.36309523809524
2005-03-19T00:00:00Z,48.24107142857143
2005-03-20T00:00:00Z,52.614583333333336
2005-03-21T00:00:00Z,51.598214285714285
2005-03-22T00:00:00Z,51.38690476190476
2005-03-23T00:00:00Z,59.879464285714285
2005-03-24T00:00:00Z,55.64136904761905
2005-03-25T00:00:00Z,54.05952380952381
2005-03-26T00:00:00Z,53.69642857142857
2005-03-27T00:00:00Z,53.861607142857146
2005-03-28T00:00:00Z,57.67261904761905
2005-03-29T00:00:00Z,59.33184523809524
2005-03-30T00:00:00Z,59.919642857142854
2005-03-31T00:00:00Z,59.98511904761905
2005-04-01T00:00:00Z,60.52827380952381
2005-04-02T00:00:00Z,56.697916666666664
2005-04-03T00:00:00Z,NA
2005-04-04T00:00:00Z,60.57440476190476
2005-04-05T00:00:00Z,62.486607142857146
2005-04-06T00:00:00Z,66.32440476190476
2005-04-07T00:00:00Z,65.3422619047619
2005-04-08T00:00:00Z,63.62797619047619
2005-04-09T00:00:00Z,59.401785714285715
2005-04-10T00:00:00Z,58.026785714285715
2005-04-11T00:00:00Z,61.541666666666664
2005-04-12T00:00:00Z,55.05654761904762
2005-04-13T00:00:00Z,48.532738095238095
2005-04-14T00:00:00Z,49.645833333333336
2005-04-15T00:00:00Z,51.723214285714285
2005-04-16T00:00:00Z,50.392857142857146
2005-04-17T00:00:00Z,53.33779761904762
2005-04-18T00:00:00Z,61.020833333333336
2005-04-19T00:00:00Z,66.41220238095238
2005-04-20T00:00:00Z,69.29315476190476
2005-04-21T00:00:00Z,68.40625
2005-04-22T00:00:00Z,65.13095238095238
2005-04-23T00:00:00Z,61.376488095238095
2005-04-24T00:00:00Z,47.120535714285715
2005-04-25T00:00:00Z,52.888392857142854
2005-04-26T00:00:00Z,57.089285714285715
2005-04-27T00:00:00Z,60.84672619047619
2005-04-28T00:00:00Z,56.90029761904762
2005-04-29T00:00:00Z,61.166666666666664
2005-04-30T00:00:00Z,66.80505952380952
2005-05-01T00:00:00Z,60.697916666666664
2005-05-02T00:00:00Z,58.33482142857143
2005-05-03T00:00:00Z,56.639880952380956
2005-05-04T00:00:00Z,58.223214285714285
2005-05-05T00:00:00Z,56.095238095238095
2005-05-06T00:00:00Z,52.839285714285715
2005-05-07T00:00:00Z,59.058035714285715
2005-05-08T00:00:00Z,65.45684523809524
2005-05-09T00:00:00Z,65.36458333333333
2005-05-10T00:00:00Z,65.38839285714286
2005-05-11T00:00:00Z,69.03422619047619
2005-05-12T00:00:00Z,72.48511904761905
2005-05-13T00:00:00Z,64.04613095238095
2005-05-14T00:00:00Z,68.92857142857143
2005-05-15T00:00:00Z,69.09523809523809
2005-05-16T00:00:00Z,66.07589285714286
2005-05-17T00:00:00Z,65.59821428571429
2005-05-18T00:00:00Z,67.35714285714286
2005-05-19T00:00:00Z,68.11607142857143
2005-05-20T00:00:00Z,66.58630952380952
2005-05-21T00:00:00Z,60.882440476190474
2005-05-22T00:00:00Z,65.8125
2005-05-23T00:00:00Z,70.86160714285714
2005-05-24T00:00:00Z,63.430059523809526
2005-05-25T00:00:00Z,59.11160714285714
2005-05-26T00:00:00Z,66.17559523809524
2005-05-27T00:00:00Z,70.44791666666667
2005-05-28T00:00:00Z,69.79761904761905
2005-05-29T00:00:00Z,68.36755952380952
2005-05-30T00:00:00Z,66.79910714285714
2005-05-31T00:00:00Z,67.5952380952381
2005-06-01T00:00:00Z,63.305059523809526
2005-06-02T00:00:00Z,63.49702380952381
2005-06-03T00:00:00Z,67.31696428571429
2005-06-04T00:00:00Z,72.46130952380952
2005-06-05T00:00:00Z,76.4077380952381
2005-06-06T00:00:00Z,77.59821428571429
2005-06-07T00:00:00Z,76.35565476190476
2005-06-08T00:00:00Z,75.33035714285714
2005-06-09T00:00:00Z,76.53869047619048
2005-06-10T00:00:00Z,77.03273809523809
2005-06-11T00:00:00Z,75.32738095238095
2005-06-12T00:00:00Z,77.14583333333333
2005-06-13T00:00:00Z,79.40476190476191
2005-06-14T00:00:00Z,81.31547619047619
2005-06-15T00:00:00Z,81.67559523809524
2005-06-16T00:00:00Z,77.76785714285714
2005-06-17T00:00:00Z,72.80654761904762
2005-06-18T00:00:00Z,71.58779761904762
2005-06-19T00:00:00Z,70.6264880952381
2005-06-20T00:00:00Z,68.06994047619047
2005-06-21T00:00:00Z,69.59970238095238
2005-06-22T00:00:00Z,75.72172619047619
2005-06-23T00:00:00Z,75.98511904761905
2005-06-24T00:00:00Z,75.67708333333333
2005-06-25T00:00:00Z,75.01041666666667
2005-06-26T00:00:00Z,76.24553571428571
2005-06-27T00:00:00Z,78.64583333333333
2005-06-28T00:00:00Z,75.87053571428571
2005-06-29T00:00:00Z,75.77232142857143
2005-06-30T00:00:00Z,79.28125
2005-07-01T00:00:00Z,81.04315476190476
2005-07-02T00:00:00Z,78.82589285714286
2005-07-03T00:00:00Z,76.6235119047619
2005-07-04T00:00:00Z,77.82589285714286
2005-07-05T00:00:00Z,79.98660714285714
2005-07-06T00:00:00Z,80.64732142857143
2005-07-07T00:00:00Z,78.88690476190476
2005-07-08T00:00:00Z,77.75595238095238
2005-07-09T00:00:00Z,77.96279761904762
2005-07-10T00:00:00Z,78.95535714285714
2005-07-11T00:00:00Z,79.11458333333333
2005-07-12T00:00:00Z,80.86458333333333
2005-07-13T00:00:00Z,77.95982142857143
2005-07-14T00:00:00Z,76.88244047619048
2005-07-15T00:00:00Z,79.27678571428572
2005-07-16T00:00:00Z,80.78273809523809
2005-07-17T00:00:00Z,81.48065476190476
2005-07-18T00:00:00Z,81.49702380952381
2005-07-19T00:00:00Z,81.97767857142857
2005-07-20T00:00:00Z,81.55059523809524
2005-07-21T00:00:00Z,81.55654761904762
2005-07-22T00:00:00Z,81.28422619047619
2005-07-23T00:00:00Z,80.58482142857143
2005-07-24T00:00:00Z,78.56547619047619
2005-07-25T00:00:00Z,81.78571428571429
2005-07-26T00:00:00Z,85.69047619047619
2005-07-27T00:00:00Z,86.56845238095238
2005-07-28T00:00:00Z,81.29166666666667
2005-07-29T00:00:00Z,75.58482142857143
2005-07-30T00:00:00Z,75.93154761904762
2005-07-31T00:00:00Z,74.49851190476191
2005-08-01T00:00:00Z,76.20386904761905
2005-08-02T00:00:00Z,77.71875
2005-08-03T00:00:00Z,79.31994047619048
2005-08-04T00:00:00Z,80.47470238095238
2005-08-05T00:00:00Z,80.22916666666667
2005-08-06T00:00:00Z,78.48660714285714
2005-08-07T00:00:00Z,77
2005-08-08T00:00:00Z,76.51041666666667
2005-08-09T00:00:00Z,76.54910714285714
2005-08-10T00:00:00Z,78.01190476190476
2005-08-11T00:00:00Z,80.66815476190476
2005-08-12T00:00:00Z,81.30505952380952
2005-08-13T00:00:00Z,80.74107142857143
2005-08-14T00:00:00Z,80.51190476190476
2005-08-15T00:00:00Z,82.34375
2005-08-16T00:00:00Z,82.08779761904762
2005-08-17T00:00:00Z,78.09970238095238
2005-08-18T00:00:00Z,76.24107142857143
2005-08-19T00:00:00Z,79.90178571428572
2005-08-20T00:00:00Z,83.30654761904762
2005-08-21T00:00:00Z,83.88392857142857
2005-08-22T00:00:00Z,81.24553571428571
2005-08-23T00:00:00Z,76.76785714285714
2005-08-24T00:00:00Z,76.66964285714286
2005-08-25T00:00:00Z,74.99702380952381
2005-08-26T00:00:00Z,73.44345238095238
2005-08-27T00:00:00Z,75.83779761904762
2005-08-28T00:00:00Z,78.15625
2005-08-29T00:00:00Z,79.01339285714286
2005-08-30T00:00:00Z,80.93452380952381
2005-08-31T00:00:00Z,81.45833333333333
2005-09-01T00:00:00Z,76.8125
2005-09-02T00:00:00Z,76.45535714285714
2005-09-03T00:00:00Z,76.47767857142857
2005-09-04T00:00:00Z,73.43005952380952
2005-09-05T00:00:00Z,72.77380952380952
2005-09-06T00:00:00Z,72.63095238095238
2005-09-07T00:00:00Z,71.91666666666667
2005-09-08T00:00:00Z,72.14583333333333
2005-09-09T00:00:00Z,72.40029761904762
2005-09-10T00:00:00Z,73.49255952380952
2005-09-11T00:00:00Z,72.97619047619048
2005-09-12T00:00:00Z,73.14434523809524
2005-09-13T00:00:00Z,76.20833333333333
2005-09-14T00:00:00Z,76.71279761904762
2005-09-15T00:00:00Z,78.07440476190476
2005-09-16T00:00:00Z,77.56547619047619
2005-09-17T00:00:00Z,78.34821428571429
2005-09-18T00:00:00Z,77.44345238095238
2005-09-19T00:00:00Z,77.1889880952381
2005-09-20T00:00:00Z,77.51934523809524
2005-09-21T00:00:00Z,75.01488095238095
2005-09-22T00:00:00Z,75.20386904761905
2005-09-23T00:00:00Z,76.80654761904762
2005-09-24T00:00:00Z,75.73809523809524
2005-09-25T00:00:00Z,74.95684523809524
2005-09-26T00:00:00Z,74.74107142857143
2005-09-27T00:00:00Z,73.66071428571429
2005-09-28T00:00:00Z,70.46577380952381
2005-09-29T00:00:00Z,72.61011904761905
2005-09-30T00:00:00Z,66.30654761904762
2005-10-01T00:00:00Z,69.63839285714286
2005-10-02T00:00:00Z,69.41666666666667
2005-10-03T00:00:00Z,69.65922619047619
2005-10-04T00:00:00Z,71.31398809523809
2005-10-05T00:00:00Z,73.43005952380952
2005-10-06T00:00:00Z,73.58184523809524
2005-10-07T00:00:00Z,73.1860119047619
2005-10-08T00:00:00Z,74.08779761904762
2005-10-09T00:00:00Z,68.05952380952381
2005-10-10T00:00:00Z,66.20089285714286
2005-10-11T00:00:00Z,68.05357142857143
2005-10-12T00:00:00Z,65.87351190476191
2005-10-13T00:00:00Z,65.0327380952381
2005-10-14T00:00:00Z,65.24553571428571
2005-10-15T00:00:00Z,65.86607142857143
2005-10-16T00:00:00Z,61.450892857142854
2005-10-17T00:00:00Z,56.799107142857146
2005-10-18T00:00:00Z,63.20386904761905
2005-10-19T00:00:00Z,67.77678571428571
2005-10-20T00:00:00Z,70.51488095238095
2005-10-21T00:00:00Z,67.26636904761905
2005-10-22T00:00:00Z,65.88690476190476
2005-10-23T00:00:00Z,55.59672619047619
2005-10-24T00:00:00Z,52.47172619047619
2005-10-25T00:00:00Z,49.64434523809524
2005-10-26T00:00:00Z,50.083333333333336
2005-10-27T00:00:00Z,48.357142857142854
2005-10-28T00:00:00Z,48.767857142857146
2005-10-29T00:00:00Z,46.476190476190474
2005-10-30T00:00:00Z,49.78050595238095
2005-10-31T00:00:00Z,53.191964285714285
2005-11-01T00:00:00Z,56.32142857142857
2005-11-02T00:00:00Z,55.76339285714286
2005-11-03T00:00:00Z,52.20684523809524
2005-11-04T00:00:00Z,58.96875
2005-11-05T00:00:00Z,62.686011904761905
2005-11-06T00:00:00Z,64.68005952380952
2005-11-07T00:00:00Z,61.80952380952381
2005-11-08T00:00:00Z,60.67559523809524
2005-11-09T00:00:00Z,67.80208333333333
2005-11-10T00:00:00Z,58.81845238095238
2005-11-11T00:00:00Z,46.495535714285715
2005-11-12T00:00:00Z,48.5
2005-11-13T00:00:00Z,56.964285714285715
2005-11-14T00:00:00Z,64.14136904761905
2005-11-15T00:00:00Z,66.11309523809524
2005-11-16T00:00:00Z,66.67857142857143
2005-11-17T00:00:00Z,44.651785714285715
2005-11-18T00:00:00Z,37.04315476190476
2005-11-19T00:00:00Z,41.23809523809524
2005-11-20T00:00:00Z,50.108630952380956
2005-11-21T00:00:00Z,54.58482142857143
2005-11-22T00:00:00Z,46.572916666666664
2005-11-23T00:00:00Z,41.32440476190476
2005-11-24T00:00:00Z,52.65029761904762
2005-11-25T00:00:00Z,38.663690476190474
2005-11-26T00:00:00Z,39.1875
2005-11-27T00:00:00Z,46.82738095238095
2005-11-28T00:00:00Z,59.739583333333336
2005-11-29T00:00:00Z,64.26785714285714
2005-11-30T00:00:00Z,51.83779761904762
2005-12-01T00:00:00Z,44.967261904761905
2005-12-02T00:00:00Z,41.663690476190474
2005-12-03T00:00:00Z,40.3125
2005-12-04T00:00:00Z,56.39434523809524
2005-12-05T00:00:00Z,45.691964285714285
2005-12-06T00:00:00Z,37.004464285714285
2005-12-07T00:00:00Z,36.73511904761905
2005-12-08T00:00:00Z,36.85267857142857
2005-12-09T00:00:00Z,40.53125
2005-12-10T00:00:00Z,38.038690476190474
2005-12-11T00:00:00Z,42.05357142857143
2005-12-12T00:00:00Z,42.14434523809524
2005-12-13T00:00:00Z,36.02232142857143
2005-12-14T00:00:00Z,31.43452380952381
2005-12-15T00:00:00Z,40.53422619047619
2005-12-16T00:00:00Z,41.464285714285715
2005-12-17T00:00:00Z,39.91517857142857
2005-12-18T00:00:00Z,39.95684523809524
2005-12-19T00:00:00Z,38.754464285714285
2005-12-20T00:00:00Z,34.55357142857143
2005-12-21T00:00:00Z,32.79910714285714
2005-12-22T00:00:00Z,33.74702380952381
2005-12-23T00:00:00Z,38.552083333333336
2005-12-24T00:00:00Z,43.52232142857143
2005-12-25T00:00:00Z,51.30357142857143
2005-12-26T00:00:00Z,45.69345238095238
2005-12-27T00:00:00Z,42.552083333333336
2005-12-28T00:00:00Z,48.25297619047619
2005-12-29T00:00:00Z,49.84375
2005-12-30T00:00:00Z,43.791666666666664
2005-12-31T00:00:00Z,48.438988095238095
2006-01-01T00:00:00Z,46.44345238095238
2006-01-02T00:00:00Z,50.20684523809524
2006-01-03T00:00:00Z,51.01934523809524
2006-01-04T00:00:00Z,45.708333333333336
2006-01-05T00:00:00Z,49.63988095238095
2006-01-06T00:00:00Z,40.566964285714285
2006-01-07T00:00:00Z,35.25
2006-01-08T00:00:00Z,44.55654761904762
2006-01-09T00:00:00Z,55.56547619047619
2006-01-10T00:00:00Z,52.517857142857146
2006-01-11T00:00:00Z,56.38095238095238
2006-01-12T00:00:00Z,54.65029761904762
2006-01-13T00:00:00Z,57.220238095238095
2006-01-14T00:00:00Z,44.345238095238095
2006-01-15T00:00:00Z,40.336309523809526
2006-01-16T00:00:00Z,45.413690476190474
2006-01-17T00:00:00Z,56.498511904761905
2006-01-18T00:00:00Z,47.14434523809524
2006-01-19T00:00:00Z,44.154761904761905
2006-01-20T00:00:00Z,49.00297619047619
2006-01-21T00:00:00Z,55.017857142857146
2006-01-22T00:00:00Z,45.25
2006-01-23T00:00:00Z,47.211309523809526
2006-01-24T00:00:00Z,50.510416666666664
2006-01-25T00:00:00Z,44.58184523809524
2006-01-26T00:00:00Z,37.592261904761905
2006-01-27T00:00:00Z,35.94345238095238
2006-01-28T00:00:00Z,43.305059523809526
2006-01-29T00:00:00Z,54.77827380952381
2006-01-30T00:00:00Z,55.501488095238095
2006-01-31T00:00:00Z,46.33184523809524
2006-02-01T00:00:00Z,39.700892857142854
2006-02-02T00:00:00Z,46.77232142857143
2006-02-03T00:00:00Z,57.154761904761905
2006-02-04T00:00:00Z,55.91517857142857
2006-02-05T00:00:00Z,39.683035714285715
2006-02-06T00:00:00Z,39.69345238095238
2006-02-07T00:00:00Z,40.995535714285715
2006-02-08T00:00:00Z,37.15625
2006-02-09T00:00:00Z,35.683035714285715
2006-02-10T00:00:00Z,37.92113095238095
2006-02-11T00:00:00Z,41.12797619047619
2006-02-12T00:00:00Z,35.663690476190474
2006-02-13T00:00:00Z,33.276785714285715
2006-02-14T00:00:00Z,40.566964285714285
2006-02-15T00:00:00Z,49.111607142857146
2006-02-16T00:00:00Z,54.151785714285715
2006-02-17T00:00:00Z,57.910714285714285
2006-02-18T00:00:00Z,40.345238095238095
2006-02-19T00:00:00Z,31.019345238095237
2006-02-20T00:00:00Z,38.11607142857143
2006-02-21T00:00:00Z,46.34672619047619
2006-02-22T00:00:00Z,48.580357142857146
2006-02-23T00:00:00Z,48.651785714285715
2006-02-24T00:00:00Z,46.36309523809524
2006-02-25T00:00:00Z,47.145833333333336
2006-02-26T00:00:00Z,38.80059523809524
2006-02-27T00:00:00Z,38.450892857142854
2006-02-28T00:00:00Z,52.65922619047619
2006-03-01T00:00:00Z,59.09672619047619
2006-03-02T00:00:00Z,63.69345238095238
2006-03-03T00:00:00Z,46.254464285714285
2006-03-04T00:00:00Z,41.1875
2006-03-05T00:00:00Z,44.479166666666664
2006-03-06T00:00:00Z,46.651785714285715
2006-03-07T00:00:00Z,43.57142857142857
2006-03-08T00:00:00Z,46.107142857142854
2006-03-09T00:00:00Z,58.11011904761905
2006-03-10T00:00:00Z,64.98363095238095
2006-03-11T00:00:00Z,63.38839285714286
2006-03-12T00:00:00Z,68.01190476190476
2006-03-13T00:00:00Z,69.17410714285714
2006-03-14T00:00:00Z,61.751488095238095
2006-03-15T00:00:00Z,49.98065476190476
2006-03-16T00:00:00Z,51.50892857142857
2006-03-17T00:00:00Z,53.717261904761905
2006-03-18T00:00:00Z,46.589285714285715
2006-03-19T00:00:00Z,45.08482142857143
2006-03-20T00:00:00Z,43.092261904761905
2006-03-21T00:00:00Z,41.200892857142854
2006-03-22T00:00:00Z,41.839285714285715
2006-03-23T00:00:00Z,42.782738095238095
2006-03-24T00:00:00Z,42.93154761904762
2006-03-25T00:00:00Z,41.854166666666664
2006-03-26T00:00:00Z,41.766369047619044
2006-03-27T00:00:00Z,45.092261904761905
2006-03-28T00:00:00Z,51.16815476190476
2006-03-29T00:00:00Z,53.67559523809524
2006-03-30T00:00:00Z,55.107142857142854
2006-03-31T00:00:00Z,61.34970238095238
2006-04-01T00:00:00Z,67.25744047619048
2006-04-02T00:00:00Z,NA
2006-04-03T00:00:00Z,64.90625
2006-04-04T00:00:00Z,55.36607142857143
2006-04-05T00:00:00Z,56.89732142857143
2006-04-06T00:00:00Z,57.57142857142857
2006-04-07T00:00:00Z,68.59375
2006-04-08T00:00:00Z,63.654761904761905
2006-04-09T00:00:00Z,49.732142857142854
2006-04-10T00:00:00Z,51.455357142857146
2006-04-11T00:00:00Z,56.697916666666664
2006-04-12T00:00:00Z,60.75297619047619
2006-04-13T00:00:00Z,65.72321428571429
2006-04-14T00:00:00Z,69.875
2006-04-15T00:00:00Z,75.32440476190476
2006-04-16T00:00:00Z,73.10863095238095
2006-04-17T00:00:00Z,64.5639880952381
2006-04-18T00:00:00Z,57.71577380952381
2006-04-19T00:00:00Z,59.65625
2006-04-20T00:00:00Z,65.01190476190476
2006-04-21T00:00:00Z,67.67857142857143
2006-04-22T00:00:00Z,66.23511904761905
2006-04-23T00:00:00Z,67.45833333333333
2006-04-24T00:00:00Z,69.9389880952381
2006-04-25T00:00:00Z,70.85416666666667
2006-04-26T00:00:00Z,59.43154761904762
2006-04-27T00:00:00Z,54.74107142857143
2006-04-28T00:00:00Z,57.96577380952381
2006-04-29T00:00:00Z,56.413690476190474
2006-04-30T00:00:00Z,54.555059523809526
2006-05-01T00:00:00Z,56.68452380952381
2006-05-02T00:00:00Z,60.132440476190474
2006-05-03T00:00:00Z,66.61904761904762
2006-05-04T00:00:00Z,66.78571428571429
2006-05-05T00:00:00Z,67.68452380952381
2006-05-06T00:00:00Z,68.19642857142857
2006-05-07T00:00:00Z,57.680059523809526
2006-05-08T00:00:00Z,54.26934523809524
2006-05-09T00:00:00Z,57.25892857142857
2006-05-10T00:00:00Z,61.74702380952381
2006-05-11T00:00:00Z,66.7172619047619
2006-05-12T00:00:00Z,60.623511904761905
2006-05-13T00:00:00Z,62.31845238095238
2006-05-14T00:00:00Z,62.183035714285715
2006-05-15T00:00:00Z,60.92857142857143
2006-05-16T00:00:00Z,59.16220238095238
2006-05-17T00:00:00Z,62.098214285714285
2006-05-18T00:00:00Z,63.373511904761905
2006-05-19T00:00:00Z,62.217261904761905
2006-05-20T00:00:00Z,67.92559523809524
2006-05-21T00:00:00Z,71.51636904761905
2006-05-22T00:00:00Z,66.28125
2006-05-23T00:00:00Z,63.566964285714285
2006-05-24T00:00:00Z,65.5625
2006-05-25T00:00:00Z,72.87202380952381
2006-05-26T00:00:00Z,75.59970238095238
2006-05-27T00:00:00Z,75.81845238095238
2006-05-28T00:00:00Z,74.63392857142857
2006-05-29T00:00:00Z,73.9672619047619
2006-05-30T00:00:00Z,75.30357142857143
2006-05-31T00:00:00Z,74.99702380952381
2006-06-01T00:00:00Z,75.41071428571429
2006-06-02T00:00:00Z,75.00446428571429
2006-06-03T00:00:00Z,71.26934523809524
2006-06-04T00:00:00Z,69.01190476190476
2006-06-05T00:00:00Z,65.44345238095238
2006-06-06T00:00:00Z,65.60863095238095
2006-06-07T00:00:00Z,70.41815476190476
2006-06-08T00:00:00Z,71.41815476190476
2006-06-09T00:00:00Z,72.70089285714286
2006-06-10T00:00:00Z,75.8735119047619
2006-06-11T00:00:00Z,73.92708333333333
2006-06-12T00:00:00Z,72.43005952380952
2006-06-13T00:00:00Z,67.8125
2006-06-14T00:00:00Z,70.02827380952381
2006-06-15T00:00:00Z,71.51488095238095
2006-06-16T00:00:00Z,72.04166666666667
2006-06-17T00:00:00Z,73.23214285714286
2006-06-18T00:00:00Z,73.83184523809524
2006-06-19T00:00:00Z,75.02529761904762
2006-06-20T00:00:00Z,78.76488095238095
2006-06-21T00:00:00Z,78.38244047619048
2006-06-22T00:00:00Z,79.48214285714286
2006-06-23T00:00:00Z,77.48958333333333
2006-06-24T00:00:00Z,76.7202380952381
2006-06-25T00:00:00Z,75.68154761904762
2006-06-26T00:00:00Z,75.39583333333333
2006-06-27T00:00:00Z,75.5625
2006-06-28T00:00:00Z,77.54761904761905
2006-06-29T00:00:00Z,77.11755952380952
2006-06-30T00:00:00Z,75.68005952380952
2006-07-01T00:00:00Z,76.51934523809524
2006-07-02T00:00:00Z,79.97619047619048
2006-07-03T00:00:00Z,81.51636904761905
2006-07-04T00:00:00Z,80.78125
2006-07-05T00:00:00Z,79.12053571428571
2006-07-06T00:00:00Z,73.00595238095238
2006-07-07T00:00:00Z,70.68452380952381
2006-07-08T00:00:00Z,70.53422619047619
2006-07-09T00:00:00Z,71.84375
2006-07-10T00:00:00Z,76.30654761904762
2006-07-11T00:00:00Z,78.76636904761905
2006-07-12T00:00:00Z,80.41369047619048
2006-07-13T00:00:00Z,81.03125
2006-07-14T00:00:00Z,80.03422619047619
2006-07-15T00:00:00Z,80.9360119047619
2006-07-16T00:00:00Z,80.88839285714286
2006-07-17T00:00:00Z,80.25744047619048
2006-07-18T00:00:00Z,81.42708333333333
2006-07-19T00:00:00Z,80.75744047619048
2006-07-20T00:00:00Z,77.95386904761905
2006-07-21T00:00:00Z,80.34672619047619
2006-07-22T00:00:00Z,80.11011904761905
2006-07-23T00:00:00Z,76.26636904761905
2006-07-24T00:00:00Z,76.17113095238095
2006-07-25T00:00:00Z,76.48958333333333
2006-07-26T00:00:00Z,78.44494047619048
2006-07-27T00:00:00Z,80.16220238095238
2006-07-28T00:00:00Z,82.31994047619048
2006-07-29T00:00:00Z,79.36458333333333
2006-07-30T00:00:00Z,79.55505952380952
2006-07-31T00:00:00Z,82.55059523809524
2006-08-01T00:00:00Z,84.37946428571429
2006-08-02T00:00:00Z,84.77380952380952
2006-08-03T00:00:00Z,84.96875
2006-08-04T00:00:00Z,85.15327380952381
2006-08-05T00:00:00Z,80.59077380952381
2006-08-06T00:00:00Z,80.32886904761905
2006-08-07T00:00:00Z,80.62202380952381
2006-08-08T00:00:00Z,81.3422619047619
2006-08-09T00:00:00Z,78.75446428571429
2006-08-10T00:00:00Z,79.38392857142857
2006-08-11T00:00:00Z,75.59672619047619
2006-08-12T00:00:00Z,70.92410714285714
2006-08-13T00:00:00Z,71.98809523809524
2006-08-14T00:00:00Z,75.00892857142857
2006-08-15T00:00:00Z,78.34077380952381
2006-08-16T00:00:00Z,77.60416666666667
2006-08-17T00:00:00Z,76.57440476190476
2006-08-18T00:00:00Z,76.57886904761905
2006-08-19T00:00:00Z,77.89285714285714
2006-08-20T00:00:00Z,80.01488095238095
2006-08-21T00:00:00Z,78.59970238095238
2006-08-22T00:00:00Z,77.11160714285714
2006-08-23T00:00:00Z,77.33035714285714
2006-08-24T00:00:00Z,76.25
2006-08-25T00:00:00Z,76.37946428571429
2006-08-26T00:00:00Z,76.99255952380952
2006-08-27T00:00:00Z,77.51339285714286
2006-08-28T00:00:00Z,80.22172619047619
2006-08-29T00:00:00Z,82.87946428571429
2006-08-30T00:00:00Z,78.82142857142857
2006-08-31T00:00:00Z,73.73214285714286
2006-09-01T00:00:00Z,70.10267857142857
2006-09-02T00:00:00Z,70.60565476190476
2006-09-03T00:00:00Z,74.99404761904762
2006-09-04T00:00:00Z,75.22172619047619
2006-09-05T00:00:00Z,73.47916666666667
2006-09-06T00:00:00Z,70.75297619047619
2006-09-07T00:00:00Z,70.9047619047619
2006-09-08T00:00:00Z,71.99107142857143
2006-09-09T00:00:00Z,71.94494047619048
2006-09-10T00:00:00Z,72.69196428571429
2006-09-11T00:00:00Z,70.35863095238095
2006-09-12T00:00:00Z,66.16071428571429
2006-09-13T00:00:00Z,65.03422619047619
2006-09-14T00:00:00Z,69.66517857142857
2006-09-15T00:00:00Z,69.78125
2006-09-16T00:00:00Z,69.03869047619048
2006-09-17T00:00:00Z,70.51636904761905
2006-09-18T00:00:00Z,72.68303571428571
2006-09-19T00:00:00Z,74.76636904761905
2006-09-20T00:00:00Z,66.75297619047619
2006-09-21T00:00:00Z,60.71279761904762
2006-09-22T00:00:00Z,66.00744047619048
2006-09-23T00:00:00Z,75.1577380952381
2006-09-24T00:00:00Z,77.20238095238095
2006-09-25T00:00:00Z,68.30952380952381
2006-09-26T00:00:00Z,64.70386904761905
2006-09-27T00:00:00Z,64.57738095238095
2006-09-28T00:00:00Z,65.99553571428571
2006-09-29T00:00:00Z,59.91815476190476
2006-09-30T00:00:00Z,60.507440476190474
2006-10-01T00:00:00Z,65.88095238095238
2006-10-02T00:00:00Z,63.986607142857146
2006-10-03T00:00:00Z,65.19196428571429
2006-10-04T00:00:00Z,69.07738095238095
2006-10-05T00:00:00Z,71.31696428571429
2006-10-06T00:00:00Z,64.1889880952381
2006-10-07T00:00:00Z,57.24107142857143
2006-10-08T00:00:00Z,63.63690476190476
2006-10-09T00:00:00Z,65.04464285714286
2006-10-10T00:00:00Z,66.62946428571429
2006-10-11T00:00:00Z,65.48660714285714
2006-10-12T00:00:00Z,65.95535714285714
2006-10-13T00:00:00Z,53.04017857142857
2006-10-14T00:00:00Z,49.802083333333336
2006-10-15T00:00:00Z,50.51934523809524
2006-10-16T00:00:00Z,54.961309523809526
2006-10-17T00:00:00Z,62.15625
2006-10-18T00:00:00Z,69.01041666666667
2006-10-19T00:00:00Z,67.79464285714286
2006-10-20T00:00:00Z,67.70684523809524
2006-10-21T00:00:00Z,54.58482142857143
2006-10-22T00:00:00Z,55.688988095238095
2006-10-23T00:00:00Z,50.351190476190474
2006-10-24T00:00:00Z,42.77232142857143
2006-10-25T00:00:00Z,43.87797619047619
2006-10-26T00:00:00Z,48.18154761904762
2006-10-27T00:00:00Z,53.21577380952381
2006-10-28T00:00:00Z,62.16815476190476
2006-10-29T00:00:00Z,55.523809523809526
2006-10-30T00:00:00Z,58.075892857142854
2006-10-31T00:00:00Z,59.84970238095238
2006-11-01T00:00:00Z,64.02083333333333
2006-11-02T00:00:00Z,56.52529761904762
2006-11-03T00:00:00Z,41.8125
2006-11-04T00:00:00Z,39.26488095238095
2006-11-05T00:00:00Z,42.348214285714285
2006-11-06T00:00:00Z,48.61011904761905
2006-11-07T00:00:00Z,55.891369047619044
2006-11-08T00:00:00Z,60.013392857142854
2006-11-09T00:00:00Z,60.64732142857143
2006-11-10T00:00:00Z,62.401785714285715
2006-11-11T00:00:00Z,64.27678571428572
2006-11-12T00:00:00Z,52.933035714285715
2006-11-13T00:00:00Z,54.12797619047619
2006-11-14T00:00:00Z,56.714285714285715
2006-11-15T00:00:00Z,58.88392857142857
2006-11-16T00:00:00Z,62.172619047619044
2006-11-17T00:00:00Z,49.421130952380956
2006-11-18T00:00:00Z,46.470238095238095
2006-11-19T00:00:00Z,45.09375
2006-11-20T00:00:00Z,45.11011904761905
2006-11-21T00:00:00Z,43.635416666666664
2006-11-22T00:00:00Z,48.29761904761905
2006-11-23T00:00:00Z,47.992559523809526
2006-11-24T00:00:00Z,50.538690476190474
2006-11-25T00:00:00Z,49.26488095238095
2006-11-26T00:00:00Z,49.81845238095238
2006-11-27T00:00:00Z,52.3125
2006-11-28T00:00:00Z,56.766369047619044
2006-11-29T00:00:00Z,61.07589285714286
2006-11-30T00:00:00Z,65.06994047619048
2006-12-01T00:00:00Z,67.66369047619048
2006-12-02T00:00:00Z,49.13095238095238
2006-12-03T00:00:00Z,46.95089285714286
2006-12-04T00:00:00Z,40.419642857142854
2006-12-05T00:00:00Z,38.68154761904762
2006-12-06T00:00:00Z,44.413690476190474
2006-12-07T00:00:00Z,48.214285714285715
2006-12-08T00:00:00Z,28.483630952380953
2006-12-09T00:00:00Z,31.739583333333332
2006-12-10T00:00:00Z,39.950892857142854
2006-12-11T00:00:00Z,44.486607142857146
2006-12-12T00:00:00Z,46.904761904761905
2006-12-13T00:00:00Z,52.94345238095238
2006-12-14T00:00:00Z,51.785714285714285
2006-12-15T00:00:00Z,53.21875
2006-12-16T00:00:00Z,50.57142857142857
2006-12-17T00:00:00Z,51.40922619047619
2006-12-18T00:00:00Z,56.52232142857143
2006-12-19T00:00:00Z,53.40029761904762
2006-12-20T00:00:00Z,43.938988095238095
2006-12-21T00:00:00Z,49.069940476190474
2006-12-22T00:00:00Z,58.486607142857146
2006-12-23T00:00:00Z,60.54017857142857
2006-12-24T00:00:00Z,50.36904761904762
2006-12-25T00:00:00Z,52.197916666666664
2006-12-26T00:00:00Z,51.46875
2006-12-27T00:00:00Z,42.47470238095238
2006-12-28T00:00:00Z,42.001488095238095
2006-12-29T00:00:00Z,45.89434523809524
2006-12-30T00:00:00Z,49.742559523809526
2006-12-31T00:00:00Z,55.66517857142857
2007-01-01T00:00:00Z,60.32142857142857
2007-01-02T00:00:00Z,45.148809523809526
2007-01-03T00:00:00Z,45.74404761904762
2007-01-04T00:00:00Z,56.61607142857143
2007-01-05T00:00:00Z,64.41220238095238
2007-01-06T00:00:00Z,61.476190476190474
2007-01-07T00:00:00Z,55.69345238095238
2007-01-08T00:00:00Z,55.44642857142857
2007-01-09T00:00:00Z,41.592261904761905
2007-01-10T00:00:00Z,36.70238095238095
2007-01-11T00:00:00Z,37.71279761904762
2007-01-12T00:00:00Z,50.160714285714285
2007-01-13T00:00:00Z,57.13690476190476
2007-01-14T00:00:00Z,59.757440476190474
2007-01-15T00:00:00Z,62.96577380952381
2007-01-16T00:00:00Z,53.76488095238095
2007-01-17T00:00:00Z,34.83779761904762
2007-01-18T00:00:00Z,34.54315476190476
2007-01-19T00:00:00Z,42.114583333333336
2007-01-20T00:00:00Z,37.69642857142857
2007-01-21T00:00:00Z,35.648809523809526
2007-01-22T00:00:00Z,39.686011904761905
2007-01-23T00:00:00Z,39.851190476190474
2007-01-24T00:00:00Z,38.407738095238095
2007-01-25T00:00:00Z,38.075892857142854
2007-01-26T00:00:00Z,35.33184523809524
2007-01-27T00:00:00Z,47.822916666666664
2007-01-28T00:00:00Z,45.273809523809526
2007-01-29T00:00:00Z,28.331845238095237
2007-01-30T00:00:00Z,36.507440476190474
2007-01-31T00:00:00Z,31.526785714285715
2007-02-01T00:00:00Z,33.52827380952381
2007-02-02T00:00:00Z,40.01785714285714
2007-02-03T00:00:00Z,36.933035714285715
2007-02-04T00:00:00Z,38.14732142857143
2007-02-05T00:00:00Z,30.833333333333332
2007-02-06T00:00:00Z,28.888392857142858
2007-02-07T00:00:00Z,43.663690476190474
2007-02-08T00:00:00Z,36.489583333333336
2007-02-09T00:00:00Z,34.001488095238095
2007-02-10T00:00:00Z,34.59077380952381
2007-02-11T00:00:00Z,34.342261904761905
2007-02-12T00:00:00Z,43.995535714285715
2007-02-13T00:00:00Z,47.47470238095238
2007-02-14T00:00:00Z,40.51636904761905
2007-02-15T00:00:00Z,30.144345238095237
2007-02-16T00:00:00Z,30.351190476190478
2007-02-17T00:00:00Z,34.110119047619044
2007-02-18T00:00:00Z,36.098214285714285
2007-02-19T00:00:00Z,35.6875
2007-02-20T00:00:00Z,50.57738095238095
2007-02-21T00:00:00Z,56.36607142857143
2007-02-22T00:00:00Z,56.68452380952381
2007-02-23T00:00:00Z,44.933035714285715
2007-02-24T00:00:00Z,42.54017857142857
2007-02-25T00:00:00Z,47.058035714285715
2007-02-26T00:00:00Z,49.06845238095238
2007-02-27T00:00:00Z,49.069940476190474
2007-02-28T00:00:00Z,47.89136904761905
2007-03-01T00:00:00Z,53.447916666666664
2007-03-02T00:00:00Z,58.85863095238095
2007-03-03T00:00:00Z,53.70982142857143
2007-03-04T00:00:00Z,41.59672619047619
2007-03-05T00:00:00Z,45.517857142857146
2007-03-06T00:00:00Z,45.239583333333336
2007-03-07T00:00:00Z,50.51934523809524
2007-03-08T00:00:00Z,44.18154761904762
2007-03-09T00:00:00Z,45.035714285714285
2007-03-10T00:00:00Z,53.811011904761905
2007-03-11T00:00:00Z,NA
2007-03-12T00:00:00Z,51.25
2007-03-13T00:00:00Z,58.875
2007-03-14T00:00:00Z,65.65029761904762
2007-03-15T00:00:00Z,66.33482142857143
2007-03-16T00:00:00Z,50.882440476190474
2007-03-17T00:00:00Z,39.879464285714285
2007-03-18T00:00:00Z,38.663690476190474
2007-03-19T00:00:00Z,45.47470238095238
2007-03-20T00:00:00Z,60.49404761904762
2007-03-21T00:00:00Z,55.94047619047619
2007-03-22T00:00:00Z,60.24107142857143
2007-03-23T00:00:00Z,65.75595238095238
2007-03-24T00:00:00Z,67.9702380952381
2007-03-25T00:00:00Z,65.74553571428571
2007-03-26T00:00:00Z,60.797619047619044
2007-03-27T00:00:00Z,68.98958333333333
2007-03-28T00:00:00Z,68.58630952380952
2007-03-29T00:00:00Z,52.875
2007-03-30T00:00:00Z,52.76488095238095
2007-03-31T00:00:00Z,60.861607142857146
2007-04-01T00:00:00Z,65.41815476190476
2007-04-02T00:00:00Z,68.83184523809524
2007-04-03T00:00:00Z,67.98363095238095
2007-04-04T00:00:00Z,68.15922619047619
2007-04-05T00:00:00Z,50.802083333333336
2007-04-06T00:00:00Z,44.379464285714285
2007-04-07T00:00:00Z,38.907738095238095
2007-04-08T00:00:00Z,39.986607142857146
2007-04-09T00:00:00Z,43.563988095238095
2007-04-10T00:00:00Z,47.20238095238095
2007-04-11T00:00:00Z,52.138392857142854
2007-04-12T00:00:00Z,62.16815476190476
2007-04-13T00:00:00Z,55.879464285714285
2007-04-14T00:00:00Z,57.782738095238095
2007-04-15T00:00:00Z,59.80059523809524
2007-04-16T00:00:00Z,52.17410714285714
2007-04-17T00:00:00Z,58.479166666666664
2007-04-18T00:00:00Z,55.336309523809526
2007-04-19T00:00:00Z,52.16815476190476
2007-04-20T00:00:00Z,55.077380952380956
2007-04-21T00:00:00Z,58.486607142857146
2007-04-22T00:00:00Z,63.10863095238095
2007-04-23T00:00:00Z,66.2514880952381
2007-04-24T00:00:00Z,68.67113095238095
2007-04-25T00:00:00Z,72.00595238095238
2007-04-26T00:00:00Z,70.11309523809524
2007-04-27T00:00:00Z,71.16369047619048
2007-04-28T00:00:00Z,65.84970238095238
2007-04-29T00:00:00Z,66.32589285714286
2007-04-30T00:00:00Z,69.76190476190476
2007-05-01T00:00:00Z,73.93898809523809
2007-05-02T00:00:00Z,74.17559523809524
2007-05-03T00:00:00Z,65.03720238095238
2007-05-04T00:00:00Z,56.86309523809524
2007-05-05T00:00:00Z,60.35863095238095
2007-05-06T00:00:00Z,59.327380952380956
2007-05-07T00:00:00Z,55.54017857142857
2007-05-08T00:00:00Z,60.342261904761905
2007-05-09T00:00:00Z,67.49702380952381
2007-05-10T00:00:00Z,69.23065476190476
2007-05-11T00:00:00Z,71.63392857142857
2007-05-12T00:00:00Z,70.07738095238095
2007-05-13T00:00:00Z,65.85416666666667
2007-05-14T00:00:00Z,61.183035714285715
2007-05-15T00:00:00Z,66.82589285714286
2007-05-16T00:00:00Z,69.99255952380952
2007-05-17T00:00:00Z,63.861607142857146
2007-05-18T00:00:00Z,59.279761904761905
2007-05-19T00:00:00Z,59.229166666666664
2007-05-20T00:00:00Z,66.31547619047619
2007-05-21T00:00:00Z,69.61160714285714
2007-05-22T00:00:00Z,68.91369047619048
2007-05-23T00:00:00Z,68.34672619047619
2007-05-24T00:00:00Z,67.66220238095238
2007-05-25T00:00:00Z,69.05208333333333
2007-05-26T00:00:00Z,72.09077380952381
2007-05-27T00:00:00Z,73.26636904761905
2007-05-28T00:00:00Z,73.5952380952381
2007-05-29T00:00:00Z,74.46726190476191
2007-05-30T00:00:00Z,74.21279761904762
2007-05-31T00:00:00Z,73.85416666666667
2007-06-01T00:00:00Z,73.64434523809524
2007-06-02T00:00:00Z,70.86160714285714
2007-06-03T00:00:00Z,69.19345238095238
2007-06-04T00:00:00Z,74.56845238095238
2007-06-05T00:00:00Z,76.22172619047619
2007-06-06T00:00:00Z,72.98065476190476
2007-06-07T00:00:00Z,77.04464285714286
2007-06-08T00:00:00Z,80.70982142857143
2007-06-09T00:00:00Z,79.72321428571429
2007-06-10T00:00:00Z,74.96130952380952
2007-06-11T00:00:00Z,70.73660714285714
2007-06-12T00:00:00Z,70.92410714285714
2007-06-13T00:00:00Z,69.52380952380952
2007-06-14T00:00:00Z,65.31398809523809
2007-06-15T00:00:00Z,64.58184523809524
2007-06-16T00:00:00Z,69.93005952380952
2007-06-17T00:00:00Z,75.59077380952381
2007-06-18T00:00:00Z,78.98958333333333
2007-06-19T00:00:00Z,80.11160714285714
2007-06-20T00:00:00Z,74.92857142857143
2007-06-21T00:00:00Z,73.55059523809524
2007-06-22T00:00:00Z,76.32142857142857
2007-06-23T00:00:00Z,75.54613095238095
2007-06-24T00:00:00Z,76.36755952380952
2007-06-25T00:00:00Z,76.83482142857143
2007-06-26T00:00:00Z,78.52380952380952
2007-06-27T00:00:00Z,78.89434523809524
2007-06-28T00:00:00Z,79.71279761904762
2007-06-29T00:00:00Z,78.67113095238095
2007-06-30T00:00:00Z,76.69494047619048
2007-07-01T00:00:00Z,75.38690476190476
2007-07-02T00:00:00Z,71.44196428571429
2007-07-03T00:00:00Z,71.70535714285714
2007-07-04T00:00:00Z,74.3764880952381
2007-07-05T00:00:00Z,77.46279761904762
2007-07-06T00:00:00Z,79.38392857142857
2007-07-07T00:00:00Z,77.82142857142857
2007-07-08T00:00:00Z,78.83035714285714
2007-07-09T00:00:00Z,79.98660714285714
2007-07-10T00:00:00Z,79.55357142857143
2007-07-11T00:00:00Z,79.34523809523809
2007-07-12T00:00:00Z,77.82440476190476
2007-07-13T00:00:00Z,74.5014880952381
2007-07-14T00:00:00Z,74.09821428571429
2007-07-15T00:00:00Z,76.61011904761905
2007-07-16T00:00:00Z,78.96428571428571
2007-07-17T00:00:00Z,79.22767857142857
2007-07-18T00:00:00Z,79.53422619047619
2007-07-19T00:00:00Z,82.24702380952381
2007-07-20T00:00:00Z,78.08333333333333
2007-07-21T00:00:00Z,73.53273809523809
2007-07-22T00:00:00Z,71.7514880952381
2007-07-23T00:00:00Z,72.24107142857143
2007-07-24T00:00:00Z,72.90178571428571
2007-07-25T00:00:00Z,74.1577380952381
2007-07-26T00:00:00Z,76.76190476190476
2007-07-27T00:00:00Z,76.81994047619048
2007-07-28T00:00:00Z,75.86607142857143
2007-07-29T00:00:00Z,76.75595238095238
2007-07-30T00:00:00Z,75.8422619047619
2007-07-31T00:00:00Z,77.8422619047619
2007-08-01T00:00:00Z,78.69642857142857
2007-08-02T00:00:00Z,78.71279761904762
2007-08-03T00:00:00Z,78.67113095238095
2007-08-04T00:00:00Z,80.49404761904762
2007-08-05T00:00:00Z,81.67113095238095
2007-08-06T00:00:00Z,83.0297619047619
2007-08-07T00:00:00Z,85.13988095238095
2007-08-08T00:00:00Z,87.03720238095238
2007-08-09T00:00:00Z,87.0922619047619
2007-08-10T00:00:00Z,84.88095238095238
2007-08-11T00:00:00Z,79.7827380952381
2007-08-12T00:00:00Z,77.97470238095238
2007-08-13T00:00:00Z,80.56696428571429
2007-08-14T00:00:00Z,79.51190476190476
2007-08-15T00:00:00Z,80.86755952380952
2007-08-16T00:00:00Z,83.9375
2007-08-17T00:00:00Z,82.72619047619048
2007-08-18T00:00:00Z,79.97321428571429
2007-08-19T00:00:00Z,80.29910714285714
2007-08-20T00:00:00Z,84.16071428571429
2007-08-21T00:00:00Z,83.52380952380952
2007-08-22T00:00:00Z,80.62797619047619
2007-08-23T00:00:00Z,79.10267857142857
2007-08-24T00:00:00Z,80.46428571428571
2007-08-25T00:00:00Z,82.27976190476191
2007-08-26T00:00:00Z,78.79910714285714
2007-08-27T00:00:00Z,77.30505952380952
2007-08-28T00:00:00Z,78.86309523809524
2007-08-29T00:00:00Z,78.28125
2007-08-30T00:00:00Z,76.83630952380952
2007-08-31T00:00:00Z,76.71428571428571
2007-09-01T00:00:00Z,74.96428571428571
2007-09-02T00:00:00Z,73.50892857142857
2007-09-03T00:00:00Z,74.63392857142857
2007-09-04T00:00:00Z,76.82886904761905
2007-09-05T00:00:00Z,77.52232142857143
2007-09-06T00:00:00Z,78.21577380952381
2007-09-07T00:00:00Z,77.23511904761905
2007-09-08T00:00:00Z,75.79017857142857
2007-09-09T00:00:00Z,77.02232142857143
2007-09-10T00:00:00Z,80.29017857142857
2007-09-11T00:00:00Z,81.64583333333333
2007-09-12T00:00:00Z,76.21130952380952
2007-09-13T00:00:00Z,74.875
2007-09-14T00:00:00Z,74.30059523809524
2007-09-15T00:00:00Z,71.57142857142857
2007-09-16T00:00:00Z,64.02083333333333
2007-09-17T00:00:00Z,64.32738095238095
2007-09-18T00:00:00Z,65.56547619047619
2007-09-19T00:00:00Z,67.70982142857143
2007-09-20T00:00:00Z,69.43005952380952
2007-09-21T00:00:00Z,71.93005952380952
2007-09-22T00:00:00Z,76.01190476190476
2007-09-23T00:00:00Z,77.29315476190476
2007-09-24T00:00:00Z,74.01339285714286
2007-09-25T00:00:00Z,72.26934523809524
2007-09-26T00:00:00Z,73.88690476190476
2007-09-27T00:00:00Z,74.23958333333333
2007-09-28T00:00:00Z,73.7514880952381
2007-09-29T00:00:00Z,65.77529761904762
2007-09-30T00:00:00Z,64.59821428571429
2007-10-01T00:00:00Z,66.62053571428571
2007-10-02T00:00:00Z,69.6875
2007-10-03T00:00:00Z,73.24255952380952
2007-10-04T00:00:00Z,74.54166666666667
2007-10-05T00:00:00Z,73.9375
2007-10-06T00:00:00Z,73.45982142857143
2007-10-07T00:00:00Z,73.83035714285714
2007-10-08T00:00:00Z,75.67113095238095
2007-10-09T00:00:00Z,77.04761904761905
2007-10-10T00:00:00Z,73.64732142857143
2007-10-11T00:00:00Z,62.05952380952381
2007-10-12T00:00:00Z,57.117559523809526
2007-10-13T00:00:00Z,57.48660714285714
2007-10-14T00:00:00Z,60.354166666666664
2007-10-15T00:00:00Z,62.720238095238095
2007-10-16T00:00:00Z,64.18005952380952
2007-10-17T00:00:00Z,69.10565476190476
2007-10-18T00:00:00Z,72.51339285714286
2007-10-19T00:00:00Z,74.04613095238095
2007-10-20T00:00:00Z,66.48809523809524
2007-10-21T00:00:00Z,61.677083333333336
2007-10-22T00:00:00Z,66.75595238095238
2007-10-23T00:00:00Z,72.3110119047619
2007-10-24T00:00:00Z,72.34375
2007-10-25T00:00:00Z,65.40029761904762
2007-10-26T00:00:00Z,65.33482142857143
2007-10-27T00:00:00Z,64.48660714285714
2007-10-28T00:00:00Z,56.75
2007-10-29T00:00:00Z,49.41815476190476
2007-10-30T00:00:00Z,49.373511904761905
2007-10-31T00:00:00Z,55.82886904761905
2007-11-01T00:00:00Z,62.458333333333336
2007-11-02T00:00:00Z,55.892857142857146
2007-11-03T00:00:00Z,52.16815476190476
2007-11-04T00:00:00Z,50.41220238095238
2007-11-05T00:00:00Z,52.58184523809524
2007-11-06T00:00:00Z,54.10863095238095
2007-11-07T00:00:00Z,42.92559523809524
2007-11-08T00:00:00Z,41.40029761904762
2007-11-09T00:00:00Z,46.73363095238095
2007-11-10T00:00:00Z,47.020833333333336
2007-11-11T00:00:00Z,42.608630952380956
2007-11-12T00:00:00Z,50.31845238095238
2007-11-13T00:00:00Z,58.345238095238095
2007-11-14T00:00:00Z,62.595238095238095
2007-11-15T00:00:00Z,52.625
2007-11-16T00:00:00Z,40.870535714285715
2007-11-17T00:00:00Z,43.9375
2007-11-18T00:00:00Z,51.19345238095238
2007-11-19T00:00:00Z,53.90625
2007-11-20T00:00:00Z,54.760416666666664
2007-11-21T00:00:00Z,60.98065476190476
2007-11-22T00:00:00Z,63.558035714285715
2007-11-23T00:00:00Z,44.09672619047619
2007-11-24T00:00:00Z,39.214285714285715
2007-11-25T00:00:00Z,45.86904761904762
2007-11-26T00:00:00Z,56.273809523809526
2007-11-27T00:00:00Z,56.15922619047619
2007-11-28T00:00:00Z,45.154761904761905
2007-11-29T00:00:00Z,47.50892857142857
2007-11-30T00:00:00Z,45.10714285714286
2007-12-01T00:00:00Z,44.507440476190474
2007-12-02T00:00:00Z,48.910714285714285
2007-12-03T00:00:00Z,52.83779761904762
2007-12-04T00:00:00Z,39.901785714285715
2007-12-05T00:00:00Z,43.851190476190474
2007-12-06T00:00:00Z,35.73065476190476
2007-12-07T00:00:00Z,40.166666666666664
2007-12-08T00:00:00Z,52.623511904761905
2007-12-09T00:00:00Z,58.25892857142857
2007-12-10T00:00:00Z,63.58482142857143
2007-12-11T00:00:00Z,61.33184523809524
2007-12-12T00:00:00Z,64.79761904761905
2007-12-13T00:00:00Z,61.4375
2007-12-14T00:00:00Z,56.09672619047619
2007-12-15T00:00:00Z,44.66220238095238
2007-12-16T00:00:00Z,44.976190476190474
2007-12-17T00:00:00Z,34.938988095238095
2007-12-18T00:00:00Z,34.1875
2007-12-19T00:00:00Z,40.785714285714285
2007-12-20T00:00:00Z,42.45684523809524
2007-12-21T00:00:00Z,44.54017857142857
2007-12-22T00:00:00Z,49.20238095238095
2007-12-23T00:00:00Z,55.25297619047619
2007-12-24T00:00:00Z,45.251488095238095
2007-12-25T00:00:00Z,44.40922619047619
2007-12-26T00:00:00Z,42.52827380952381
2007-12-27T00:00:00Z,45.11904761904762
2007-12-28T00:00:00Z,51.82142857142857
2007-12-29T00:00:00Z,61.86607142857143
2007-12-30T00:00:00Z,53.330357142857146
2007-12-31T00:00:00Z,47.226190476190474
2008-01-01T00:00:00Z,43.708333333333336
2008-01-02T00:00:00Z,29.480654761904763
2008-01-03T00:00:00Z,26.75595238095238
2008-01-04T00:00:00Z,29.549107142857142
2008-01-05T00:00:00Z,39.61011904761905
2008-01-06T00:00:00Z,51.586309523809526
2008-01-07T00:00:00Z,54.842261904761905
2008-01-08T00:00:00Z,58.59077380952381
2008-01-09T00:00:00Z,61.657738095238095
2008-01-10T00:00:00Z,52.354166666666664
2008-01-11T00:00:00Z,60.038690476190474
2008-01-12T00:00:00Z,49.345238095238095
2008-01-13T00:00:00Z,45.08482142857143
2008-01-14T00:00:00Z,40.842261904761905
2008-01-15T00:00:00Z,34.251488095238095
2008-01-16T00:00:00Z,34.760416666666664
2008-01-17T00:00:00Z,37.80059523809524
2008-01-18T00:00:00Z,39.461309523809526
2008-01-19T00:00:00Z,37.98065476190476
2008-01-20T00:00:00Z,28.558035714285715
2008-01-21T00:00:00Z,26.358630952380953
2008-01-22T00:00:00Z,38.48363095238095
2008-01-23T00:00:00Z,42.776785714285715
2008-01-24T00:00:00Z,38.34375
2008-01-25T00:00:00Z,29.052083333333332
2008-01-26T00:00:00Z,36.392857142857146
2008-01-27T00:00:00Z,38.44642857142857
2008-01-28T00:00:00Z,39.694940476190474
2008-01-29T00:00:00Z,51.933035714285715
2008-01-30T00:00:00Z,48.822916666666664
2008-01-31T00:00:00Z,39.77827380952381
2008-02-01T00:00:00Z,47.30059523809524
2008-02-02T00:00:00Z,44.09375
2008-02-03T00:00:00Z,48.88690476190476
2008-02-04T00:00:00Z,52.989583333333336
2008-02-05T00:00:00Z,60.78422619047619
2008-02-06T00:00:00Z,65.79613095238095
2008-02-07T00:00:00Z,53.813988095238095
2008-02-08T00:00:00Z,46.24702380952381
2008-02-09T00:00:00Z,52.066964285714285
2008-02-10T00:00:00Z,51.348214285714285
2008-02-11T00:00:00Z,37.34077380952381
2008-02-12T00:00:00Z,45.504464285714285
2008-02-13T00:00:00Z,49.876488095238095
2008-02-14T00:00:00Z,38.617559523809526
2008-02-15T00:00:00Z,46.376488095238095
2008-02-16T00:00:00Z,49.62202380952381
2008-02-17T00:00:00Z,52.29315476190476
2008-02-18T00:00:00Z,59.84970238095238
2008-02-19T00:00:00Z,44.523809523809526
2008-02-20T00:00:00Z,48.026785714285715
2008-02-21T00:00:00Z,38.007440476190474
2008-02-22T00:00:00Z,39.86904761904762
2008-02-23T00:00:00Z,48.51934523809524
2008-02-24T00:00:00Z,42.513392857142854
2008-02-25T00:00:00Z,46.279761904761905
2008-02-26T00:00:00Z,52.047619047619044
2008-02-27T00:00:00Z,38.98809523809524
2008-02-28T00:00:00Z,32.410714285714285
2008-02-29T00:00:00Z,41.59672619047619
2008-03-01T00:00:00Z,52.416666666666664
2008-03-02T00:00:00Z,47.75297619047619
2008-03-03T00:00:00Z,55.416666666666664
2008-03-04T00:00:00Z,63.845238095238095
2008-03-05T00:00:00Z,53.59672619047619
2008-03-06T00:00:00Z,51.73511904761905
2008-03-07T00:00:00Z,53.566964285714285
2008-03-08T00:00:00Z,52.66964285714286
2008-03-09T00:00:00Z,NA
2008-03-10T00:00:00Z,46.26934523809524
2008-03-11T00:00:00Z,51.62202380952381
2008-03-12T00:00:00Z,54.104166666666664
2008-03-13T00:00:00Z,56.760416666666664
2008-03-14T00:00:00Z,60.18154761904762
2008-03-15T00:00:00Z,56.91220238095238
2008-03-16T00:00:00Z,52.56547619047619
2008-03-17T00:00:00Z,45.86607142857143
2008-03-18T00:00:00Z,49.04613095238095
2008-03-19T00:00:00Z,63.657738095238095
2008-03-20T00:00:00Z,54.94642857142857
2008-03-21T00:00:00Z,51.41220238095238
2008-03-22T00:00:00Z,59.898809523809526
2008-03-23T00:00:00Z,48.08779761904762
2008-03-24T00:00:00Z,43.30952380952381
2008-03-25T00:00:00Z,44.220238095238095
2008-03-26T00:00:00Z,55.779761904761905
2008-03-27T00:00:00Z,61.53125
2008-03-28T00:00:00Z,66.51488095238095
2008-03-29T00:00:00Z,49.854166666666664
2008-03-30T00:00:00Z,43.773809523809526
2008-03-31T00:00:00Z,52.06547619047619
2008-04-01T00:00:00Z,63.604166666666664
2008-04-02T00:00:00Z,59.754464285714285
2008-04-03T00:00:00Z,49.90922619047619
2008-04-04T00:00:00Z,56.476190476190474
2008-04-05T00:00:00Z,61.71577380952381
2008-04-06T00:00:00Z,56.59077380952381
2008-04-07T00:00:00Z,51.82142857142857
2008-04-08T00:00:00Z,53.20386904761905
2008-04-09T00:00:00Z,57.5625
2008-04-10T00:00:00Z,62.427083333333336
2008-04-11T00:00:00Z,68.71577380952381
2008-04-12T00:00:00Z,68.18154761904762
2008-04-13T00:00:00Z,56.70386904761905
2008-04-14T00:00:00Z,46.95684523809524
2008-04-15T00:00:00Z,49.802083333333336
2008-04-16T00:00:00Z,51.30654761904762
2008-04-17T00:00:00Z,57.822916666666664
2008-04-18T00:00:00Z,65.40922619047619
2008-04-19T00:00:00Z,64.74702380952381
2008-04-20T00:00:00Z,60.81547619047619
2008-04-21T00:00:00Z,57.76190476190476
2008-04-22T00:00:00Z,61.77827380952381
2008-04-23T00:00:00Z,64.40029761904762
2008-04-24T00:00:00Z,65.18154761904762
2008-04-25T00:00:00Z,67.56994047619048
2008-04-26T00:00:00Z,69.68452380952381
2008-04-27T00:00:00Z,66.34970238095238
2008-04-28T00:00:00Z,64.43452380952381
2008-04-29T00:00:00Z,54.839285714285715
2008-04-30T00:00:00Z,53.23363095238095
2008-05-01T00:00:00Z,61.40625
2008-05-02T00:00:00Z,68.16517857142857
2008-05-03T00:00:00Z,68.92857142857143
2008-05-04T00:00:00Z,68.95982142857143
2008-05-05T00:00:00Z,65.34821428571429
2008-05-06T00:00:00Z,64.60714285714286
2008-05-07T00:00:00Z,67.9389880952381
2008-05-08T00:00:00Z,70.56696428571429
2008-05-09T00:00:00Z,73.02827380952381
2008-05-10T00:00:00Z,68.52529761904762
2008-05-11T00:00:00Z,60.382440476190474
2008-05-12T00:00:00Z,58.464285714285715
2008-05-13T00:00:00Z,58.17857142857143
2008-05-14T00:00:00Z,61.25892857142858
2008-05-15T00:00:00Z,67.10119047619048
2008-05-16T00:00:00Z,69.48214285714286
2008-05-17T00:00:00Z,63.16517857142857
2008-05-18T00:00:00Z,64.87202380952381
2008-05-19T00:00:00Z,65.29166666666667
2008-05-20T00:00:00Z,69.64732142857143
2008-05-21T00:00:00Z,64.37202380952381
2008-05-22T00:00:00Z,65.13690476190476
2008-05-23T00:00:00Z,67.01785714285714
2008-05-24T00:00:00Z,64.75297619047619
2008-05-25T00:00:00Z,65.48958333333333
2008-05-26T00:00:00Z,69.86904761904762
2008-05-27T00:00:00Z,73.6889880952381
2008-05-28T00:00:00Z,63.80059523809524
2008-05-29T00:00:00Z,63.654761904761905
2008-05-30T00:00:00Z,70.89285714285714
2008-05-31T00:00:00Z,77.25446428571429
2008-06-01T00:00:00Z,77.03571428571429
2008-06-02T00:00:00Z,73.54166666666667
2008-06-03T00:00:00Z,73.49702380952381
2008-06-04T00:00:00Z,80.78273809523809
2008-06-05T00:00:00Z,82.60714285714286
2008-06-06T00:00:00Z,82.78273809523809
2008-06-07T00:00:00Z,83.92113095238095
2008-06-08T00:00:00Z,84.26041666666667
2008-06-09T00:00:00Z,84.56845238095238
2008-06-10T00:00:00Z,82.73065476190476
2008-06-11T00:00:00Z,79.92857142857143
2008-06-12T00:00:00Z,78.56994047619048
2008-06-13T00:00:00Z,77.83928571428571
2008-06-14T00:00:00Z,77.14285714285714
2008-06-15T00:00:00Z,76.29315476190476
2008-06-16T00:00:00Z,79.04464285714286
2008-06-17T00:00:00Z,78.11011904761905
2008-06-18T00:00:00Z,71.92559523809524
2008-06-19T00:00:00Z,72.43452380952381
2008-06-20T00:00:00Z,72.79464285714286
2008-06-21T00:00:00Z,72.39136904761905
2008-06-22T00:00:00Z,73.96577380952381
2008-06-23T00:00:00Z,74.8125
2008-06-24T00:00:00Z,76.40178571428572
2008-06-25T00:00:00Z,78.6547619047619
2008-06-26T00:00:00Z,80.96279761904762
2008-06-27T00:00:00Z,80.05059523809524
2008-06-28T00:00:00Z,81.45089285714286
2008-06-29T00:00:00Z,79.89434523809524
2008-06-30T00:00:00Z,77.09077380952381
2008-07-01T00:00:00Z,73.08630952380952
2008-07-02T00:00:00Z,73.63392857142857
2008-07-03T00:00:00Z,77.16517857142857
2008-07-04T00:00:00Z,78.88541666666667
2008-07-05T00:00:00Z,76.04315476190476
2008-07-06T00:00:00Z,75.02380952380952
2008-07-07T00:00:00Z,75.69047619047619
2008-07-08T00:00:00Z,76.83035714285714
2008-07-09T00:00:00Z,76.39880952380952
2008-07-10T00:00:00Z,76.5922619047619
2008-07-11T00:00:00Z,76.88988095238095
2008-07-12T00:00:00Z,77.67857142857143
2008-07-13T00:00:00Z,76.9985119047619
2008-07-14T00:00:00Z,75.96577380952381
2008-07-15T00:00:00Z,76.01041666666667
2008-07-16T00:00:00Z,76.11160714285714
2008-07-17T00:00:00Z,76.53125
2008-07-18T00:00:00Z,76.76041666666667
2008-07-19T00:00:00Z,77.75297619047619
2008-07-20T00:00:00Z,80.61458333333333
2008-07-21T00:00:00Z,83.15178571428571
2008-07-22T00:00:00Z,81.59970238095238
2008-07-23T00:00:00Z,76.49553571428571
2008-07-24T00:00:00Z,75.08035714285714
2008-07-25T00:00:00Z,74.67857142857143
2008-07-26T00:00:00Z,76.0952380952381
2008-07-27T00:00:00Z,79.39136904761905
2008-07-28T00:00:00Z,80.0639880952381
2008-07-29T00:00:00Z,80.44047619047619
2008-07-30T00:00:00Z,81.05357142857143
2008-07-31T00:00:00Z,79.99404761904762
2008-08-01T00:00:00Z,80.20982142857143
2008-08-02T00:00:00Z,80.59375
2008-08-03T00:00:00Z,78.98660714285714
2008-08-04T00:00:00Z,80.09672619047619
2008-08-05T00:00:00Z,82.58482142857143
2008-08-06T00:00:00Z,83.86458333333333
2008-08-07T00:00:00Z,80.60267857142857
2008-08-08T00:00:00Z,76.93154761904762
2008-08-09T00:00:00Z,74.71577380952381
2008-08-10T00:00:00Z,75.12202380952381
2008-08-11T00:00:00Z,74.2797619047619
2008-08-12T00:00:00Z,72.73511904761905
2008-08-13T00:00:00Z,69.77083333333333
2008-08-14T00:00:00Z,71.12053571428571
2008-08-15T00:00:00Z,74.11904761904762
2008-08-16T00:00:00Z,74.47619047619048
2008-08-17T00:00:00Z,73.47916666666667
2008-08-18T00:00:00Z,74.90029761904762
2008-08-19T00:00:00Z,77.04613095238095
2008-08-20T00:00:00Z,77.20386904761905
2008-08-21T00:00:00Z,76.34375
2008-08-22T00:00:00Z,74.96577380952381
2008-08-23T00:00:00Z,75.68452380952381
2008-08-24T00:00:00Z,75.73511904761905
2008-08-25T00:00:00Z,75.88988095238095
2008-08-26T00:00:00Z,74.00744047619048
2008-08-27T00:00:00Z,74.80208333333333
2008-08-28T00:00:00Z,76.01190476190476
2008-08-29T00:00:00Z,77.49107142857143
2008-08-30T00:00:00Z,77.93303571428571
2008-08-31T00:00:00Z,77.60416666666667
2008-09-01T00:00:00Z,75.29166666666667
2008-09-02T00:00:00Z,72.82142857142857
2008-09-03T00:00:00Z,74.27827380952381
2008-09-04T00:00:00Z,75.27678571428571
2008-09-05T00:00:00Z,74.09970238095238
2008-09-06T00:00:00Z,77.83779761904762
2008-09-07T00:00:00Z,77.89583333333333
2008-09-08T00:00:00Z,77.85565476190476
2008-09-09T00:00:00Z,76.33630952380952
2008-09-10T00:00:00Z,72.17857142857143
2008-09-11T00:00:00Z,71.67708333333333
2008-09-12T00:00:00Z,75.24107142857143
2008-09-13T00:00:00Z,79.02827380952381
2008-09-14T00:00:00Z,80.17410714285714
2008-09-15T00:00:00Z,78.66220238095238
2008-09-16T00:00:00Z,68.67261904761905
2008-09-17T00:00:00Z,67.02083333333333
2008-09-18T00:00:00Z,67.86607142857143
2008-09-19T00:00:00Z,66.41220238095238
2008-09-20T00:00:00Z,64.55505952380952
2008-09-21T00:00:00Z,66.31845238095238
2008-09-22T00:00:00Z,68.15327380952381
2008-09-23T00:00:00Z,66.09821428571429
2008-09-24T00:00:00Z,63.30059523809524
2008-09-25T00:00:00Z,63.697916666666664
2008-09-26T00:00:00Z,68.87053571428571
2008-09-27T00:00:00Z,70.04464285714286
2008-09-28T00:00:00Z,71.40922619047619
2008-09-29T00:00:00Z,70.44791666666667
2008-09-30T00:00:00Z,68.83333333333333
2008-10-01T00:00:00Z,65.54166666666667
2008-10-02T00:00:00Z,57.973214285714285
2008-10-03T00:00:00Z,58.97470238095238
2008-10-04T00:00:00Z,62.098214285714285
2008-10-05T00:00:00Z,64.39880952380952
2008-10-06T00:00:00Z,65.70386904761905
2008-10-07T00:00:00Z,62.34375
2008-10-08T00:00:00Z,62.464285714285715
2008-10-09T00:00:00Z,68.24107142857143
2008-10-10T00:00:00Z,68.44047619047619
2008-10-11T00:00:00Z,67.33482142857143
2008-10-12T00:00:00Z,66.45833333333333
2008-10-13T00:00:00Z,64.30208333333333
2008-10-14T00:00:00Z,64.72172619047619
2008-10-15T00:00:00Z,67.18005952380952
2008-10-16T00:00:00Z,69.65327380952381
2008-10-17T00:00:00Z,63.79017857142857
2008-10-18T00:00:00Z,54.13690476190476
2008-10-19T00:00:00Z,51.375
2008-10-20T00:00:00Z,49.49107142857143
2008-10-21T00:00:00Z,56.004464285714285
2008-10-22T00:00:00Z,49.96279761904762
2008-10-23T00:00:00Z,49.07738095238095
2008-10-24T00:00:00Z,55.330357142857146
2008-10-25T00:00:00Z,63.879464285714285
2008-10-26T00:00:00Z,56.09672619047619
2008-10-27T00:00:00Z,49.851190476190474
2008-10-28T00:00:00Z,43.85565476190476
2008-10-29T00:00:00Z,44.80952380952381
2008-10-30T00:00:00Z,44.819940476190474
2008-10-31T00:00:00Z,46.69940476190476
2008-11-01T00:00:00Z,52.273809523809526
2008-11-02T00:00:00Z,55.889136904761905
2008-11-03T00:00:00Z,57.51190476190476
2008-11-04T00:00:00Z,59.569940476190474
2008-11-05T00:00:00Z,60.25892857142857
2008-11-06T00:00:00Z,60.708333333333336
2008-11-07T00:00:00Z,60.370535714285715
2008-11-08T00:00:00Z,58.79315476190476
2008-11-09T00:00:00Z,49.723214285714285
2008-11-10T00:00:00Z,45.992559523809526
2008-11-11T00:00:00Z,45.51488095238095
2008-11-12T00:00:00Z,50.208333333333336
2008-11-13T00:00:00Z,56.748511904761905
2008-11-14T00:00:00Z,60.06547619047619
2008-11-15T00:00:00Z,64.06696428571429
2008-11-16T00:00:00Z,45.71577380952381
2008-11-17T00:00:00Z,41.708333333333336
2008-11-18T00:00:00Z,36.345238095238095
2008-11-19T00:00:00Z,33.729166666666664
2008-11-20T00:00:00Z,42.501488095238095
2008-11-21T00:00:00Z,36.42559523809524
2008-11-22T00:00:00Z,32.367559523809526
2008-11-23T00:00:00Z,37.65029761904762
2008-11-24T00:00:00Z,42.601190476190474
2008-11-25T00:00:00Z,44.29613095238095
2008-11-26T00:00:00Z,38.526785714285715
2008-11-27T00:00:00Z,42.833333333333336
2008-11-28T00:00:00Z,49.163690476190474
2008-11-29T00:00:00Z,45.333333333333336
2008-11-30T00:00:00Z,47.473214285714285
2008-12-01T00:00:00Z,45.319940476190474
2008-12-02T00:00:00Z,37.177083333333336
2008-12-03T00:00:00Z,36.87797619047619
2008-12-04T00:00:00Z,45.029761904761905
2008-12-05T00:00:00Z,41.80952380952381
2008-12-06T00:00:00Z,38.450892857142854
2008-12-07T00:00:00Z,35.85863095238095
2008-12-08T00:00:00Z,33.96279761904762
2008-12-09T00:00:00Z,49.67559523809524
2008-12-10T00:00:00Z,62.85416666666667
2008-12-11T00:00:00Z,63.080357142857146
2008-12-12T00:00:00Z,47.132440476190474
2008-12-13T00:00:00Z,36.879464285714285
2008-12-14T00:00:00Z,43.907738095238095
2008-12-15T00:00:00Z,57.416666666666664
2008-12-16T00:00:00Z,52.035714285714285
2008-12-17T00:00:00Z,53.135416666666664
2008-12-18T00:00:00Z,54.94345238095238
2008-12-19T00:00:00Z,60.10565476190476
2008-12-20T00:00:00Z,57.538690476190474
2008-12-21T00:00:00Z,49.61607142857143
2008-12-22T00:00:00Z,28.446428571428573
2008-12-23T00:00:00Z,33.05952380952381
2008-12-24T00:00:00Z,52.138392857142854
2008-12-25T00:00:00Z,55.11160714285714
2008-12-26T00:00:00Z,45.59672619047619
2008-12-27T00:00:00Z,52.273809523809526
2008-12-28T00:00:00Z,63.160714285714285
2008-12-29T00:00:00Z,51.44345238095238
2008-12-30T00:00:00Z,49.66517857142857
2008-12-31T00:00:00Z,45.714285714285715
2009-01-01T00:00:00Z,30.703869047619047
2009-01-02T00:00:00Z,38.470238095238095
2009-01-03T00:00:00Z,43.575892857142854
2009-01-04T00:00:00Z,50.48065476190476
2009-01-05T00:00:00Z,57.03422619047619
2009-01-06T00:00:00Z,53.12202380952381
2009-01-07T00:00:00Z,56.17857142857143
2009-01-08T00:00:00Z,43.735119047619044
2009-01-09T00:00:00Z,36.94940476190476
2009-01-10T00:00:00Z,47.56845238095238
2009-01-11T00:00:00Z,50.529761904761905
2009-01-12T00:00:00Z,38.229166666666664
2009-01-13T00:00:00Z,37.526785714285715
2009-01-14T00:00:00Z,35.27232142857143
2009-01-15T00:00:00Z,34.56547619047619
2009-01-16T00:00:00Z,21.388392857142858
2009-01-17T00:00:00Z,23.811011904761905
2009-01-18T00:00:00Z,37.264880952380956
2009-01-19T00:00:00Z,38.950892857142854
2009-01-20T00:00:00Z,28.782738095238095
2009-01-21T00:00:00Z,25.848214285714285
2009-01-22T00:00:00Z,35.03422619047619
2009-01-23T00:00:00Z,45.32440476190476
2009-01-24T00:00:00Z,49.479166666666664
2009-01-25T00:00:00Z,35.77529761904762
2009-01-26T00:00:00Z,39.02827380952381
2009-01-27T00:00:00Z,41.305059523809526
2009-01-28T00:00:00Z,51.248511904761905
2009-01-29T00:00:00Z,41.95982142857143
2009-01-30T00:00:00Z,37.94345238095238
2009-01-31T00:00:00Z,35.666666666666664
2009-02-01T00:00:00Z,45.35267857142857
2009-02-02T00:00:00Z,47.160714285714285
2009-02-03T00:00:00Z,37.00892857142857
2009-02-04T00:00:00Z,29.023809523809526
2009-02-05T00:00:00Z,25.30654761904762
2009-02-06T00:00:00Z,34.79613095238095
2009-02-07T00:00:00Z,49.27827380952381
2009-02-08T00:00:00Z,56.822916666666664
2009-02-09T00:00:00Z,52.142857142857146
2009-02-10T00:00:00Z,57.936011904761905
2009-02-11T00:00:00Z,61.64732142857143
2009-02-12T00:00:00Z,58.476190476190474
2009-02-13T00:00:00Z,53.263392857142854
2009-02-14T00:00:00Z,49.23363095238095
2009-02-15T00:00:00Z,44.15029761904762
2009-02-16T00:00:00Z,38.51934523809524
2009-02-17T00:00:00Z,35.82440476190476
2009-02-18T00:00:00Z,46.4375
2009-02-19T00:00:00Z,48.611607142857146
2009-02-20T00:00:00Z,33.67261904761905
2009-02-21T00:00:00Z,38.02529761904762
2009-02-22T00:00:00Z,41.40327380952381
2009-02-23T00:00:00Z,32.901785714285715
2009-02-24T00:00:00Z,32.78422619047619
2009-02-25T00:00:00Z,39.688988095238095
2009-02-26T00:00:00Z,50.04315476190476
2009-02-27T00:00:00Z,56.11011904761905
2009-02-28T00:00:00Z,48.976190476190474
2009-03-01T00:00:00Z,37.357142857142854
2009-03-02T00:00:00Z,29.886904761904763
2009-03-03T00:00:00Z,26.011904761904763
2009-03-04T00:00:00Z,32.470238095238095
2009-03-05T00:00:00Z,42.60565476190476
2009-03-06T00:00:00Z,55.94047619047619
2009-03-07T00:00:00Z,62.79910714285714
2009-03-08T00:00:00Z,NA
2009-03-09T00:00:00Z,67.67410714285714
2009-03-10T00:00:00Z,57.72172619047619
2009-03-11T00:00:00Z,65.22767857142857
2009-03-12T00:00:00Z,51.697916666666664
2009-03-13T00:00:00Z,42.211309523809526
2009-03-14T00:00:00Z,41.520833333333336
2009-03-15T00:00:00Z,46.42261904761905
2009-03-16T00:00:00Z,48.91815476190476
2009-03-17T00:00:00Z,50.35565476190476
2009-03-18T00:00:00Z,51.188988095238095
2009-03-19T00:00:00Z,55.992559523809526
2009-03-20T00:00:00Z,48.96577380952381
2009-03-21T00:00:00Z,44.33184523809524
2009-03-22T00:00:00Z,47.65327380952381
2009-03-23T00:00:00Z,51.714285714285715
2009-03-24T00:00:00Z,47.933035714285715
2009-03-25T00:00:00Z,44.379464285714285
2009-03-26T00:00:00Z,53.63095238095238
2009-03-27T00:00:00Z,59.41220238095238
2009-03-28T00:00:00Z,61.98065476190476
2009-03-29T00:00:00Z,62.26934523809524
2009-03-30T00:00:00Z,53.311011904761905
2009-03-31T00:00:00Z,53.84077380952381
2009-04-01T00:00:00Z,59.11011904761905
2009-04-02T00:00:00Z,60.273809523809526
2009-04-03T00:00:00Z,64.73958333333333
2009-04-04T00:00:00Z,59.01934523809524
2009-04-05T00:00:00Z,62.54315476190476
2009-04-06T00:00:00Z,60.936011904761905
2009-04-07T00:00:00Z,44.922619047619044
2009-04-08T00:00:00Z,47.42261904761905
2009-04-09T00:00:00Z,56.955357142857146
2009-04-10T00:00:00Z,62.05952380952381
2009-04-11T00:00:00Z,60.416666666666664
2009-04-12T00:00:00Z,52.30059523809524
2009-04-13T00:00:00Z,52.70386904761905
2009-04-14T00:00:00Z,59.854166666666664
2009-04-15T00:00:00Z,56.166666666666664
2009-04-16T00:00:00Z,52.895833333333336
2009-04-17T00:00:00Z,54.19345238095238
2009-04-18T00:00:00Z,61.83482142857143
2009-04-19T00:00:00Z,61.520833333333336
2009-04-20T00:00:00Z,65.0625
2009-04-21T00:00:00Z,60.83482142857143
2009-04-22T00:00:00Z,55.91517857142857
2009-04-23T00:00:00Z,61.305059523809526
2009-04-24T00:00:00Z,68.09375
2009-04-25T00:00:00Z,73.84970238095238
2009-04-26T00:00:00Z,72.66666666666667
2009-04-27T00:00:00Z,71.16815476190476
2009-04-28T00:00:00Z,68.55059523809524
2009-04-29T00:00:00Z,67.5610119047619
2009-04-30T00:00:00Z,63.91517857142857
2009-05-01T00:00:00Z,70.79017857142857
2009-05-02T00:00:00Z,70.94940476190476
2009-05-03T00:00:00Z,71.99107142857143
2009-05-04T00:00:00Z,71.52232142857143
2009-05-05T00:00:00Z,65.82291666666667
2009-05-06T00:00:00Z,69.51934523809524
2009-05-07T00:00:00Z,71.52380952380952
2009-05-08T00:00:00Z,71.125
2009-05-09T00:00:00Z,75.57142857142857
2009-05-10T00:00:00Z,69.80952380952381
2009-05-11T00:00:00Z,58.714285714285715
2009-05-12T00:00:00Z,59.495535714285715
2009-05-13T00:00:00Z,63.44047619047619
2009-05-14T00:00:00Z,68.53571428571429
2009-05-15T00:00:00Z,71.50297619047619
2009-05-16T00:00:00Z,72.0014880952381
2009-05-17T00:00:00Z,63.4375
2009-05-18T00:00:00Z,54.50297619047619
2009-05-19T00:00:00Z,56.31845238095238
2009-05-20T00:00:00Z,61.70386904761905
2009-05-21T00:00:00Z,67.62053571428571
2009-05-22T00:00:00Z,70.00148809523809
2009-05-23T00:00:00Z,71.22172619047619
2009-05-24T00:00:00Z,71.52083333333333
2009-05-25T00:00:00Z,72.41369047619048
2009-05-26T00:00:00Z,72.27380952380952
2009-05-27T00:00:00Z,72.52827380952381
2009-05-28T00:00:00Z,73.13095238095238
2009-05-29T00:00:00Z,74.01934523809524
2009-05-30T00:00:00Z,71.76190476190476
2009-05-31T00:00:00Z,74.53869047619048
2009-06-01T00:00:00Z,74.12797619047619
2009-06-02T00:00:00Z,76.85714285714286
2009-06-03T00:00:00Z,76.31696428571428
2009-06-04T00:00:00Z,72.95535714285714
2009-06-05T00:00:00Z,71.82589285714286
2009-06-06T00:00:00Z,69.14583333333333
2009-06-07T00:00:00Z,71.91666666666667
2009-06-08T00:00:00Z,74.9375
2009-06-09T00:00:00Z,76.29910714285714
2009-06-10T00:00:00Z,73.6860119047619
2009-06-11T00:00:00Z,75.10565476190476
2009-06-12T00:00:00Z,77.31994047619048
2009-06-13T00:00:00Z,77.67708333333333
2009-06-14T00:00:00Z,76.19047619047619
2009-06-15T00:00:00Z,73.84821428571429
2009-06-16T00:00:00Z,71.5327380952381
2009-06-17T00:00:00Z,72.59821428571428
2009-06-18T00:00:00Z,76.3422619047619
2009-06-19T00:00:00Z,79.11309523809524
2009-06-20T00:00:00Z,82.80803571428571
2009-06-21T00:00:00Z,80.26934523809524
2009-06-22T00:00:00Z,76.71428571428571
2009-06-23T00:00:00Z,75.91815476190476
2009-06-24T00:00:00Z,76.74553571428571
2009-06-25T00:00:00Z,77.82589285714286
2009-06-26T00:00:00Z,79.13244047619048
2009-06-27T00:00:00Z,80.09375
2009-06-28T00:00:00Z,77.77529761904762
2009-06-29T00:00:00Z,79.62053571428571
2009-06-30T00:00:00Z,77.76785714285714
2009-07-01T00:00:00Z,78.88095238095238
2009-07-02T00:00:00Z,77.90476190476191
2009-07-03T00:00:00Z,74.51488095238095
2009-07-04T00:00:00Z,74.21428571428572
2009-07-05T00:00:00Z,74.95386904761905
2009-07-06T00:00:00Z,74.63839285714286
2009-07-07T00:00:00Z,75.8110119047619
2009-07-08T00:00:00Z,75.39880952380952
2009-07-09T00:00:00Z,73.29761904761905
2009-07-10T00:00:00Z,72.74107142857143
2009-07-11T00:00:00Z,74.76636904761905
2009-07-12T00:00:00Z,79.65625
2009-07-13T00:00:00Z,74.84077380952381
2009-07-14T00:00:00Z,75.11309523809524
2009-07-15T00:00:00Z,75.76488095238095
2009-07-16T00:00:00Z,78.53571428571429
2009-07-17T00:00:00Z,79.01488095238095
2009-07-18T00:00:00Z,75.45238095238095
2009-07-19T00:00:00Z,74.00297619047619
2009-07-20T00:00:00Z,72.66964285714286
2009-07-21T00:00:00Z,73.90178571428571
2009-07-22T00:00:00Z,75.50744047619048
2009-07-23T00:00:00Z,76.6547619047619
2009-07-24T00:00:00Z,77.25446428571429
2009-07-25T00:00:00Z,78.54166666666667
2009-07-26T00:00:00Z,80.66964285714286
2009-07-27T00:00:00Z,78.11309523809524
2009-07-28T00:00:00Z,78.20684523809524
2009-07-29T00:00:00Z,78.11011904761905
2009-07-30T00:00:00Z,79.16220238095238
2009-07-31T00:00:00Z,78.53422619047619
2009-08-01T00:00:00Z,78.26934523809524
2009-08-02T00:00:00Z,77.26488095238095
2009-08-03T00:00:00Z,77.70982142857143
2009-08-04T00:00:00Z,78.4672619047619
2009-08-05T00:00:00Z,78.53422619047619
2009-08-06T00:00:00Z,76.31994047619048
2009-08-07T00:00:00Z,75.78869047619048
2009-08-08T00:00:00Z,78.02827380952381
2009-08-09T00:00:00Z,81.58482142857143
2009-08-10T00:00:00Z,83.44196428571429
2009-08-11T00:00:00Z,81.45238095238095
2009-08-12T00:00:00Z,75.24255952380952
2009-08-13T00:00:00Z,75.09077380952381
2009-08-14T00:00:00Z,75.28125
2009-08-15T00:00:00Z,76.5327380952381
2009-08-16T00:00:00Z,76.42261904761905
2009-08-17T00:00:00Z,77.80952380952381
2009-08-18T00:00:00Z,80.24404761904762
2009-08-19T00:00:00Z,80.59375
2009-08-20T00:00:00Z,80.32291666666667
2009-08-21T00:00:00Z,80.125
2009-08-22T00:00:00Z,77.30505952380952
2009-08-23T00:00:00Z,74.82291666666667
2009-08-24T00:00:00Z,75.26339285714286
2009-08-25T00:00:00Z,76.38244047619048
2009-08-26T00:00:00Z,77.89136904761905
2009-08-27T00:00:00Z,78.7172619047619
2009-08-28T00:00:00Z,76.79017857142857
2009-08-29T00:00:00Z,77.66815476190476
2009-08-30T00:00:00Z,77.27083333333333
2009-08-31T00:00:00Z,69.50595238095238
2009-09-01T00:00:00Z,69.11160714285714
2009-09-02T00:00:00Z,67.97767857142857
2009-09-03T00:00:00Z,69.36011904761905
2009-09-04T00:00:00Z,71.25744047619048
2009-09-05T00:00:00Z,73.23065476190476
2009-09-06T00:00:00Z,73.38839285714286
2009-09-07T00:00:00Z,71.48958333333333
2009-09-08T00:00:00Z,72.05208333333333
2009-09-09T00:00:00Z,70.41071428571429
2009-09-10T00:00:00Z,67.19494047619048
2009-09-11T00:00:00Z,68.06994047619048
2009-09-12T00:00:00Z,71.80059523809524
2009-09-13T00:00:00Z,70.67559523809524
2009-09-14T00:00:00Z,71.81547619047619
2009-09-15T00:00:00Z,73.39136904761905
2009-09-16T00:00:00Z,72.60565476190476
2009-09-17T00:00:00Z,70.56994047619048
2009-09-18T00:00:00Z,70.45833333333333
2009-09-19T00:00:00Z,71.44196428571429
2009-09-20T00:00:00Z,70.08035714285714
2009-09-21T00:00:00Z,70.7485119047619
2009-09-22T00:00:00Z,72.82589285714286
2009-09-23T00:00:00Z,74.91369047619048
2009-09-24T00:00:00Z,76.25744047619048
2009-09-25T00:00:00Z,73.06994047619048
2009-09-26T00:00:00Z,66.23065476190476
2009-09-27T00:00:00Z,70.05208333333333
2009-09-28T00:00:00Z,69.53571428571429
2009-09-29T00:00:00Z,62.36309523809524
2009-09-30T00:00:00Z,59.81547619047619
2009-10-01T00:00:00Z,60.19940476190476
2009-10-02T00:00:00Z,64.39732142857143
2009-10-03T00:00:00Z,68.26785714285714
2009-10-04T00:00:00Z,63.236607142857146
2009-10-05T00:00:00Z,61.00297619047619
2009-10-06T00:00:00Z,64.44196428571429
2009-10-07T00:00:00Z,70.17708333333333
2009-10-08T00:00:00Z,60.98363095238095
2009-10-09T00:00:00Z,70.88839285714286
2009-10-10T00:00:00Z,73.23809523809524
2009-10-11T00:00:00Z,62.733630952380956
2009-10-12T00:00:00Z,58.754464285714285
2009-10-13T00:00:00Z,62.498511904761905
2009-10-14T00:00:00Z,54.07886904761905
2009-10-15T00:00:00Z,53.135416666666664
2009-10-16T00:00:00Z,53.88690476190476
2009-10-17T00:00:00Z,49.65922619047619
2009-10-18T00:00:00Z,46.05952380952381
2009-10-19T00:00:00Z,47.595238095238095
2009-10-20T00:00:00Z,51.60565476190476
2009-10-21T00:00:00Z,56.257440476190474
2009-10-22T00:00:00Z,60.083333333333336
2009-10-23T00:00:00Z,67.99702380952381
2009-10-24T00:00:00Z,70.5014880952381
2009-10-25T00:00:00Z,56.992559523809526
2009-10-26T00:00:00Z,55.748511904761905
2009-10-27T00:00:00Z,58.157738095238095
2009-10-28T00:00:00Z,66.37053571428572
2009-10-29T00:00:00Z,59.927083333333336
2009-10-30T00:00:00Z,59.654761904761905
2009-10-31T00:00:00Z,66.4047619047619
2009-11-01T00:00:00Z,58.052083333333336
2009-11-02T00:00:00Z,53.507440476190474
2009-11-03T00:00:00Z,54.620535714285715
2009-11-04T00:00:00Z,52.538690476190474
2009-11-05T00:00:00Z,53.05357142857143
2009-11-06T00:00:00Z,47.77529761904762
2009-11-07T00:00:00Z,48.95982142857143
2009-11-08T00:00:00Z,55.851190476190474
2009-11-09T00:00:00Z,58.14285714285714
2009-11-10T00:00:00Z,60.41220238095238
2009-11-11T00:00:00Z,55.50297619047619
2009-11-12T00:00:00Z,52.25297619047619
2009-11-13T00:00:00Z,55.5
2009-11-14T00:00:00Z,57.47470238095238
2009-11-15T00:00:00Z,57.404761904761905
2009-11-16T00:00:00Z,56.404761904761905
2009-11-17T00:00:00Z,55.30059523809524
2009-11-18T00:00:00Z,57.27232142857143
2009-11-19T00:00:00Z,61.936011904761905
2009-11-20T00:00:00Z,55.669642857142854
2009-11-21T00:00:00Z,49.529761904761905
2009-11-22T00:00:00Z,48.604166666666664
2009-11-23T00:00:00Z,53.680059523809526
2009-11-24T00:00:00Z,52.98214285714286
2009-11-25T00:00:00Z,51.78125
2009-11-26T00:00:00Z,49.07738095238095
2009-11-27T00:00:00Z,45.154761904761905
2009-11-28T00:00:00Z,44.805059523809526
2009-11-29T00:00:00Z,53.492559523809526
2009-11-30T00:00:00Z,54.42559523809524
2009-12-01T00:00:00Z,44.20982142857143
2009-12-02T00:00:00Z,53.95089285714286
2009-12-03T00:00:00Z,55.924107142857146
2009-12-04T00:00:00Z,46.78422619047619
2009-12-05T00:00:00Z,44.47172619047619
2009-12-06T00:00:00Z,36.21875
2009-12-07T00:00:00Z,40.74404761904762
2009-12-08T00:00:00Z,43.47470238095238
2009-12-09T00:00:00Z,58.313988095238095
2009-12-10T00:00:00Z,46.57886904761905
2009-12-11T00:00:00Z,32.13392857142857
2009-12-12T00:00:00Z,35.23363095238095
2009-12-13T00:00:00Z,46.541666666666664
2009-12-14T00:00:00Z,46.342261904761905
2009-12-15T00:00:00Z,54.36607142857143
2009-12-16T00:00:00Z,40.642857142857146
2009-12-17T00:00:00Z,36.63095238095238
2009-12-18T00:00:00Z,36.67261904761905
2009-12-19T00:00:00Z,36.979166666666664
2009-12-20T00:00:00Z,36.24702380952381
2009-12-21T00:00:00Z,35.25
2009-12-22T00:00:00Z,35.97767857142857
2009-12-23T00:00:00Z,37.67261904761905
2009-12-24T00:00:00Z,39.11904761904762
2009-12-25T00:00:00Z,47.49702380952381
2009-12-26T00:00:00Z,45.479166666666664
2009-12-27T00:00:00Z,42.77827380952381
2009-12-28T00:00:00Z,40.03125
2009-12-29T00:00:00Z,34.30059523809524
2009-12-30T00:00:00Z,33.864583333333336
2009-12-31T00:00:00Z,41.875
2010-01-01T00:00:00Z,41.69940476190476
2010-01-02T00:00:00Z,28.011904761904763
2010-01-03T00:00:00Z,24.94345238095238
2010-01-04T00:00:00Z,26.53422619047619
2010-01-05T00:00:00Z,27.482142857142858
2010-01-06T00:00:00Z,29.74107142857143
2010-01-07T00:00:00Z,33.802083333333336
2010-01-08T00:00:00Z,30.391369047619047
2010-01-09T00:00:00Z,25.86904761904762
2010-01-10T00:00:00Z,26.569940476190478
2010-01-11T00:00:00Z,30.255952380952383
2010-01-12T00:00:00Z,33.52529761904762
2010-01-13T00:00:00Z,31.486607142857142
2010-01-14T00:00:00Z,36.797619047619044
2010-01-15T00:00:00Z,41.40625
2010-01-16T00:00:00Z,44.32440476190476
2010-01-17T00:00:00Z,53.438988095238095
2010-01-18T00:00:00Z,49.61309523809524
2010-01-19T00:00:00Z,49.36607142857143
2010-01-20T00:00:00Z,49.936011904761905
2010-01-21T00:00:00Z,40.76488095238095
2010-01-22T00:00:00Z,41.104166666666664
2010-01-23T00:00:00Z,41.17113095238095
2010-01-24T00:00:00Z,51.79315476190476
2010-01-25T00:00:00Z,56.19345238095238
2010-01-26T00:00:00Z,42.20535714285714
2010-01-27T00:00:00Z,37.538690476190474
2010-01-28T00:00:00Z,44.642857142857146
2010-01-29T00:00:00Z,36.72470238095238
2010-01-30T00:00:00Z,27.464285714285715
2010-01-31T00:00:00Z,26.717261904761905
2010-02-01T00:00:00Z,32.97470238095238
2010-02-02T00:00:00Z,37.857142857142854
2010-02-03T00:00:00Z,39.34375
2010-02-04T00:00:00Z,37.00297619047619
2010-02-05T00:00:00Z,39.538690476190474
2010-02-06T00:00:00Z,37.107142857142854
2010-02-07T00:00:00Z,33.513392857142854
2010-02-08T00:00:00Z,34.89136904761905
2010-02-09T00:00:00Z,38.404761904761905
2010-02-10T00:00:00Z,34.46577380952381
2010-02-11T00:00:00Z,35.48363095238095
2010-02-12T00:00:00Z,32.62797619047619
2010-02-13T00:00:00Z,31.735119047619047
2010-02-14T00:00:00Z,33.367559523809526
2010-02-15T00:00:00Z,40.044642857142854
2010-02-16T00:00:00Z,33.11011904761905
2010-02-17T00:00:00Z,33.104166666666664
2010-02-18T00:00:00Z,37.583333333333336
2010-02-19T00:00:00Z,40.620535714285715
2010-02-20T00:00:00Z,41.720238095238095
2010-02-21T00:00:00Z,46.07440476190476
2010-02-22T00:00:00Z,48.27827380952381
2010-02-23T00:00:00Z,47.875
2010-02-24T00:00:00Z,41.191964285714285
2010-02-25T00:00:00Z,34.61309523809524
2010-02-26T00:00:00Z,37.20982142857143
2010-02-27T00:00:00Z,38.851190476190474
2010-02-28T00:00:00Z,39.700892857142854
2010-03-01T00:00:00Z,40.607142857142854
2010-03-02T00:00:00Z,37.19047619047619
2010-03-03T00:00:00Z,37.907738095238095
2010-03-04T00:00:00Z,40.48065476190476
2010-03-05T00:00:00Z,39.57142857142857
2010-03-06T00:00:00Z,41.694940476190474
2010-03-07T00:00:00Z,44.041666666666664
2010-03-08T00:00:00Z,49.28422619047619
2010-03-09T00:00:00Z,53.62797619047619
2010-03-10T00:00:00Z,57.104166666666664
2010-03-11T00:00:00Z,56.84077380952381
2010-03-12T00:00:00Z,59.177083333333336
2010-03-13T00:00:00Z,55.154761904761905
2010-03-14T00:00:00Z,NA
2010-03-15T00:00:00Z,51.20089285714286
2010-03-16T00:00:00Z,48.354166666666664
2010-03-17T00:00:00Z,49.385416666666664
2010-03-18T00:00:00Z,53.16517857142857
2010-03-19T00:00:00Z,56.208333333333336
2010-03-20T00:00:00Z,58.36607142857143
2010-03-21T00:00:00Z,58.620535714285715
2010-03-22T00:00:00Z,54.78422619047619
2010-03-23T00:00:00Z,50.37202380952381
2010-03-24T00:00:00Z,57.007440476190474
2010-03-25T00:00:00Z,59.833333333333336
2010-03-26T00:00:00Z,55.84970238095238
2010-03-27T00:00:00Z,46.07440476190476
2010-03-28T00:00:00Z,53.510416666666664
2010-03-29T00:00:00Z,57.41517857142857
2010-03-30T00:00:00Z,57.208333333333336
2010-03-31T00:00:00Z,59.520833333333336
2010-04-01T00:00:00Z,63.59970238095238
2010-04-02T00:00:00Z,66.12946428571429
2010-04-03T00:00:00Z,65.36160714285714
2010-04-04T00:00:00Z,67.60565476190476
2010-04-05T00:00:00Z,71.05059523809524
2010-04-06T00:00:00Z,73.83184523809524
2010-04-07T00:00:00Z,72.36011904761905
2010-04-08T00:00:00Z,68.56547619047619
2010-04-09T00:00:00Z,58.18452380952381
2010-04-10T00:00:00Z,55.27529761904762
2010-04-11T00:00:00Z,57.78125
2010-04-12T00:00:00Z,61.514880952380956
2010-04-13T00:00:00Z,62.625
2010-04-14T00:00:00Z,54.74107142857143
2010-04-15T00:00:00Z,57.39136904761905
2010-04-16T00:00:00Z,68.57738095238095
2010-04-17T00:00:00Z,68.02827380952381
2010-04-18T00:00:00Z,55.816964285714285
2010-04-19T00:00:00Z,54.36011904761905
2010-04-20T00:00:00Z,57.29761904761905
2010-04-21T00:00:00Z,57.720238095238095
2010-04-22T00:00:00Z,59.91815476190476
2010-04-23T00:00:00Z,63.75297619047619
2010-04-24T00:00:00Z,64.08482142857143
2010-04-25T00:00:00Z,69.43005952380952
2010-04-26T00:00:00Z,67.50744047619048
2010-04-27T00:00:00Z,58.705357142857146
2010-04-28T00:00:00Z,54.97172619047619
2010-04-29T00:00:00Z,57.39285714285714
2010-04-30T00:00:00Z,67.04315476190476
2010-05-01T00:00:00Z,72.70535714285714
2010-05-02T00:00:00Z,78.01339285714286
2010-05-03T00:00:00Z,74.79910714285714
2010-05-04T00:00:00Z,72.21875
2010-05-05T00:00:00Z,71.43303571428571
2010-05-06T00:00:00Z,74.96279761904762
2010-05-07T00:00:00Z,74.16815476190476
2010-05-08T00:00:00Z,75.7797619047619
2010-05-09T00:00:00Z,59.90625
2010-05-10T00:00:00Z,56.223214285714285
2010-05-11T00:00:00Z,60.148809523809526
2010-05-12T00:00:00Z,70.56994047619048
2010-05-13T00:00:00Z,70.09821428571429
2010-05-14T00:00:00Z,75.33035714285714
2010-05-15T00:00:00Z,75.79166666666667
2010-05-16T00:00:00Z,71.66517857142857
2010-05-17T00:00:00Z,66.875
2010-05-18T00:00:00Z,63.13095238095238
2010-05-19T00:00:00Z,64.97916666666667
2010-05-20T00:00:00Z,67.1860119047619
2010-05-21T00:00:00Z,67.76934523809524
2010-05-22T00:00:00Z,70.52529761904762
2010-05-23T00:00:00Z,71.73363095238095
2010-05-24T00:00:00Z,69.00595238095238
2010-05-25T00:00:00Z,70.28125
2010-05-26T00:00:00Z,71.36458333333333
2010-05-27T00:00:00Z,74.91071428571428
2010-05-28T00:00:00Z,73.36607142857143
2010-05-29T00:00:00Z,72.39732142857143
2010-05-30T00:00:00Z,75.07738095238095
2010-05-31T00:00:00Z,74.24107142857143
2010-06-01T00:00:00Z,74.26636904761905
2010-06-02T00:00:00Z,74.25892857142857
2010-06-03T00:00:00Z,75.87797619047619
2010-06-04T00:00:00Z,78.4702380952381
2010-06-05T00:00:00Z,80.36755952380952
2010-06-06T00:00:00Z,80.81398809523809
2010-06-07T00:00:00Z,73.33482142857143
2010-06-08T00:00:00Z,72.19494047619048
2010-06-09T00:00:00Z,75.17113095238095
2010-06-10T00:00:00Z,79.17113095238095
2010-06-11T00:00:00Z,78.33184523809524
2010-06-12T00:00:00Z,79.08035714285714
2010-06-13T00:00:00Z,80.72619047619048
2010-06-14T00:00:00Z,81.01934523809524
2010-06-15T00:00:00Z,80.45386904761905
2010-06-16T00:00:00Z,78.30952380952381
2010-06-17T00:00:00Z,80.53720238095238
2010-06-18T00:00:00Z,78.02827380952381
2010-06-19T00:00:00Z,79.5625
2010-06-20T00:00:00Z,81.27380952380952
2010-06-21T00:00:00Z,81.23660714285714
2010-06-22T00:00:00Z,82.41964285714286
2010-06-23T00:00:00Z,83.32589285714286
2010-06-24T00:00:00Z,84.64583333333333
2010-06-25T00:00:00Z,82.42559523809524
2010-06-26T00:00:00Z,81.93452380952381
2010-06-27T00:00:00Z,82.67857142857143
2010-06-28T00:00:00Z,83.35416666666667
2010-06-29T00:00:00Z,81.02529761904762
2010-06-30T00:00:00Z,75.64285714285714
2010-07-01T00:00:00Z,74.61011904761905
2010-07-02T00:00:00Z,72.11904761904762
2010-07-03T00:00:00Z,71.67708333333333
2010-07-04T00:00:00Z,74.89136904761905
2010-07-05T00:00:00Z,78.04761904761905
2010-07-06T00:00:00Z,80.55952380952381
2010-07-07T00:00:00Z,84.13095238095238
2010-07-08T00:00:00Z,83.06696428571429
2010-07-09T00:00:00Z,80.87797619047619
2010-07-10T00:00:00Z,79.72470238095238
2010-07-11T00:00:00Z,79.94345238095238
2010-07-12T00:00:00Z,77.94940476190476
2010-07-13T00:00:00Z,79.47619047619048
2010-07-14T00:00:00Z,80.03273809523809
2010-07-15T00:00:00Z,80.69791666666667
2010-07-16T00:00:00Z,82.22916666666667
2010-07-17T00:00:00Z,78.65922619047619
2010-07-18T00:00:00Z,79.11309523809524
2010-07-19T00:00:00Z,81.25892857142857
2010-07-20T00:00:00Z,82.30357142857143
2010-07-21T00:00:00Z,83.27827380952381
2010-07-22T00:00:00Z,83.50595238095238
2010-07-23T00:00:00Z,84.44791666666667
2010-07-24T00:00:00Z,85.40922619047619
2010-07-25T00:00:00Z,86.10565476190476
2010-07-26T00:00:00Z,82.61160714285714
2010-07-27T00:00:00Z,77.36160714285714
2010-07-28T00:00:00Z,79.93005952380952
2010-07-29T00:00:00Z,81.86160714285714
2010-07-30T00:00:00Z,79.57440476190476
2010-07-31T00:00:00Z,73.78869047619047
2010-08-01T00:00:00Z,71.71428571428572
2010-08-02T00:00:00Z,75.43303571428572
2010-08-03T00:00:00Z,79.57142857142857
2010-08-04T00:00:00Z,82.0639880952381
2010-08-05T00:00:00Z,81.01934523809524
2010-08-06T00:00:00Z,79.29910714285714
2010-08-07T00:00:00Z,78.43452380952381
2010-08-08T00:00:00Z,79.21279761904762
2010-08-09T00:00:00Z,80.49107142857143
2010-08-10T00:00:00Z,82.52083333333333
2010-08-11T00:00:00Z,84.02678571428571
2010-08-12T00:00:00Z,83.03869047619048
2010-08-13T00:00:00Z,81.04910714285714
2010-08-14T00:00:00Z,79.2172619047619
2010-08-15T00:00:00Z,79.08779761904762
2010-08-16T00:00:00Z,80.33928571428572
2010-08-17T00:00:00Z,81.28571428571429
2010-08-18T00:00:00Z,81.01339285714286
2010-08-19T00:00:00Z,77.67410714285714
2010-08-20T00:00:00Z,78.71130952380952
2010-08-21T00:00:00Z,77.4985119047619
2010-08-22T00:00:00Z,79.51339285714286
2010-08-23T00:00:00Z,77.88839285714286
2010-08-24T00:00:00Z,73.5625
2010-08-25T00:00:00Z,73.35416666666667
2010-08-26T00:00:00Z,76.24107142857143
2010-08-27T00:00:00Z,76.28720238095238
2010-08-28T00:00:00Z,76.73363095238095
2010-08-29T00:00:00Z,76.06994047619048
2010-08-30T00:00:00Z,77.24255952380952
2010-08-31T00:00:00Z,78.58333333333333
2010-09-01T00:00:00Z,78.13244047619048
2010-09-02T00:00:00Z,76.09077380952381
2010-09-03T00:00:00Z,79.61160714285714
2010-09-04T00:00:00Z,74.84672619047619
2010-09-05T00:00:00Z,69.37648809523809
2010-09-06T00:00:00Z,72.81696428571429
2010-09-07T00:00:00Z,75.61309523809524
2010-09-08T00:00:00Z,76.89732142857143
2010-09-09T00:00:00Z,74.69494047619048
2010-09-10T00:00:00Z,71.77380952380952
2010-09-11T00:00:00Z,69.36458333333333
2010-09-12T00:00:00Z,72.95535714285714
2010-09-13T00:00:00Z,70.52827380952381
2010-09-14T00:00:00Z,74.60416666666667
2010-09-15T00:00:00Z,74.95982142857143
2010-09-16T00:00:00Z,76.75744047619048
2010-09-17T00:00:00Z,77.74107142857143
2010-09-18T00:00:00Z,73.6860119047619
2010-09-19T00:00:00Z,72.21577380952381
2010-09-20T00:00:00Z,75.05059523809524
2010-09-21T00:00:00Z,74.02529761904762
2010-09-22T00:00:00Z,76.95982142857143
2010-09-23T00:00:00Z,78.91517857142857
2010-09-24T00:00:00Z,78.20535714285714
2010-09-25T00:00:00Z,77.67410714285714
2010-09-26T00:00:00Z,71.41220238095238
2010-09-27T00:00:00Z,69.10565476190476
2010-09-28T00:00:00Z,69.41517857142857
2010-09-29T00:00:00Z,65.58630952380952
2010-09-30T00:00:00Z,71.63541666666667
2010-10-01T00:00:00Z,66.62797619047619
2010-10-02T00:00:00Z,61.776785714285715
2010-10-03T00:00:00Z,59.686011904761905
2010-10-04T00:00:00Z,57.416666666666664
2010-10-05T00:00:00Z,55.166666666666664
2010-10-06T00:00:00Z,55.563988095238095
2010-10-07T00:00:00Z,63.63392857142857
2010-10-08T00:00:00Z,62.67559523809524
2010-10-09T00:00:00Z,63.98809523809524
2010-10-10T00:00:00Z,66.75
2010-10-11T00:00:00Z,69.2797619047619
2010-10-12T00:00:00Z,69.98809523809524
2010-10-13T00:00:00Z,67.47767857142857
2010-10-14T00:00:00Z,62.78422619047619
2010-10-15T00:00:00Z,56.839285714285715
2010-10-16T00:00:00Z,55.38988095238095
2010-10-17T00:00:00Z,58.11011904761905
2010-10-18T00:00:00Z,62.029761904761905
2010-10-19T00:00:00Z,64.32142857142857
2010-10-20T00:00:00Z,60.17857142857143
2010-10-21T00:00:00Z,61.45535714285714
2010-10-22T00:00:00Z,55.73363095238095
2010-10-23T00:00:00Z,54.79761904761905
2010-10-24T00:00:00Z,62.03422619047619
2010-10-25T00:00:00Z,65.75446428571429
2010-10-26T00:00:00Z,71.75446428571429
2010-10-27T00:00:00Z,76.08779761904762
2010-10-28T00:00:00Z,70.9985119047619
2010-10-29T00:00:00Z,55.357142857142854
2010-10-30T00:00:00Z,51.023809523809526
2010-10-31T00:00:00Z,58.20684523809524
2010-11-01T00:00:00Z,53.73065476190476
2010-11-02T00:00:00Z,50.26488095238095
2010-11-03T00:00:00Z,51.54761904761905
2010-11-04T00:00:00Z,53.142857142857146
2010-11-05T00:00:00Z,47.985119047619044
2010-11-06T00:00:00Z,44.04017857142857
2010-11-07T00:00:00Z,41.65922619047619
2010-11-08T00:00:00Z,49.69940476190476
2010-11-09T00:00:00Z,53.72172619047619
2010-11-10T00:00:00Z,53.055059523809526
2010-11-11T00:00:00Z,51.311011904761905
2010-11-12T00:00:00Z,48.60565476190476
2010-11-13T00:00:00Z,48.24404761904762
2010-11-14T00:00:00Z,48.38392857142857
2010-11-15T00:00:00Z,52.36904761904762
2010-11-16T00:00:00Z,60.77827380952381
2010-11-17T00:00:00Z,55.09970238095238
2010-11-18T00:00:00Z,47.01934523809524
2010-11-19T00:00:00Z,45.861607142857146
2010-11-20T00:00:00Z,50.430059523809526
2010-11-21T00:00:00Z,51.76785714285714
2010-11-22T00:00:00Z,55.770833333333336
2010-11-23T00:00:00Z,61.04017857142857
2010-11-24T00:00:00Z,53.194940476190474
2010-11-25T00:00:00Z,53.05357142857143
2010-11-26T00:00:00Z,58.239583333333336
2010-11-27T00:00:00Z,42.65625
2010-11-28T00:00:00Z,38.51934523809524
2010-11-29T00:00:00Z,43.660714285714285
2010-11-30T00:00:00Z,58.47172619047619
2010-12-01T00:00:00Z,50.65327380952381
2010-12-02T00:00:00Z,37.01190476190476
2010-12-03T00:00:00Z,38.572916666666664
2010-12-04T00:00:00Z,35.42857142857143
2010-12-05T00:00:00Z,34.697916666666664
2010-12-06T00:00:00Z,30.30654761904762
2010-12-07T00:00:00Z,26.610119047619047
2010-12-08T00:00:00Z,27.745535714285715
2010-12-09T00:00:00Z,30.436011904761905
2010-12-10T00:00:00Z,34.694940476190474
2010-12-11T00:00:00Z,38.96577380952381
2010-12-12T00:00:00Z,43.04315476190476
2010-12-13T00:00:00Z,28.93452380952381
2010-12-14T00:00:00Z,24.398809523809526
2010-12-15T00:00:00Z,25.727678571428573
2010-12-16T00:00:00Z,35.504464285714285
2010-12-17T00:00:00Z,38.09375
2010-12-18T00:00:00Z,34.395833333333336
2010-12-19T00:00:00Z,34.535714285714285
2010-12-20T00:00:00Z,31.37797619047619
2010-12-21T00:00:00Z,36.623511904761905
2010-12-22T00:00:00Z,42.325892857142854
2010-12-23T00:00:00Z,36.08779761904762
2010-12-24T00:00:00Z,33.430059523809526
2010-12-25T00:00:00Z,35.48363095238095
2010-12-26T00:00:00Z,29.952380952380953
2010-12-27T00:00:00Z,29.354166666666664
2010-12-28T00:00:00Z,31.845238095238095
2010-12-29T00:00:00Z,33.38988095238095
2010-12-30T00:00:00Z,34.260416666666664
2010-12-31T00:00:00Z,41.729166666666664
2011-01-01T00:00:00Z,51.751488095238095
2011-01-02T00:00:00Z,53.75
2011-01-03T00:00:00Z,34.34970238095238
2011-01-04T00:00:00Z,36.83779761904762
2011-01-05T00:00:00Z,37.754464285714285
2011-01-06T00:00:00Z,38.208333333333336
2011-01-07T00:00:00Z,37.617559523809526
2011-01-08T00:00:00Z,33.351190476190474
2011-01-09T00:00:00Z,26.486607142857142
2011-01-10T00:00:00Z,28.632440476190478
2011-01-11T00:00:00Z,30.800595238095237
2011-01-12T00:00:00Z,30.40625
2011-01-13T00:00:00Z,28.805059523809522
2011-01-14T00:00:00Z,27.921130952380953
2011-01-15T00:00:00Z,35.236607142857146
2011-01-16T00:00:00Z,39.194940476190474
2011-01-17T00:00:00Z,38.075892857142854
2011-01-18T00:00:00Z,39.729166666666664
2011-01-19T00:00:00Z,45.517857142857146
2011-01-20T00:00:00Z,40.84672619047619
2011-01-21T00:00:00Z,37.888392857142854
2011-01-22T00:00:00Z,27.270833333333332
2011-01-23T00:00:00Z,29.766369047619047
2011-01-24T00:00:00Z,32.938988095238095
2011-01-25T00:00:00Z,39.09672619047619
2011-01-26T00:00:00Z,42.813988095238095
2011-01-27T00:00:00Z,36.83482142857143
2011-01-28T00:00:00Z,38.84077380952381
2011-01-29T00:00:00Z,42.072916666666664
2011-01-30T00:00:00Z,49.194940476190474
2011-01-31T00:00:00Z,40.44940476190476
2011-02-01T00:00:00Z,42.45684523809524
2011-02-02T00:00:00Z,55.989583333333336
2011-02-03T00:00:00Z,37.85565476190476
2011-02-04T00:00:00Z,35.992559523809526
2011-02-05T00:00:00Z,43.407738095238095
2011-02-06T00:00:00Z,41.861607142857146
2011-02-07T00:00:00Z,40.95684523809524
2011-02-08T00:00:00Z,41.32738095238095
2011-02-09T00:00:00Z,34.751488095238095
2011-02-10T00:00:00Z,34.21875
2011-02-11T00:00:00Z,33.413690476190474
2011-02-12T00:00:00Z,39.78720238095238
2011-02-13T00:00:00Z,44.348214285714285
2011-02-14T00:00:00Z,53.91517857142857
2011-02-15T00:00:00Z,45.55952380952381
2011-02-16T00:00:00Z,45.26636904761905
2011-02-17T00:00:00Z,54.220238095238095
2011-02-18T00:00:00Z,62.495535714285715
2011-02-19T00:00:00Z,57.827380952380956
2011-02-20T00:00:00Z,48.526785714285715
2011-02-21T00:00:00Z,60.01785714285714
2011-02-22T00:00:00Z,48.123511904761905
2011-02-23T00:00:00Z,41.53422619047619
2011-02-24T00:00:00Z,47.45684523809524
2011-02-25T00:00:00Z,58.867559523809526
2011-02-26T00:00:00Z,45.742559523809526
2011-02-27T00:00:00Z,59.895833333333336
2011-02-28T00:00:00Z,64.95386904761905
2011-03-01T00:00:00Z,47.59672619047619
2011-03-02T00:00:00Z,47.11607142857143
2011-03-03T00:00:00Z,44.46875
2011-03-04T00:00:00Z,44.799107142857146
2011-03-05T00:00:00Z,54.38690476190476
2011-03-06T00:00:00Z,54.13392857142857
2011-03-07T00:00:00Z,43.49404761904762
2011-03-08T00:00:00Z,45
2011-03-09T00:00:00Z,50.151785714285715
2011-03-10T00:00:00Z,54.69345238095238
2011-03-11T00:00:00Z,43.486607142857146
2011-03-12T00:00:00Z,50.73511904761905
2011-03-13T00:00:00Z,NA
2011-03-14T00:00:00Z,51.13988095238095
2011-03-15T00:00:00Z,48.23809523809524
2011-03-16T00:00:00Z,53.751488095238095
2011-03-17T00:00:00Z,53.36011904761905
2011-03-18T00:00:00Z,64.72767857142857
2011-03-19T00:00:00Z,63.78125
2011-03-20T00:00:00Z,53.339285714285715
2011-03-21T00:00:00Z,62.27827380952381
2011-03-22T00:00:00Z,67.18154761904762
2011-03-23T00:00:00Z,65.98214285714286
2011-03-24T00:00:00Z,57.142857142857146
2011-03-25T00:00:00Z,48.84970238095238
2011-03-26T00:00:00Z,46.260416666666664
2011-03-27T00:00:00Z,39.67857142857143
2011-03-28T00:00:00Z,39.33184523809524
2011-03-29T00:00:00Z,45.13095238095238
2011-03-30T00:00:00Z,46.080357142857146
2011-03-31T00:00:00Z,45.30654761904762
2011-04-01T00:00:00Z,45.950892857142854
2011-04-02T00:00:00Z,51.180059523809526
2011-04-03T00:00:00Z,54.796130952380956
2011-04-04T00:00:00Z,68.75744047619048
2011-04-05T00:00:00Z,57.504464285714285
2011-04-06T00:00:00Z,52.20238095238095
2011-04-07T00:00:00Z,61.54613095238095
2011-04-08T00:00:00Z,64.08482142857143
2011-04-09T00:00:00Z,56.916666666666664
2011-04-10T00:00:00Z,60.46875
2011-04-11T00:00:00Z,70.39136904761905
2011-04-12T00:00:00Z,65.28571428571429
2011-04-13T00:00:00Z,58.629464285714285
2011-04-14T00:00:00Z,58.88095238095238
2011-04-15T00:00:00Z,61.21875
2011-04-16T00:00:00Z,64.46577380952381
2011-04-17T00:00:00Z,58.01190476190476
2011-04-18T00:00:00Z,63.592261904761905
2011-04-19T00:00:00Z,69.16964285714286
2011-04-20T00:00:00Z,72.93452380952381
2011-04-21T00:00:00Z,65.13244047619048
2011-04-22T00:00:00Z,54.919642857142854
2011-04-23T00:00:00Z,64.5639880952381
2011-04-24T00:00:00Z,72.57738095238095
2011-04-25T00:00:00Z,72.42857142857143
2011-04-26T00:00:00Z,71.68452380952381
2011-04-27T00:00:00Z,74.28720238095238
2011-04-28T00:00:00Z,72.41815476190476
2011-04-29T00:00:00Z,64.40327380952381
2011-04-30T00:00:00Z,62.486607142857146
2011-05-01T00:00:00Z,63.183035714285715
2011-05-02T00:00:00Z,67.98065476190476
2011-05-03T00:00:00Z,70.53720238095238
2011-05-04T00:00:00Z,58.72470238095238
2011-05-05T00:00:00Z,54.561011904761905
2011-05-06T00:00:00Z,57.46875
2011-05-07T00:00:00Z,62.02232142857143
2011-05-08T00:00:00Z,64.96577380952381
2011-05-09T00:00:00Z,65.95684523809524
2011-05-10T00:00:00Z,67.96130952380952
2011-05-11T00:00:00Z,66.96875
2011-05-12T00:00:00Z,65.75446428571429
2011-05-13T00:00:00Z,69.05357142857143
2011-05-14T00:00:00Z,69.09077380952381
2011-05-15T00:00:00Z,68.62053571428572
2011-05-16T00:00:00Z,65.40029761904762
2011-05-17T00:00:00Z,61.072916666666664
2011-05-18T00:00:00Z,61.70684523809524
2011-05-19T00:00:00Z,64.5014880952381
2011-05-20T00:00:00Z,68.39285714285714
2011-05-21T00:00:00Z,70.83482142857143
2011-05-22T00:00:00Z,74.11607142857143
2011-05-23T00:00:00Z,75.71130952380952
2011-05-24T00:00:00Z,78.14880952380952
2011-05-25T00:00:00Z,77.8110119047619
2011-05-26T00:00:00Z,78.82886904761905
2011-05-27T00:00:00Z,71.52529761904762
2011-05-28T00:00:00Z,73.07291666666667
2011-05-29T00:00:00Z,76.13095238095238
2011-05-30T00:00:00Z,79.35863095238095
2011-05-31T00:00:00Z,81.89583333333333
2011-06-01T00:00:00Z,80.87202380952381
2011-06-02T00:00:00Z,81.0639880952381
2011-06-03T00:00:00Z,75.54315476190476
2011-06-04T00:00:00Z,73.90625
2011-06-05T00:00:00Z,77.09672619047619
2011-06-06T00:00:00Z,76.32738095238095
2011-06-07T00:00:00Z,77.50446428571429
2011-06-08T00:00:00Z,80.75297619047619
2011-06-09T00:00:00Z,79.79761904761905
2011-06-10T00:00:00Z,78.64880952380952
2011-06-11T00:00:00Z,77.4672619047619
2011-06-12T00:00:00Z,76.92113095238095
2011-06-13T00:00:00Z,75.83333333333333
2011-06-14T00:00:00Z,72.5327380952381
2011-06-15T00:00:00Z,70.30803571428571
2011-06-16T00:00:00Z,74.49107142857143
2011-06-17T00:00:00Z,77.09821428571428
2011-06-18T00:00:00Z,78.26488095238095
2011-06-19T00:00:00Z,77.30208333333333
2011-06-20T00:00:00Z,79.10267857142857
2011-06-21T00:00:00Z,78.78125
2011-06-22T00:00:00Z,79.67708333333333
2011-06-23T00:00:00Z,78.55803571428572
2011-06-24T00:00:00Z,79.41964285714286
2011-06-25T00:00:00Z,78.20684523809524
2011-06-26T00:00:00Z,78.06547619047619
2011-06-27T00:00:00Z,78.86607142857143
2011-06-28T00:00:00Z,79.94047619047619
2011-06-29T00:00:00Z,77.74553571428571
2011-06-30T00:00:00Z,77.24404761904762
NA,NA
