"","date","avg_temp"
"1",2005-01-01,53.5654761904762
"2",2005-01-02,53.7574404761905
"3",2005-01-03,55.9136904761905
"4",2005-01-04,61.6949404761905
"5",2005-01-05,60.4300595238095
"6",2005-01-06,62.0044642857143
"7",2005-01-07,55.8556547619048
"8",2005-01-08,57.6607142857143
"9",2005-01-09,47.6235119047619
"10",2005-01-10,49.2991071428571
"11",2005-01-11,50.8571428571429
"12",2005-01-12,57.9538690476191
"13",2005-01-13,65.8988095238095
"14",2005-01-14,52.9330357142857
"15",2005-01-15,38.546130952381
"16",2005-01-16,37.2946428571429
"17",2005-01-17,28.8869047619048
"18",2005-01-18,22.7291666666667
"19",2005-01-19,25.9449404761905
"20",2005-01-20,35.8824404761905
"21",2005-01-21,34.6279761904762
"22",2005-01-22,33.4285714285714
"23",2005-01-23,24.8407738095238
"24",2005-01-24,28.0208333333333
"25",2005-01-25,38.7366071428571
"26",2005-01-26,47.7068452380952
"27",2005-01-27,37.0967261904762
"28",2005-01-28,26.9345238095238
"29",2005-01-29,29.9806547619048
"30",2005-01-30,36.4985119047619
"31",2005-01-31,37.4196428571429
"32",2005-02-01,36.5163690476191
"33",2005-02-02,36.6785714285714
"34",2005-02-03,36.3363095238095
"35",2005-02-04,40.4300595238095
"36",2005-02-05,44.5014880952381
"37",2005-02-06,45.3050595238095
"38",2005-02-07,45.9345238095238
"39",2005-02-08,51.9791666666667
"40",2005-02-09,55.0520833333333
"41",2005-02-10,46.2142857142857
"42",2005-02-11,36.3452380952381
"43",2005-02-12,43.2410714285714
"44",2005-02-13,47.3229166666667
"45",2005-02-14,51.0833333333333
"46",2005-02-15,52.7336309523809
"47",2005-02-16,56.2008928571429
"48",2005-02-17,44.4196428571429
"49",2005-02-18,37.3705357142857
"50",2005-02-19,39.4866071428571
"51",2005-02-20,43.6651785714286
"52",2005-02-21,52.0074404761905
"53",2005-02-22,52.6056547619048
"54",2005-02-23,50.7857142857143
"55",2005-02-24,41.5744047619048
"56",2005-02-25,37.3988095238095
"57",2005-02-26,39.4389880952381
"58",2005-02-27,40.5044642857143
"59",2005-02-28,40.0520833333333
"60",2005-03-01,38.7633928571429
"61",2005-03-02,36.2247023809524
"62",2005-03-03,37.1056547619048
"63",2005-03-04,41.4255952380952
"64",2005-03-05,47.7991071428571
"65",2005-03-06,46.4583333333333
"66",2005-03-07,55.1547619047619
"67",2005-03-08,46.7440476190476
"68",2005-03-09,37.4285714285714
"69",2005-03-10,41.4985119047619
"70",2005-03-11,46.9166666666667
"71",2005-03-12,50.0357142857143
"72",2005-03-13,55.5119047619048
"73",2005-03-14,43.0074404761905
"74",2005-03-15,43.0491071428571
"75",2005-03-16,40.3511904761905
"76",2005-03-17,36.9717261904762
"77",2005-03-18,42.3630952380952
"78",2005-03-19,48.2410714285714
"79",2005-03-20,52.6145833333333
"80",2005-03-21,51.5982142857143
"81",2005-03-22,51.3869047619048
"82",2005-03-23,59.8794642857143
"83",2005-03-24,55.6413690476191
"84",2005-03-25,54.0595238095238
"85",2005-03-26,53.6964285714286
"86",2005-03-27,53.8616071428571
"87",2005-03-28,57.6726190476191
"88",2005-03-29,59.3318452380952
"89",2005-03-30,59.9196428571429
"90",2005-03-31,59.9851190476191
"91",2005-04-01,60.5282738095238
"92",2005-04-02,56.6979166666667
"93",2005-04-03,NA
"94",2005-04-04,60.5744047619048
"95",2005-04-05,62.4866071428571
"96",2005-04-06,66.3244047619048
"97",2005-04-07,65.3422619047619
"98",2005-04-08,63.6279761904762
"99",2005-04-09,59.4017857142857
"100",2005-04-10,58.0267857142857
"101",2005-04-11,61.5416666666667
"102",2005-04-12,55.0565476190476
"103",2005-04-13,48.5327380952381
"104",2005-04-14,49.6458333333333
"105",2005-04-15,51.7232142857143
"106",2005-04-16,50.3928571428571
"107",2005-04-17,53.3377976190476
"108",2005-04-18,61.0208333333333
"109",2005-04-19,66.4122023809524
"110",2005-04-20,69.2931547619048
"111",2005-04-21,68.40625
"112",2005-04-22,65.1309523809524
"113",2005-04-23,61.3764880952381
"114",2005-04-24,47.1205357142857
"115",2005-04-25,52.8883928571429
"116",2005-04-26,57.0892857142857
"117",2005-04-27,60.8467261904762
"118",2005-04-28,56.9002976190476
"119",2005-04-29,61.1666666666667
"120",2005-04-30,66.8050595238095
"121",2005-05-01,60.6979166666667
"122",2005-05-02,58.3348214285714
"123",2005-05-03,56.639880952381
"124",2005-05-04,58.2232142857143
"125",2005-05-05,56.0952380952381
"126",2005-05-06,52.8392857142857
"127",2005-05-07,59.0580357142857
"128",2005-05-08,65.4568452380952
"129",2005-05-09,65.3645833333333
"130",2005-05-10,65.3883928571429
"131",2005-05-11,69.0342261904762
"132",2005-05-12,72.4851190476191
"133",2005-05-13,64.0461309523809
"134",2005-05-14,68.9285714285714
"135",2005-05-15,69.0952380952381
"136",2005-05-16,66.0758928571429
"137",2005-05-17,65.5982142857143
"138",2005-05-18,67.3571428571429
"139",2005-05-19,68.1160714285714
"140",2005-05-20,66.5863095238095
"141",2005-05-21,60.8824404761905
"142",2005-05-22,65.8125
"143",2005-05-23,70.8616071428571
"144",2005-05-24,63.4300595238095
"145",2005-05-25,59.1116071428571
"146",2005-05-26,66.1755952380952
"147",2005-05-27,70.4479166666667
"148",2005-05-28,69.7976190476191
"149",2005-05-29,68.3675595238095
"150",2005-05-30,66.7991071428571
"151",2005-05-31,67.5952380952381
"152",2005-06-01,63.3050595238095
"153",2005-06-02,63.4970238095238
"154",2005-06-03,67.3169642857143
"155",2005-06-04,72.4613095238095
"156",2005-06-05,76.4077380952381
"157",2005-06-06,77.5982142857143
"158",2005-06-07,76.3556547619048
"159",2005-06-08,75.3303571428571
"160",2005-06-09,76.5386904761905
"161",2005-06-10,77.0327380952381
"162",2005-06-11,75.3273809523809
"163",2005-06-12,77.1458333333333
"164",2005-06-13,79.4047619047619
"165",2005-06-14,81.3154761904762
"166",2005-06-15,81.6755952380952
"167",2005-06-16,77.7678571428571
"168",2005-06-17,72.8065476190476
"169",2005-06-18,71.5877976190476
"170",2005-06-19,70.6264880952381
"171",2005-06-20,68.0699404761905
"172",2005-06-21,69.5997023809524
"173",2005-06-22,75.7217261904762
"174",2005-06-23,75.9851190476191
"175",2005-06-24,75.6770833333333
"176",2005-06-25,75.0104166666667
"177",2005-06-26,76.2455357142857
"178",2005-06-27,78.6458333333333
"179",2005-06-28,75.8705357142857
"180",2005-06-29,75.7723214285714
"181",2005-06-30,79.28125
"182",2005-07-01,81.0431547619048
"183",2005-07-02,78.8258928571429
"184",2005-07-03,76.6235119047619
"185",2005-07-04,77.8258928571429
"186",2005-07-05,79.9866071428571
"187",2005-07-06,80.6473214285714
"188",2005-07-07,78.8869047619048
"189",2005-07-08,77.7559523809524
"190",2005-07-09,77.9627976190476
"191",2005-07-10,78.9553571428571
"192",2005-07-11,79.1145833333333
"193",2005-07-12,80.8645833333333
"194",2005-07-13,77.9598214285714
"195",2005-07-14,76.8824404761905
"196",2005-07-15,79.2767857142857
"197",2005-07-16,80.7827380952381
"198",2005-07-17,81.4806547619048
"199",2005-07-18,81.4970238095238
"200",2005-07-19,81.9776785714286
"201",2005-07-20,81.5505952380952
"202",2005-07-21,81.5565476190476
"203",2005-07-22,81.2842261904762
"204",2005-07-23,80.5848214285714
"205",2005-07-24,78.5654761904762
"206",2005-07-25,81.7857142857143
"207",2005-07-26,85.6904761904762
"208",2005-07-27,86.5684523809524
"209",2005-07-28,81.2916666666667
"210",2005-07-29,75.5848214285714
"211",2005-07-30,75.9315476190476
"212",2005-07-31,74.4985119047619
"213",2005-08-01,76.2038690476191
"214",2005-08-02,77.71875
"215",2005-08-03,79.3199404761905
"216",2005-08-04,80.4747023809524
"217",2005-08-05,80.2291666666667
"218",2005-08-06,78.4866071428571
"219",2005-08-07,77
"220",2005-08-08,76.5104166666667
"221",2005-08-09,76.5491071428571
"222",2005-08-10,78.0119047619048
"223",2005-08-11,80.6681547619048
"224",2005-08-12,81.3050595238095
"225",2005-08-13,80.7410714285714
"226",2005-08-14,80.5119047619048
"227",2005-08-15,82.34375
"228",2005-08-16,82.0877976190476
"229",2005-08-17,78.0997023809524
"230",2005-08-18,76.2410714285714
"231",2005-08-19,79.9017857142857
"232",2005-08-20,83.3065476190476
"233",2005-08-21,83.8839285714286
"234",2005-08-22,81.2455357142857
"235",2005-08-23,76.7678571428571
"236",2005-08-24,76.6696428571429
"237",2005-08-25,74.9970238095238
"238",2005-08-26,73.4434523809524
"239",2005-08-27,75.8377976190476
"240",2005-08-28,78.15625
"241",2005-08-29,79.0133928571429
"242",2005-08-30,80.9345238095238
"243",2005-08-31,81.4583333333333
"244",2005-09-01,76.8125
"245",2005-09-02,76.4553571428571
"246",2005-09-03,76.4776785714286
"247",2005-09-04,73.4300595238095
"248",2005-09-05,72.7738095238095
"249",2005-09-06,72.6309523809524
"250",2005-09-07,71.9166666666667
"251",2005-09-08,72.1458333333333
"252",2005-09-09,72.4002976190476
"253",2005-09-10,73.4925595238095
"254",2005-09-11,72.9761904761905
"255",2005-09-12,73.1443452380952
"256",2005-09-13,76.2083333333333
"257",2005-09-14,76.7127976190476
"258",2005-09-15,78.0744047619048
"259",2005-09-16,77.5654761904762
"260",2005-09-17,78.3482142857143
"261",2005-09-18,77.4434523809524
"262",2005-09-19,77.1889880952381
"263",2005-09-20,77.5193452380952
"264",2005-09-21,75.0148809523809
"265",2005-09-22,75.2038690476191
"266",2005-09-23,76.8065476190476
"267",2005-09-24,75.7380952380952
"268",2005-09-25,74.9568452380952
"269",2005-09-26,74.7410714285714
"270",2005-09-27,73.6607142857143
"271",2005-09-28,70.4657738095238
"272",2005-09-29,72.6101190476191
"273",2005-09-30,66.3065476190476
"274",2005-10-01,69.6383928571429
"275",2005-10-02,69.4166666666667
"276",2005-10-03,69.6592261904762
"277",2005-10-04,71.3139880952381
"278",2005-10-05,73.4300595238095
"279",2005-10-06,73.5818452380952
"280",2005-10-07,73.1860119047619
"281",2005-10-08,74.0877976190476
"282",2005-10-09,68.0595238095238
"283",2005-10-10,66.2008928571429
"284",2005-10-11,68.0535714285714
"285",2005-10-12,65.8735119047619
"286",2005-10-13,65.0327380952381
"287",2005-10-14,65.2455357142857
"288",2005-10-15,65.8660714285714
"289",2005-10-16,61.4508928571429
"290",2005-10-17,56.7991071428571
"291",2005-10-18,63.2038690476191
"292",2005-10-19,67.7767857142857
"293",2005-10-20,70.5148809523809
"294",2005-10-21,67.2663690476191
"295",2005-10-22,65.8869047619048
"296",2005-10-23,55.5967261904762
"297",2005-10-24,52.4717261904762
"298",2005-10-25,49.6443452380952
"299",2005-10-26,50.0833333333333
"300",2005-10-27,48.3571428571429
"301",2005-10-28,48.7678571428571
"302",2005-10-29,46.4761904761905
"303",2005-10-30,49.7805059523809
"304",2005-10-31,53.1919642857143
"305",2005-11-01,56.3214285714286
"306",2005-11-02,55.7633928571429
"307",2005-11-03,52.2068452380952
"308",2005-11-04,58.96875
"309",2005-11-05,62.6860119047619
"310",2005-11-06,64.6800595238095
"311",2005-11-07,61.8095238095238
"312",2005-11-08,60.6755952380952
"313",2005-11-09,67.8020833333333
"314",2005-11-10,58.8184523809524
"315",2005-11-11,46.4955357142857
"316",2005-11-12,48.5
"317",2005-11-13,56.9642857142857
"318",2005-11-14,64.1413690476191
"319",2005-11-15,66.1130952380952
"320",2005-11-16,66.6785714285714
"321",2005-11-17,44.6517857142857
"322",2005-11-18,37.0431547619048
"323",2005-11-19,41.2380952380952
"324",2005-11-20,50.108630952381
"325",2005-11-21,54.5848214285714
"326",2005-11-22,46.5729166666667
"327",2005-11-23,41.3244047619048
"328",2005-11-24,52.6502976190476
"329",2005-11-25,38.6636904761905
"330",2005-11-26,39.1875
"331",2005-11-27,46.8273809523809
"332",2005-11-28,59.7395833333333
"333",2005-11-29,64.2678571428571
"334",2005-11-30,51.8377976190476
"335",2005-12-01,44.9672619047619
"336",2005-12-02,41.6636904761905
"337",2005-12-03,40.3125
"338",2005-12-04,56.3943452380952
"339",2005-12-05,45.6919642857143
"340",2005-12-06,37.0044642857143
"341",2005-12-07,36.7351190476191
"342",2005-12-08,36.8526785714286
"343",2005-12-09,40.53125
"344",2005-12-10,38.0386904761905
"345",2005-12-11,42.0535714285714
"346",2005-12-12,42.1443452380952
"347",2005-12-13,36.0223214285714
"348",2005-12-14,31.4345238095238
"349",2005-12-15,40.5342261904762
"350",2005-12-16,41.4642857142857
"351",2005-12-17,39.9151785714286
"352",2005-12-18,39.9568452380952
"353",2005-12-19,38.7544642857143
"354",2005-12-20,34.5535714285714
"355",2005-12-21,32.7991071428571
"356",2005-12-22,33.7470238095238
"357",2005-12-23,38.5520833333333
"358",2005-12-24,43.5223214285714
"359",2005-12-25,51.3035714285714
"360",2005-12-26,45.6934523809524
"361",2005-12-27,42.5520833333333
"362",2005-12-28,48.2529761904762
"363",2005-12-29,49.84375
"364",2005-12-30,43.7916666666667
"365",2005-12-31,48.4389880952381
"366",2006-01-01,46.4434523809524
"367",2006-01-02,50.2068452380952
"368",2006-01-03,51.0193452380952
"369",2006-01-04,45.7083333333333
"370",2006-01-05,49.6398809523809
"371",2006-01-06,40.5669642857143
"372",2006-01-07,35.25
"373",2006-01-08,44.5565476190476
"374",2006-01-09,55.5654761904762
"375",2006-01-10,52.5178571428571
"376",2006-01-11,56.3809523809524
"377",2006-01-12,54.6502976190476
"378",2006-01-13,57.2202380952381
"379",2006-01-14,44.3452380952381
"380",2006-01-15,40.3363095238095
"381",2006-01-16,45.4136904761905
"382",2006-01-17,56.4985119047619
"383",2006-01-18,47.1443452380952
"384",2006-01-19,44.1547619047619
"385",2006-01-20,49.0029761904762
"386",2006-01-21,55.0178571428571
"387",2006-01-22,45.25
"388",2006-01-23,47.2113095238095
"389",2006-01-24,50.5104166666667
"390",2006-01-25,44.5818452380952
"391",2006-01-26,37.5922619047619
"392",2006-01-27,35.9434523809524
"393",2006-01-28,43.3050595238095
"394",2006-01-29,54.7782738095238
"395",2006-01-30,55.5014880952381
"396",2006-01-31,46.3318452380952
"397",2006-02-01,39.7008928571429
"398",2006-02-02,46.7723214285714
"399",2006-02-03,57.1547619047619
"400",2006-02-04,55.9151785714286
"401",2006-02-05,39.6830357142857
"402",2006-02-06,39.6934523809524
"403",2006-02-07,40.9955357142857
"404",2006-02-08,37.15625
"405",2006-02-09,35.6830357142857
"406",2006-02-10,37.9211309523809
"407",2006-02-11,41.1279761904762
"408",2006-02-12,35.6636904761905
"409",2006-02-13,33.2767857142857
"410",2006-02-14,40.5669642857143
"411",2006-02-15,49.1116071428571
"412",2006-02-16,54.1517857142857
"413",2006-02-17,57.9107142857143
"414",2006-02-18,40.3452380952381
"415",2006-02-19,31.0193452380952
"416",2006-02-20,38.1160714285714
"417",2006-02-21,46.3467261904762
"418",2006-02-22,48.5803571428571
"419",2006-02-23,48.6517857142857
"420",2006-02-24,46.3630952380952
"421",2006-02-25,47.1458333333333
"422",2006-02-26,38.8005952380952
"423",2006-02-27,38.4508928571429
"424",2006-02-28,52.6592261904762
"425",2006-03-01,59.0967261904762
"426",2006-03-02,63.6934523809524
"427",2006-03-03,46.2544642857143
"428",2006-03-04,41.1875
"429",2006-03-05,44.4791666666667
"430",2006-03-06,46.6517857142857
"431",2006-03-07,43.5714285714286
"432",2006-03-08,46.1071428571429
"433",2006-03-09,58.1101190476191
"434",2006-03-10,64.9836309523809
"435",2006-03-11,63.3883928571429
"436",2006-03-12,68.0119047619048
"437",2006-03-13,69.1741071428571
"438",2006-03-14,61.7514880952381
"439",2006-03-15,49.9806547619048
"440",2006-03-16,51.5089285714286
"441",2006-03-17,53.7172619047619
"442",2006-03-18,46.5892857142857
"443",2006-03-19,45.0848214285714
"444",2006-03-20,43.0922619047619
"445",2006-03-21,41.2008928571429
"446",2006-03-22,41.8392857142857
"447",2006-03-23,42.7827380952381
"448",2006-03-24,42.9315476190476
"449",2006-03-25,41.8541666666667
"450",2006-03-26,41.766369047619
"451",2006-03-27,45.0922619047619
"452",2006-03-28,51.1681547619048
"453",2006-03-29,53.6755952380952
"454",2006-03-30,55.1071428571429
"455",2006-03-31,61.3497023809524
"456",2006-04-01,67.2574404761905
"457",2006-04-02,NA
"458",2006-04-03,64.90625
"459",2006-04-04,55.3660714285714
"460",2006-04-05,56.8973214285714
"461",2006-04-06,57.5714285714286
"462",2006-04-07,68.59375
"463",2006-04-08,63.6547619047619
"464",2006-04-09,49.7321428571429
"465",2006-04-10,51.4553571428571
"466",2006-04-11,56.6979166666667
"467",2006-04-12,60.7529761904762
"468",2006-04-13,65.7232142857143
"469",2006-04-14,69.875
"470",2006-04-15,75.3244047619048
"471",2006-04-16,73.1086309523809
"472",2006-04-17,64.5639880952381
"473",2006-04-18,57.7157738095238
"474",2006-04-19,59.65625
"475",2006-04-20,65.0119047619048
"476",2006-04-21,67.6785714285714
"477",2006-04-22,66.2351190476191
"478",2006-04-23,67.4583333333333
"479",2006-04-24,69.9389880952381
"480",2006-04-25,70.8541666666667
"481",2006-04-26,59.4315476190476
"482",2006-04-27,54.7410714285714
"483",2006-04-28,57.9657738095238
"484",2006-04-29,56.4136904761905
"485",2006-04-30,54.5550595238095
"486",2006-05-01,56.6845238095238
"487",2006-05-02,60.1324404761905
"488",2006-05-03,66.6190476190476
"489",2006-05-04,66.7857142857143
"490",2006-05-05,67.6845238095238
"491",2006-05-06,68.1964285714286
"492",2006-05-07,57.6800595238095
"493",2006-05-08,54.2693452380952
"494",2006-05-09,57.2589285714286
"495",2006-05-10,61.7470238095238
"496",2006-05-11,66.7172619047619
"497",2006-05-12,60.6235119047619
"498",2006-05-13,62.3184523809524
"499",2006-05-14,62.1830357142857
"500",2006-05-15,60.9285714285714
"501",2006-05-16,59.1622023809524
"502",2006-05-17,62.0982142857143
"503",2006-05-18,63.3735119047619
"504",2006-05-19,62.2172619047619
"505",2006-05-20,67.9255952380952
"506",2006-05-21,71.5163690476191
"507",2006-05-22,66.28125
"508",2006-05-23,63.5669642857143
"509",2006-05-24,65.5625
"510",2006-05-25,72.8720238095238
"511",2006-05-26,75.5997023809524
"512",2006-05-27,75.8184523809524
"513",2006-05-28,74.6339285714286
"514",2006-05-29,73.9672619047619
"515",2006-05-30,75.3035714285714
"516",2006-05-31,74.9970238095238
"517",2006-06-01,75.4107142857143
"518",2006-06-02,75.0044642857143
"519",2006-06-03,71.2693452380952
"520",2006-06-04,69.0119047619048
"521",2006-06-05,65.4434523809524
"522",2006-06-06,65.6086309523809
"523",2006-06-07,70.4181547619048
"524",2006-06-08,71.4181547619048
"525",2006-06-09,72.7008928571429
"526",2006-06-10,75.8735119047619
"527",2006-06-11,73.9270833333333
"528",2006-06-12,72.4300595238095
"529",2006-06-13,67.8125
"530",2006-06-14,70.0282738095238
"531",2006-06-15,71.5148809523809
"532",2006-06-16,72.0416666666667
"533",2006-06-17,73.2321428571429
"534",2006-06-18,73.8318452380952
"535",2006-06-19,75.0252976190476
"536",2006-06-20,78.7648809523809
"537",2006-06-21,78.3824404761905
"538",2006-06-22,79.4821428571429
"539",2006-06-23,77.4895833333333
"540",2006-06-24,76.7202380952381
"541",2006-06-25,75.6815476190476
"542",2006-06-26,75.3958333333333
"543",2006-06-27,75.5625
"544",2006-06-28,77.5476190476191
"545",2006-06-29,77.1175595238095
"546",2006-06-30,75.6800595238095
"547",2006-07-01,76.5193452380952
"548",2006-07-02,79.9761904761905
"549",2006-07-03,81.5163690476191
"550",2006-07-04,80.78125
"551",2006-07-05,79.1205357142857
"552",2006-07-06,73.0059523809524
"553",2006-07-07,70.6845238095238
"554",2006-07-08,70.5342261904762
"555",2006-07-09,71.84375
"556",2006-07-10,76.3065476190476
"557",2006-07-11,78.7663690476191
"558",2006-07-12,80.4136904761905
"559",2006-07-13,81.03125
"560",2006-07-14,80.0342261904762
"561",2006-07-15,80.9360119047619
"562",2006-07-16,80.8883928571429
"563",2006-07-17,80.2574404761905
"564",2006-07-18,81.4270833333333
"565",2006-07-19,80.7574404761905
"566",2006-07-20,77.9538690476191
"567",2006-07-21,80.3467261904762
"568",2006-07-22,80.1101190476191
"569",2006-07-23,76.2663690476191
"570",2006-07-24,76.1711309523809
"571",2006-07-25,76.4895833333333
"572",2006-07-26,78.4449404761905
"573",2006-07-27,80.1622023809524
"574",2006-07-28,82.3199404761905
"575",2006-07-29,79.3645833333333
"576",2006-07-30,79.5550595238095
"577",2006-07-31,82.5505952380952
"578",2006-08-01,84.3794642857143
"579",2006-08-02,84.7738095238095
"580",2006-08-03,84.96875
"581",2006-08-04,85.1532738095238
"582",2006-08-05,80.5907738095238
"583",2006-08-06,80.3288690476191
"584",2006-08-07,80.6220238095238
"585",2006-08-08,81.3422619047619
"586",2006-08-09,78.7544642857143
"587",2006-08-10,79.3839285714286
"588",2006-08-11,75.5967261904762
"589",2006-08-12,70.9241071428571
"590",2006-08-13,71.9880952380952
"591",2006-08-14,75.0089285714286
"592",2006-08-15,78.3407738095238
"593",2006-08-16,77.6041666666667
"594",2006-08-17,76.5744047619048
"595",2006-08-18,76.5788690476191
"596",2006-08-19,77.8928571428571
"597",2006-08-20,80.0148809523809
"598",2006-08-21,78.5997023809524
"599",2006-08-22,77.1116071428571
"600",2006-08-23,77.3303571428571
"601",2006-08-24,76.25
"602",2006-08-25,76.3794642857143
"603",2006-08-26,76.9925595238095
"604",2006-08-27,77.5133928571429
"605",2006-08-28,80.2217261904762
"606",2006-08-29,82.8794642857143
"607",2006-08-30,78.8214285714286
"608",2006-08-31,73.7321428571429
"609",2006-09-01,70.1026785714286
"610",2006-09-02,70.6056547619048
"611",2006-09-03,74.9940476190476
"612",2006-09-04,75.2217261904762
"613",2006-09-05,73.4791666666667
"614",2006-09-06,70.7529761904762
"615",2006-09-07,70.9047619047619
"616",2006-09-08,71.9910714285714
"617",2006-09-09,71.9449404761905
"618",2006-09-10,72.6919642857143
"619",2006-09-11,70.3586309523809
"620",2006-09-12,66.1607142857143
"621",2006-09-13,65.0342261904762
"622",2006-09-14,69.6651785714286
"623",2006-09-15,69.78125
"624",2006-09-16,69.0386904761905
"625",2006-09-17,70.5163690476191
"626",2006-09-18,72.6830357142857
"627",2006-09-19,74.7663690476191
"628",2006-09-20,66.7529761904762
"629",2006-09-21,60.7127976190476
"630",2006-09-22,66.0074404761905
"631",2006-09-23,75.1577380952381
"632",2006-09-24,77.2023809523809
"633",2006-09-25,68.3095238095238
"634",2006-09-26,64.7038690476191
"635",2006-09-27,64.5773809523809
"636",2006-09-28,65.9955357142857
"637",2006-09-29,59.9181547619048
"638",2006-09-30,60.5074404761905
"639",2006-10-01,65.8809523809524
"640",2006-10-02,63.9866071428571
"641",2006-10-03,65.1919642857143
"642",2006-10-04,69.0773809523809
"643",2006-10-05,71.3169642857143
"644",2006-10-06,64.1889880952381
"645",2006-10-07,57.2410714285714
"646",2006-10-08,63.6369047619048
"647",2006-10-09,65.0446428571429
"648",2006-10-10,66.6294642857143
"649",2006-10-11,65.4866071428571
"650",2006-10-12,65.9553571428571
"651",2006-10-13,53.0401785714286
"652",2006-10-14,49.8020833333333
"653",2006-10-15,50.5193452380952
"654",2006-10-16,54.9613095238095
"655",2006-10-17,62.15625
"656",2006-10-18,69.0104166666667
"657",2006-10-19,67.7946428571429
"658",2006-10-20,67.7068452380952
"659",2006-10-21,54.5848214285714
"660",2006-10-22,55.6889880952381
"661",2006-10-23,50.3511904761905
"662",2006-10-24,42.7723214285714
"663",2006-10-25,43.8779761904762
"664",2006-10-26,48.1815476190476
"665",2006-10-27,53.2157738095238
"666",2006-10-28,62.1681547619048
"667",2006-10-29,55.5238095238095
"668",2006-10-30,58.0758928571429
"669",2006-10-31,59.8497023809524
"670",2006-11-01,64.0208333333333
"671",2006-11-02,56.5252976190476
"672",2006-11-03,41.8125
"673",2006-11-04,39.2648809523809
"674",2006-11-05,42.3482142857143
"675",2006-11-06,48.6101190476191
"676",2006-11-07,55.891369047619
"677",2006-11-08,60.0133928571429
"678",2006-11-09,60.6473214285714
"679",2006-11-10,62.4017857142857
"680",2006-11-11,64.2767857142857
"681",2006-11-12,52.9330357142857
"682",2006-11-13,54.1279761904762
"683",2006-11-14,56.7142857142857
"684",2006-11-15,58.8839285714286
"685",2006-11-16,62.172619047619
"686",2006-11-17,49.421130952381
"687",2006-11-18,46.4702380952381
"688",2006-11-19,45.09375
"689",2006-11-20,45.1101190476191
"690",2006-11-21,43.6354166666667
"691",2006-11-22,48.2976190476191
"692",2006-11-23,47.9925595238095
"693",2006-11-24,50.5386904761905
"694",2006-11-25,49.2648809523809
"695",2006-11-26,49.8184523809524
"696",2006-11-27,52.3125
"697",2006-11-28,56.766369047619
"698",2006-11-29,61.0758928571429
"699",2006-11-30,65.0699404761905
"700",2006-12-01,67.6636904761905
"701",2006-12-02,49.1309523809524
"702",2006-12-03,46.9508928571429
"703",2006-12-04,40.4196428571429
"704",2006-12-05,38.6815476190476
"705",2006-12-06,44.4136904761905
"706",2006-12-07,48.2142857142857
"707",2006-12-08,28.483630952381
"708",2006-12-09,31.7395833333333
"709",2006-12-10,39.9508928571429
"710",2006-12-11,44.4866071428571
"711",2006-12-12,46.9047619047619
"712",2006-12-13,52.9434523809524
"713",2006-12-14,51.7857142857143
"714",2006-12-15,53.21875
"715",2006-12-16,50.5714285714286
"716",2006-12-17,51.4092261904762
"717",2006-12-18,56.5223214285714
"718",2006-12-19,53.4002976190476
"719",2006-12-20,43.9389880952381
"720",2006-12-21,49.0699404761905
"721",2006-12-22,58.4866071428571
"722",2006-12-23,60.5401785714286
"723",2006-12-24,50.3690476190476
"724",2006-12-25,52.1979166666667
"725",2006-12-26,51.46875
"726",2006-12-27,42.4747023809524
"727",2006-12-28,42.0014880952381
"728",2006-12-29,45.8943452380952
"729",2006-12-30,49.7425595238095
"730",2006-12-31,55.6651785714286
"731",2007-01-01,60.3214285714286
"732",2007-01-02,45.1488095238095
"733",2007-01-03,45.7440476190476
"734",2007-01-04,56.6160714285714
"735",2007-01-05,64.4122023809524
"736",2007-01-06,61.4761904761905
"737",2007-01-07,55.6934523809524
"738",2007-01-08,55.4464285714286
"739",2007-01-09,41.5922619047619
"740",2007-01-10,36.7023809523809
"741",2007-01-11,37.7127976190476
"742",2007-01-12,50.1607142857143
"743",2007-01-13,57.1369047619048
"744",2007-01-14,59.7574404761905
"745",2007-01-15,62.9657738095238
"746",2007-01-16,53.7648809523809
"747",2007-01-17,34.8377976190476
"748",2007-01-18,34.5431547619048
"749",2007-01-19,42.1145833333333
"750",2007-01-20,37.6964285714286
"751",2007-01-21,35.6488095238095
"752",2007-01-22,39.6860119047619
"753",2007-01-23,39.8511904761905
"754",2007-01-24,38.4077380952381
"755",2007-01-25,38.0758928571429
"756",2007-01-26,35.3318452380952
"757",2007-01-27,47.8229166666667
"758",2007-01-28,45.2738095238095
"759",2007-01-29,28.3318452380952
"760",2007-01-30,36.5074404761905
"761",2007-01-31,31.5267857142857
"762",2007-02-01,33.5282738095238
"763",2007-02-02,40.0178571428571
"764",2007-02-03,36.9330357142857
"765",2007-02-04,38.1473214285714
"766",2007-02-05,30.8333333333333
"767",2007-02-06,28.8883928571429
"768",2007-02-07,43.6636904761905
"769",2007-02-08,36.4895833333333
"770",2007-02-09,34.0014880952381
"771",2007-02-10,34.5907738095238
"772",2007-02-11,34.3422619047619
"773",2007-02-12,43.9955357142857
"774",2007-02-13,47.4747023809524
"775",2007-02-14,40.5163690476191
"776",2007-02-15,30.1443452380952
"777",2007-02-16,30.3511904761905
"778",2007-02-17,34.110119047619
"779",2007-02-18,36.0982142857143
"780",2007-02-19,35.6875
"781",2007-02-20,50.5773809523809
"782",2007-02-21,56.3660714285714
"783",2007-02-22,56.6845238095238
"784",2007-02-23,44.9330357142857
"785",2007-02-24,42.5401785714286
"786",2007-02-25,47.0580357142857
"787",2007-02-26,49.0684523809524
"788",2007-02-27,49.0699404761905
"789",2007-02-28,47.8913690476191
"790",2007-03-01,53.4479166666667
"791",2007-03-02,58.8586309523809
"792",2007-03-03,53.7098214285714
"793",2007-03-04,41.5967261904762
"794",2007-03-05,45.5178571428571
"795",2007-03-06,45.2395833333333
"796",2007-03-07,50.5193452380952
"797",2007-03-08,44.1815476190476
"798",2007-03-09,45.0357142857143
"799",2007-03-10,53.8110119047619
"800",2007-03-11,NA
"801",2007-03-12,51.25
"802",2007-03-13,58.875
"803",2007-03-14,65.6502976190476
"804",2007-03-15,66.3348214285714
"805",2007-03-16,50.8824404761905
"806",2007-03-17,39.8794642857143
"807",2007-03-18,38.6636904761905
"808",2007-03-19,45.4747023809524
"809",2007-03-20,60.4940476190476
"810",2007-03-21,55.9404761904762
"811",2007-03-22,60.2410714285714
"812",2007-03-23,65.7559523809524
"813",2007-03-24,67.9702380952381
"814",2007-03-25,65.7455357142857
"815",2007-03-26,60.797619047619
"816",2007-03-27,68.9895833333333
"817",2007-03-28,68.5863095238095
"818",2007-03-29,52.875
"819",2007-03-30,52.7648809523809
"820",2007-03-31,60.8616071428571
"821",2007-04-01,65.4181547619048
"822",2007-04-02,68.8318452380952
"823",2007-04-03,67.9836309523809
"824",2007-04-04,68.1592261904762
"825",2007-04-05,50.8020833333333
"826",2007-04-06,44.3794642857143
"827",2007-04-07,38.9077380952381
"828",2007-04-08,39.9866071428571
"829",2007-04-09,43.5639880952381
"830",2007-04-10,47.2023809523809
"831",2007-04-11,52.1383928571429
"832",2007-04-12,62.1681547619048
"833",2007-04-13,55.8794642857143
"834",2007-04-14,57.7827380952381
"835",2007-04-15,59.8005952380952
"836",2007-04-16,52.1741071428571
"837",2007-04-17,58.4791666666667
"838",2007-04-18,55.3363095238095
"839",2007-04-19,52.1681547619048
"840",2007-04-20,55.077380952381
"841",2007-04-21,58.4866071428571
"842",2007-04-22,63.1086309523809
"843",2007-04-23,66.2514880952381
"844",2007-04-24,68.6711309523809
"845",2007-04-25,72.0059523809524
"846",2007-04-26,70.1130952380952
"847",2007-04-27,71.1636904761905
"848",2007-04-28,65.8497023809524
"849",2007-04-29,66.3258928571429
"850",2007-04-30,69.7619047619048
"851",2007-05-01,73.9389880952381
"852",2007-05-02,74.1755952380952
"853",2007-05-03,65.0372023809524
"854",2007-05-04,56.8630952380952
"855",2007-05-05,60.3586309523809
"856",2007-05-06,59.327380952381
"857",2007-05-07,55.5401785714286
"858",2007-05-08,60.3422619047619
"859",2007-05-09,67.4970238095238
"860",2007-05-10,69.2306547619048
"861",2007-05-11,71.6339285714286
"862",2007-05-12,70.0773809523809
"863",2007-05-13,65.8541666666667
"864",2007-05-14,61.1830357142857
"865",2007-05-15,66.8258928571429
"866",2007-05-16,69.9925595238095
"867",2007-05-17,63.8616071428571
"868",2007-05-18,59.2797619047619
"869",2007-05-19,59.2291666666667
"870",2007-05-20,66.3154761904762
"871",2007-05-21,69.6116071428571
"872",2007-05-22,68.9136904761905
"873",2007-05-23,68.3467261904762
"874",2007-05-24,67.6622023809524
"875",2007-05-25,69.0520833333333
"876",2007-05-26,72.0907738095238
"877",2007-05-27,73.2663690476191
"878",2007-05-28,73.5952380952381
"879",2007-05-29,74.4672619047619
"880",2007-05-30,74.2127976190476
"881",2007-05-31,73.8541666666667
"882",2007-06-01,73.6443452380952
"883",2007-06-02,70.8616071428571
"884",2007-06-03,69.1934523809524
"885",2007-06-04,74.5684523809524
"886",2007-06-05,76.2217261904762
"887",2007-06-06,72.9806547619048
"888",2007-06-07,77.0446428571429
"889",2007-06-08,80.7098214285714
"890",2007-06-09,79.7232142857143
"891",2007-06-10,74.9613095238095
"892",2007-06-11,70.7366071428571
"893",2007-06-12,70.9241071428571
"894",2007-06-13,69.5238095238095
"895",2007-06-14,65.3139880952381
"896",2007-06-15,64.5818452380952
"897",2007-06-16,69.9300595238095
"898",2007-06-17,75.5907738095238
"899",2007-06-18,78.9895833333333
"900",2007-06-19,80.1116071428571
"901",2007-06-20,74.9285714285714
"902",2007-06-21,73.5505952380952
"903",2007-06-22,76.3214285714286
"904",2007-06-23,75.5461309523809
"905",2007-06-24,76.3675595238095
"906",2007-06-25,76.8348214285714
"907",2007-06-26,78.5238095238095
"908",2007-06-27,78.8943452380952
"909",2007-06-28,79.7127976190476
"910",2007-06-29,78.6711309523809
"911",2007-06-30,76.6949404761905
"912",2007-07-01,75.3869047619048
"913",2007-07-02,71.4419642857143
"914",2007-07-03,71.7053571428571
"915",2007-07-04,74.3764880952381
"916",2007-07-05,77.4627976190476
"917",2007-07-06,79.3839285714286
"918",2007-07-07,77.8214285714286
"919",2007-07-08,78.8303571428571
"920",2007-07-09,79.9866071428571
"921",2007-07-10,79.5535714285714
"922",2007-07-11,79.3452380952381
"923",2007-07-12,77.8244047619048
"924",2007-07-13,74.5014880952381
"925",2007-07-14,74.0982142857143
"926",2007-07-15,76.6101190476191
"927",2007-07-16,78.9642857142857
"928",2007-07-17,79.2276785714286
"929",2007-07-18,79.5342261904762
"930",2007-07-19,82.2470238095238
"931",2007-07-20,78.0833333333333
"932",2007-07-21,73.5327380952381
"933",2007-07-22,71.7514880952381
"934",2007-07-23,72.2410714285714
"935",2007-07-24,72.9017857142857
"936",2007-07-25,74.1577380952381
"937",2007-07-26,76.7619047619048
"938",2007-07-27,76.8199404761905
"939",2007-07-28,75.8660714285714
"940",2007-07-29,76.7559523809524
"941",2007-07-30,75.8422619047619
"942",2007-07-31,77.8422619047619
"943",2007-08-01,78.6964285714286
"944",2007-08-02,78.7127976190476
"945",2007-08-03,78.6711309523809
"946",2007-08-04,80.4940476190476
"947",2007-08-05,81.6711309523809
"948",2007-08-06,83.0297619047619
"949",2007-08-07,85.1398809523809
"950",2007-08-08,87.0372023809524
"951",2007-08-09,87.0922619047619
"952",2007-08-10,84.8809523809524
"953",2007-08-11,79.7827380952381
"954",2007-08-12,77.9747023809524
"955",2007-08-13,80.5669642857143
"956",2007-08-14,79.5119047619048
"957",2007-08-15,80.8675595238095
"958",2007-08-16,83.9375
"959",2007-08-17,82.7261904761905
"960",2007-08-18,79.9732142857143
"961",2007-08-19,80.2991071428571
"962",2007-08-20,84.1607142857143
"963",2007-08-21,83.5238095238095
"964",2007-08-22,80.6279761904762
"965",2007-08-23,79.1026785714286
"966",2007-08-24,80.4642857142857
"967",2007-08-25,82.2797619047619
"968",2007-08-26,78.7991071428571
"969",2007-08-27,77.3050595238095
"970",2007-08-28,78.8630952380952
"971",2007-08-29,78.28125
"972",2007-08-30,76.8363095238095
"973",2007-08-31,76.7142857142857
"974",2007-09-01,74.9642857142857
"975",2007-09-02,73.5089285714286
"976",2007-09-03,74.6339285714286
"977",2007-09-04,76.8288690476191
"978",2007-09-05,77.5223214285714
"979",2007-09-06,78.2157738095238
"980",2007-09-07,77.2351190476191
"981",2007-09-08,75.7901785714286
"982",2007-09-09,77.0223214285714
"983",2007-09-10,80.2901785714286
"984",2007-09-11,81.6458333333333
"985",2007-09-12,76.2113095238095
"986",2007-09-13,74.875
"987",2007-09-14,74.3005952380952
"988",2007-09-15,71.5714285714286
"989",2007-09-16,64.0208333333333
"990",2007-09-17,64.3273809523809
"991",2007-09-18,65.5654761904762
"992",2007-09-19,67.7098214285714
"993",2007-09-20,69.4300595238095
"994",2007-09-21,71.9300595238095
"995",2007-09-22,76.0119047619048
"996",2007-09-23,77.2931547619048
"997",2007-09-24,74.0133928571429
"998",2007-09-25,72.2693452380952
"999",2007-09-26,73.8869047619048
"1000",2007-09-27,74.2395833333333
"1001",2007-09-28,73.7514880952381
"1002",2007-09-29,65.7752976190476
"1003",2007-09-30,64.5982142857143
"1004",2007-10-01,66.6205357142857
"1005",2007-10-02,69.6875
"1006",2007-10-03,73.2425595238095
"1007",2007-10-04,74.5416666666667
"1008",2007-10-05,73.9375
"1009",2007-10-06,73.4598214285714
"1010",2007-10-07,73.8303571428571
"1011",2007-10-08,75.6711309523809
"1012",2007-10-09,77.0476190476191
"1013",2007-10-10,73.6473214285714
"1014",2007-10-11,62.0595238095238
"1015",2007-10-12,57.1175595238095
"1016",2007-10-13,57.4866071428571
"1017",2007-10-14,60.3541666666667
"1018",2007-10-15,62.7202380952381
"1019",2007-10-16,64.1800595238095
"1020",2007-10-17,69.1056547619048
"1021",2007-10-18,72.5133928571429
"1022",2007-10-19,74.0461309523809
"1023",2007-10-20,66.4880952380952
"1024",2007-10-21,61.6770833333333
"1025",2007-10-22,66.7559523809524
"1026",2007-10-23,72.3110119047619
"1027",2007-10-24,72.34375
"1028",2007-10-25,65.4002976190476
"1029",2007-10-26,65.3348214285714
"1030",2007-10-27,64.4866071428571
"1031",2007-10-28,56.75
"1032",2007-10-29,49.4181547619048
"1033",2007-10-30,49.3735119047619
"1034",2007-10-31,55.8288690476191
"1035",2007-11-01,62.4583333333333
"1036",2007-11-02,55.8928571428571
"1037",2007-11-03,52.1681547619048
"1038",2007-11-04,50.4122023809524
"1039",2007-11-05,52.5818452380952
"1040",2007-11-06,54.1086309523809
"1041",2007-11-07,42.9255952380952
"1042",2007-11-08,41.4002976190476
"1043",2007-11-09,46.7336309523809
"1044",2007-11-10,47.0208333333333
"1045",2007-11-11,42.608630952381
"1046",2007-11-12,50.3184523809524
"1047",2007-11-13,58.3452380952381
"1048",2007-11-14,62.5952380952381
"1049",2007-11-15,52.625
"1050",2007-11-16,40.8705357142857
"1051",2007-11-17,43.9375
"1052",2007-11-18,51.1934523809524
"1053",2007-11-19,53.90625
"1054",2007-11-20,54.7604166666667
"1055",2007-11-21,60.9806547619048
"1056",2007-11-22,63.5580357142857
"1057",2007-11-23,44.0967261904762
"1058",2007-11-24,39.2142857142857
"1059",2007-11-25,45.8690476190476
"1060",2007-11-26,56.2738095238095
"1061",2007-11-27,56.1592261904762
"1062",2007-11-28,45.1547619047619
"1063",2007-11-29,47.5089285714286
"1064",2007-11-30,45.1071428571429
"1065",2007-12-01,44.5074404761905
"1066",2007-12-02,48.9107142857143
"1067",2007-12-03,52.8377976190476
"1068",2007-12-04,39.9017857142857
"1069",2007-12-05,43.8511904761905
"1070",2007-12-06,35.7306547619048
"1071",2007-12-07,40.1666666666667
"1072",2007-12-08,52.6235119047619
"1073",2007-12-09,58.2589285714286
"1074",2007-12-10,63.5848214285714
"1075",2007-12-11,61.3318452380952
"1076",2007-12-12,64.7976190476191
"1077",2007-12-13,61.4375
"1078",2007-12-14,56.0967261904762
"1079",2007-12-15,44.6622023809524
"1080",2007-12-16,44.9761904761905
"1081",2007-12-17,34.9389880952381
"1082",2007-12-18,34.1875
"1083",2007-12-19,40.7857142857143
"1084",2007-12-20,42.4568452380952
"1085",2007-12-21,44.5401785714286
"1086",2007-12-22,49.2023809523809
"1087",2007-12-23,55.2529761904762
"1088",2007-12-24,45.2514880952381
"1089",2007-12-25,44.4092261904762
"1090",2007-12-26,42.5282738095238
"1091",2007-12-27,45.1190476190476
"1092",2007-12-28,51.8214285714286
"1093",2007-12-29,61.8660714285714
"1094",2007-12-30,53.3303571428571
"1095",2007-12-31,47.2261904761905
"1096",2008-01-01,43.7083333333333
"1097",2008-01-02,29.4806547619048
"1098",2008-01-03,26.7559523809524
"1099",2008-01-04,29.5491071428571
"1100",2008-01-05,39.6101190476191
"1101",2008-01-06,51.5863095238095
"1102",2008-01-07,54.8422619047619
"1103",2008-01-08,58.5907738095238
"1104",2008-01-09,61.6577380952381
"1105",2008-01-10,52.3541666666667
"1106",2008-01-11,60.0386904761905
"1107",2008-01-12,49.3452380952381
"1108",2008-01-13,45.0848214285714
"1109",2008-01-14,40.8422619047619
"1110",2008-01-15,34.2514880952381
"1111",2008-01-16,34.7604166666667
"1112",2008-01-17,37.8005952380952
"1113",2008-01-18,39.4613095238095
"1114",2008-01-19,37.9806547619048
"1115",2008-01-20,28.5580357142857
"1116",2008-01-21,26.358630952381
"1117",2008-01-22,38.4836309523809
"1118",2008-01-23,42.7767857142857
"1119",2008-01-24,38.34375
"1120",2008-01-25,29.0520833333333
"1121",2008-01-26,36.3928571428571
"1122",2008-01-27,38.4464285714286
"1123",2008-01-28,39.6949404761905
"1124",2008-01-29,51.9330357142857
"1125",2008-01-30,48.8229166666667
"1126",2008-01-31,39.7782738095238
"1127",2008-02-01,47.3005952380952
"1128",2008-02-02,44.09375
"1129",2008-02-03,48.8869047619048
"1130",2008-02-04,52.9895833333333
"1131",2008-02-05,60.7842261904762
"1132",2008-02-06,65.7961309523809
"1133",2008-02-07,53.8139880952381
"1134",2008-02-08,46.2470238095238
"1135",2008-02-09,52.0669642857143
"1136",2008-02-10,51.3482142857143
"1137",2008-02-11,37.3407738095238
"1138",2008-02-12,45.5044642857143
"1139",2008-02-13,49.8764880952381
"1140",2008-02-14,38.6175595238095
"1141",2008-02-15,46.3764880952381
"1142",2008-02-16,49.6220238095238
"1143",2008-02-17,52.2931547619048
"1144",2008-02-18,59.8497023809524
"1145",2008-02-19,44.5238095238095
"1146",2008-02-20,48.0267857142857
"1147",2008-02-21,38.0074404761905
"1148",2008-02-22,39.8690476190476
"1149",2008-02-23,48.5193452380952
"1150",2008-02-24,42.5133928571429
"1151",2008-02-25,46.2797619047619
"1152",2008-02-26,52.047619047619
"1153",2008-02-27,38.9880952380952
"1154",2008-02-28,32.4107142857143
"1155",2008-02-29,41.5967261904762
"1156",2008-03-01,52.4166666666667
"1157",2008-03-02,47.7529761904762
"1158",2008-03-03,55.4166666666667
"1159",2008-03-04,63.8452380952381
"1160",2008-03-05,53.5967261904762
"1161",2008-03-06,51.7351190476191
"1162",2008-03-07,53.5669642857143
"1163",2008-03-08,52.6696428571429
"1164",2008-03-09,NA
"1165",2008-03-10,46.2693452380952
"1166",2008-03-11,51.6220238095238
"1167",2008-03-12,54.1041666666667
"1168",2008-03-13,56.7604166666667
"1169",2008-03-14,60.1815476190476
"1170",2008-03-15,56.9122023809524
"1171",2008-03-16,52.5654761904762
"1172",2008-03-17,45.8660714285714
"1173",2008-03-18,49.0461309523809
"1174",2008-03-19,63.6577380952381
"1175",2008-03-20,54.9464285714286
"1176",2008-03-21,51.4122023809524
"1177",2008-03-22,59.8988095238095
"1178",2008-03-23,48.0877976190476
"1179",2008-03-24,43.3095238095238
"1180",2008-03-25,44.2202380952381
"1181",2008-03-26,55.7797619047619
"1182",2008-03-27,61.53125
"1183",2008-03-28,66.5148809523809
"1184",2008-03-29,49.8541666666667
"1185",2008-03-30,43.7738095238095
"1186",2008-03-31,52.0654761904762
"1187",2008-04-01,63.6041666666667
"1188",2008-04-02,59.7544642857143
"1189",2008-04-03,49.9092261904762
"1190",2008-04-04,56.4761904761905
"1191",2008-04-05,61.7157738095238
"1192",2008-04-06,56.5907738095238
"1193",2008-04-07,51.8214285714286
"1194",2008-04-08,53.2038690476191
"1195",2008-04-09,57.5625
"1196",2008-04-10,62.4270833333333
"1197",2008-04-11,68.7157738095238
"1198",2008-04-12,68.1815476190476
"1199",2008-04-13,56.7038690476191
"1200",2008-04-14,46.9568452380952
"1201",2008-04-15,49.8020833333333
"1202",2008-04-16,51.3065476190476
"1203",2008-04-17,57.8229166666667
"1204",2008-04-18,65.4092261904762
"1205",2008-04-19,64.7470238095238
"1206",2008-04-20,60.8154761904762
"1207",2008-04-21,57.7619047619048
"1208",2008-04-22,61.7782738095238
"1209",2008-04-23,64.4002976190476
"1210",2008-04-24,65.1815476190476
"1211",2008-04-25,67.5699404761905
"1212",2008-04-26,69.6845238095238
"1213",2008-04-27,66.3497023809524
"1214",2008-04-28,64.4345238095238
"1215",2008-04-29,54.8392857142857
"1216",2008-04-30,53.2336309523809
"1217",2008-05-01,61.40625
"1218",2008-05-02,68.1651785714286
"1219",2008-05-03,68.9285714285714
"1220",2008-05-04,68.9598214285714
"1221",2008-05-05,65.3482142857143
"1222",2008-05-06,64.6071428571429
"1223",2008-05-07,67.9389880952381
"1224",2008-05-08,70.5669642857143
"1225",2008-05-09,73.0282738095238
"1226",2008-05-10,68.5252976190476
"1227",2008-05-11,60.3824404761905
"1228",2008-05-12,58.4642857142857
"1229",2008-05-13,58.1785714285714
"1230",2008-05-14,61.2589285714286
"1231",2008-05-15,67.1011904761905
"1232",2008-05-16,69.4821428571429
"1233",2008-05-17,63.1651785714286
"1234",2008-05-18,64.8720238095238
"1235",2008-05-19,65.2916666666667
"1236",2008-05-20,69.6473214285714
"1237",2008-05-21,64.3720238095238
"1238",2008-05-22,65.1369047619048
"1239",2008-05-23,67.0178571428571
"1240",2008-05-24,64.7529761904762
"1241",2008-05-25,65.4895833333333
"1242",2008-05-26,69.8690476190476
"1243",2008-05-27,73.6889880952381
"1244",2008-05-28,63.8005952380952
"1245",2008-05-29,63.6547619047619
"1246",2008-05-30,70.8928571428571
"1247",2008-05-31,77.2544642857143
"1248",2008-06-01,77.0357142857143
"1249",2008-06-02,73.5416666666667
"1250",2008-06-03,73.4970238095238
"1251",2008-06-04,80.7827380952381
"1252",2008-06-05,82.6071428571429
"1253",2008-06-06,82.7827380952381
"1254",2008-06-07,83.9211309523809
"1255",2008-06-08,84.2604166666667
"1256",2008-06-09,84.5684523809524
"1257",2008-06-10,82.7306547619048
"1258",2008-06-11,79.9285714285714
"1259",2008-06-12,78.5699404761905
"1260",2008-06-13,77.8392857142857
"1261",2008-06-14,77.1428571428571
"1262",2008-06-15,76.2931547619048
"1263",2008-06-16,79.0446428571429
"1264",2008-06-17,78.1101190476191
"1265",2008-06-18,71.9255952380952
"1266",2008-06-19,72.4345238095238
"1267",2008-06-20,72.7946428571429
"1268",2008-06-21,72.3913690476191
"1269",2008-06-22,73.9657738095238
"1270",2008-06-23,74.8125
"1271",2008-06-24,76.4017857142857
"1272",2008-06-25,78.6547619047619
"1273",2008-06-26,80.9627976190476
"1274",2008-06-27,80.0505952380952
"1275",2008-06-28,81.4508928571429
"1276",2008-06-29,79.8943452380952
"1277",2008-06-30,77.0907738095238
"1278",2008-07-01,73.0863095238095
"1279",2008-07-02,73.6339285714286
"1280",2008-07-03,77.1651785714286
"1281",2008-07-04,78.8854166666667
"1282",2008-07-05,76.0431547619048
"1283",2008-07-06,75.0238095238095
"1284",2008-07-07,75.6904761904762
"1285",2008-07-08,76.8303571428571
"1286",2008-07-09,76.3988095238095
"1287",2008-07-10,76.5922619047619
"1288",2008-07-11,76.8898809523809
"1289",2008-07-12,77.6785714285714
"1290",2008-07-13,76.9985119047619
"1291",2008-07-14,75.9657738095238
"1292",2008-07-15,76.0104166666667
"1293",2008-07-16,76.1116071428571
"1294",2008-07-17,76.53125
"1295",2008-07-18,76.7604166666667
"1296",2008-07-19,77.7529761904762
"1297",2008-07-20,80.6145833333333
"1298",2008-07-21,83.1517857142857
"1299",2008-07-22,81.5997023809524
"1300",2008-07-23,76.4955357142857
"1301",2008-07-24,75.0803571428571
"1302",2008-07-25,74.6785714285714
"1303",2008-07-26,76.0952380952381
"1304",2008-07-27,79.3913690476191
"1305",2008-07-28,80.0639880952381
"1306",2008-07-29,80.4404761904762
"1307",2008-07-30,81.0535714285714
"1308",2008-07-31,79.9940476190476
"1309",2008-08-01,80.2098214285714
"1310",2008-08-02,80.59375
"1311",2008-08-03,78.9866071428571
"1312",2008-08-04,80.0967261904762
"1313",2008-08-05,82.5848214285714
"1314",2008-08-06,83.8645833333333
"1315",2008-08-07,80.6026785714286
"1316",2008-08-08,76.9315476190476
"1317",2008-08-09,74.7157738095238
"1318",2008-08-10,75.1220238095238
"1319",2008-08-11,74.2797619047619
"1320",2008-08-12,72.7351190476191
"1321",2008-08-13,69.7708333333333
"1322",2008-08-14,71.1205357142857
"1323",2008-08-15,74.1190476190476
"1324",2008-08-16,74.4761904761905
"1325",2008-08-17,73.4791666666667
"1326",2008-08-18,74.9002976190476
"1327",2008-08-19,77.0461309523809
"1328",2008-08-20,77.2038690476191
"1329",2008-08-21,76.34375
"1330",2008-08-22,74.9657738095238
"1331",2008-08-23,75.6845238095238
"1332",2008-08-24,75.7351190476191
"1333",2008-08-25,75.8898809523809
"1334",2008-08-26,74.0074404761905
"1335",2008-08-27,74.8020833333333
"1336",2008-08-28,76.0119047619048
"1337",2008-08-29,77.4910714285714
"1338",2008-08-30,77.9330357142857
"1339",2008-08-31,77.6041666666667
"1340",2008-09-01,75.2916666666667
"1341",2008-09-02,72.8214285714286
"1342",2008-09-03,74.2782738095238
"1343",2008-09-04,75.2767857142857
"1344",2008-09-05,74.0997023809524
"1345",2008-09-06,77.8377976190476
"1346",2008-09-07,77.8958333333333
"1347",2008-09-08,77.8556547619048
"1348",2008-09-09,76.3363095238095
"1349",2008-09-10,72.1785714285714
"1350",2008-09-11,71.6770833333333
"1351",2008-09-12,75.2410714285714
"1352",2008-09-13,79.0282738095238
"1353",2008-09-14,80.1741071428571
"1354",2008-09-15,78.6622023809524
"1355",2008-09-16,68.6726190476191
"1356",2008-09-17,67.0208333333333
"1357",2008-09-18,67.8660714285714
"1358",2008-09-19,66.4122023809524
"1359",2008-09-20,64.5550595238095
"1360",2008-09-21,66.3184523809524
"1361",2008-09-22,68.1532738095238
"1362",2008-09-23,66.0982142857143
"1363",2008-09-24,63.3005952380952
"1364",2008-09-25,63.6979166666667
"1365",2008-09-26,68.8705357142857
"1366",2008-09-27,70.0446428571429
"1367",2008-09-28,71.4092261904762
"1368",2008-09-29,70.4479166666667
"1369",2008-09-30,68.8333333333333
"1370",2008-10-01,65.5416666666667
"1371",2008-10-02,57.9732142857143
"1372",2008-10-03,58.9747023809524
"1373",2008-10-04,62.0982142857143
"1374",2008-10-05,64.3988095238095
"1375",2008-10-06,65.7038690476191
"1376",2008-10-07,62.34375
"1377",2008-10-08,62.4642857142857
"1378",2008-10-09,68.2410714285714
"1379",2008-10-10,68.4404761904762
"1380",2008-10-11,67.3348214285714
"1381",2008-10-12,66.4583333333333
"1382",2008-10-13,64.3020833333333
"1383",2008-10-14,64.7217261904762
"1384",2008-10-15,67.1800595238095
"1385",2008-10-16,69.6532738095238
"1386",2008-10-17,63.7901785714286
"1387",2008-10-18,54.1369047619048
"1388",2008-10-19,51.375
"1389",2008-10-20,49.4910714285714
"1390",2008-10-21,56.0044642857143
"1391",2008-10-22,49.9627976190476
"1392",2008-10-23,49.0773809523809
"1393",2008-10-24,55.3303571428571
"1394",2008-10-25,63.8794642857143
"1395",2008-10-26,56.0967261904762
"1396",2008-10-27,49.8511904761905
"1397",2008-10-28,43.8556547619048
"1398",2008-10-29,44.8095238095238
"1399",2008-10-30,44.8199404761905
"1400",2008-10-31,46.6994047619048
"1401",2008-11-01,52.2738095238095
"1402",2008-11-02,55.8891369047619
"1403",2008-11-03,57.5119047619048
"1404",2008-11-04,59.5699404761905
"1405",2008-11-05,60.2589285714286
"1406",2008-11-06,60.7083333333333
"1407",2008-11-07,60.3705357142857
"1408",2008-11-08,58.7931547619048
"1409",2008-11-09,49.7232142857143
"1410",2008-11-10,45.9925595238095
"1411",2008-11-11,45.5148809523809
"1412",2008-11-12,50.2083333333333
"1413",2008-11-13,56.7485119047619
"1414",2008-11-14,60.0654761904762
"1415",2008-11-15,64.0669642857143
"1416",2008-11-16,45.7157738095238
"1417",2008-11-17,41.7083333333333
"1418",2008-11-18,36.3452380952381
"1419",2008-11-19,33.7291666666667
"1420",2008-11-20,42.5014880952381
"1421",2008-11-21,36.4255952380952
"1422",2008-11-22,32.3675595238095
"1423",2008-11-23,37.6502976190476
"1424",2008-11-24,42.6011904761905
"1425",2008-11-25,44.2961309523809
"1426",2008-11-26,38.5267857142857
"1427",2008-11-27,42.8333333333333
"1428",2008-11-28,49.1636904761905
"1429",2008-11-29,45.3333333333333
"1430",2008-11-30,47.4732142857143
"1431",2008-12-01,45.3199404761905
"1432",2008-12-02,37.1770833333333
"1433",2008-12-03,36.8779761904762
"1434",2008-12-04,45.0297619047619
"1435",2008-12-05,41.8095238095238
"1436",2008-12-06,38.4508928571429
"1437",2008-12-07,35.8586309523809
"1438",2008-12-08,33.9627976190476
"1439",2008-12-09,49.6755952380952
"1440",2008-12-10,62.8541666666667
"1441",2008-12-11,63.0803571428571
"1442",2008-12-12,47.1324404761905
"1443",2008-12-13,36.8794642857143
"1444",2008-12-14,43.9077380952381
"1445",2008-12-15,57.4166666666667
"1446",2008-12-16,52.0357142857143
"1447",2008-12-17,53.1354166666667
"1448",2008-12-18,54.9434523809524
"1449",2008-12-19,60.1056547619048
"1450",2008-12-20,57.5386904761905
"1451",2008-12-21,49.6160714285714
"1452",2008-12-22,28.4464285714286
"1453",2008-12-23,33.0595238095238
"1454",2008-12-24,52.1383928571429
"1455",2008-12-25,55.1116071428571
"1456",2008-12-26,45.5967261904762
"1457",2008-12-27,52.2738095238095
"1458",2008-12-28,63.1607142857143
"1459",2008-12-29,51.4434523809524
"1460",2008-12-30,49.6651785714286
"1461",2008-12-31,45.7142857142857
"1462",2009-01-01,30.703869047619
"1463",2009-01-02,38.4702380952381
"1464",2009-01-03,43.5758928571429
"1465",2009-01-04,50.4806547619048
"1466",2009-01-05,57.0342261904762
"1467",2009-01-06,53.1220238095238
"1468",2009-01-07,56.1785714285714
"1469",2009-01-08,43.735119047619
"1470",2009-01-09,36.9494047619048
"1471",2009-01-10,47.5684523809524
"1472",2009-01-11,50.5297619047619
"1473",2009-01-12,38.2291666666667
"1474",2009-01-13,37.5267857142857
"1475",2009-01-14,35.2723214285714
"1476",2009-01-15,34.5654761904762
"1477",2009-01-16,21.3883928571429
"1478",2009-01-17,23.8110119047619
"1479",2009-01-18,37.264880952381
"1480",2009-01-19,38.9508928571429
"1481",2009-01-20,28.7827380952381
"1482",2009-01-21,25.8482142857143
"1483",2009-01-22,35.0342261904762
"1484",2009-01-23,45.3244047619048
"1485",2009-01-24,49.4791666666667
"1486",2009-01-25,35.7752976190476
"1487",2009-01-26,39.0282738095238
"1488",2009-01-27,41.3050595238095
"1489",2009-01-28,51.2485119047619
"1490",2009-01-29,41.9598214285714
"1491",2009-01-30,37.9434523809524
"1492",2009-01-31,35.6666666666667
"1493",2009-02-01,45.3526785714286
"1494",2009-02-02,47.1607142857143
"1495",2009-02-03,37.0089285714286
"1496",2009-02-04,29.0238095238095
"1497",2009-02-05,25.3065476190476
"1498",2009-02-06,34.7961309523809
"1499",2009-02-07,49.2782738095238
"1500",2009-02-08,56.8229166666667
"1501",2009-02-09,52.1428571428571
"1502",2009-02-10,57.9360119047619
"1503",2009-02-11,61.6473214285714
"1504",2009-02-12,58.4761904761905
"1505",2009-02-13,53.2633928571429
"1506",2009-02-14,49.2336309523809
"1507",2009-02-15,44.1502976190476
"1508",2009-02-16,38.5193452380952
"1509",2009-02-17,35.8244047619048
"1510",2009-02-18,46.4375
"1511",2009-02-19,48.6116071428571
"1512",2009-02-20,33.6726190476191
"1513",2009-02-21,38.0252976190476
"1514",2009-02-22,41.4032738095238
"1515",2009-02-23,32.9017857142857
"1516",2009-02-24,32.7842261904762
"1517",2009-02-25,39.6889880952381
"1518",2009-02-26,50.0431547619048
"1519",2009-02-27,56.1101190476191
"1520",2009-02-28,48.9761904761905
"1521",2009-03-01,37.3571428571429
"1522",2009-03-02,29.8869047619048
"1523",2009-03-03,26.0119047619048
"1524",2009-03-04,32.4702380952381
"1525",2009-03-05,42.6056547619048
"1526",2009-03-06,55.9404761904762
"1527",2009-03-07,62.7991071428571
"1528",2009-03-08,NA
"1529",2009-03-09,67.6741071428571
"1530",2009-03-10,57.7217261904762
"1531",2009-03-11,65.2276785714286
"1532",2009-03-12,51.6979166666667
"1533",2009-03-13,42.2113095238095
"1534",2009-03-14,41.5208333333333
"1535",2009-03-15,46.4226190476191
"1536",2009-03-16,48.9181547619048
"1537",2009-03-17,50.3556547619048
"1538",2009-03-18,51.1889880952381
"1539",2009-03-19,55.9925595238095
"1540",2009-03-20,48.9657738095238
"1541",2009-03-21,44.3318452380952
"1542",2009-03-22,47.6532738095238
"1543",2009-03-23,51.7142857142857
"1544",2009-03-24,47.9330357142857
"1545",2009-03-25,44.3794642857143
"1546",2009-03-26,53.6309523809524
"1547",2009-03-27,59.4122023809524
"1548",2009-03-28,61.9806547619048
"1549",2009-03-29,62.2693452380952
"1550",2009-03-30,53.3110119047619
"1551",2009-03-31,53.8407738095238
"1552",2009-04-01,59.1101190476191
"1553",2009-04-02,60.2738095238095
"1554",2009-04-03,64.7395833333333
"1555",2009-04-04,59.0193452380952
"1556",2009-04-05,62.5431547619048
"1557",2009-04-06,60.9360119047619
"1558",2009-04-07,44.922619047619
"1559",2009-04-08,47.4226190476191
"1560",2009-04-09,56.9553571428571
"1561",2009-04-10,62.0595238095238
"1562",2009-04-11,60.4166666666667
"1563",2009-04-12,52.3005952380952
"1564",2009-04-13,52.7038690476191
"1565",2009-04-14,59.8541666666667
"1566",2009-04-15,56.1666666666667
"1567",2009-04-16,52.8958333333333
"1568",2009-04-17,54.1934523809524
"1569",2009-04-18,61.8348214285714
"1570",2009-04-19,61.5208333333333
"1571",2009-04-20,65.0625
"1572",2009-04-21,60.8348214285714
"1573",2009-04-22,55.9151785714286
"1574",2009-04-23,61.3050595238095
"1575",2009-04-24,68.09375
"1576",2009-04-25,73.8497023809524
"1577",2009-04-26,72.6666666666667
"1578",2009-04-27,71.1681547619048
"1579",2009-04-28,68.5505952380952
"1580",2009-04-29,67.5610119047619
"1581",2009-04-30,63.9151785714286
"1582",2009-05-01,70.7901785714286
"1583",2009-05-02,70.9494047619048
"1584",2009-05-03,71.9910714285714
"1585",2009-05-04,71.5223214285714
"1586",2009-05-05,65.8229166666667
"1587",2009-05-06,69.5193452380952
"1588",2009-05-07,71.5238095238095
"1589",2009-05-08,71.125
"1590",2009-05-09,75.5714285714286
"1591",2009-05-10,69.8095238095238
"1592",2009-05-11,58.7142857142857
"1593",2009-05-12,59.4955357142857
"1594",2009-05-13,63.4404761904762
"1595",2009-05-14,68.5357142857143
"1596",2009-05-15,71.5029761904762
"1597",2009-05-16,72.0014880952381
"1598",2009-05-17,63.4375
"1599",2009-05-18,54.5029761904762
"1600",2009-05-19,56.3184523809524
"1601",2009-05-20,61.7038690476191
"1602",2009-05-21,67.6205357142857
"1603",2009-05-22,70.0014880952381
"1604",2009-05-23,71.2217261904762
"1605",2009-05-24,71.5208333333333
"1606",2009-05-25,72.4136904761905
"1607",2009-05-26,72.2738095238095
"1608",2009-05-27,72.5282738095238
"1609",2009-05-28,73.1309523809524
"1610",2009-05-29,74.0193452380952
"1611",2009-05-30,71.7619047619048
"1612",2009-05-31,74.5386904761905
"1613",2009-06-01,74.1279761904762
"1614",2009-06-02,76.8571428571429
"1615",2009-06-03,76.3169642857143
"1616",2009-06-04,72.9553571428571
"1617",2009-06-05,71.8258928571429
"1618",2009-06-06,69.1458333333333
"1619",2009-06-07,71.9166666666667
"1620",2009-06-08,74.9375
"1621",2009-06-09,76.2991071428571
"1622",2009-06-10,73.6860119047619
"1623",2009-06-11,75.1056547619048
"1624",2009-06-12,77.3199404761905
"1625",2009-06-13,77.6770833333333
"1626",2009-06-14,76.1904761904762
"1627",2009-06-15,73.8482142857143
"1628",2009-06-16,71.5327380952381
"1629",2009-06-17,72.5982142857143
"1630",2009-06-18,76.3422619047619
"1631",2009-06-19,79.1130952380952
"1632",2009-06-20,82.8080357142857
"1633",2009-06-21,80.2693452380952
"1634",2009-06-22,76.7142857142857
"1635",2009-06-23,75.9181547619048
"1636",2009-06-24,76.7455357142857
"1637",2009-06-25,77.8258928571429
"1638",2009-06-26,79.1324404761905
"1639",2009-06-27,80.09375
"1640",2009-06-28,77.7752976190476
"1641",2009-06-29,79.6205357142857
"1642",2009-06-30,77.7678571428571
"1643",2009-07-01,78.8809523809524
"1644",2009-07-02,77.9047619047619
"1645",2009-07-03,74.5148809523809
"1646",2009-07-04,74.2142857142857
"1647",2009-07-05,74.9538690476191
"1648",2009-07-06,74.6383928571429
"1649",2009-07-07,75.8110119047619
"1650",2009-07-08,75.3988095238095
"1651",2009-07-09,73.2976190476191
"1652",2009-07-10,72.7410714285714
"1653",2009-07-11,74.7663690476191
"1654",2009-07-12,79.65625
"1655",2009-07-13,74.8407738095238
"1656",2009-07-14,75.1130952380952
"1657",2009-07-15,75.7648809523809
"1658",2009-07-16,78.5357142857143
"1659",2009-07-17,79.0148809523809
"1660",2009-07-18,75.4523809523809
"1661",2009-07-19,74.0029761904762
"1662",2009-07-20,72.6696428571429
"1663",2009-07-21,73.9017857142857
"1664",2009-07-22,75.5074404761905
"1665",2009-07-23,76.6547619047619
"1666",2009-07-24,77.2544642857143
"1667",2009-07-25,78.5416666666667
"1668",2009-07-26,80.6696428571429
"1669",2009-07-27,78.1130952380952
"1670",2009-07-28,78.2068452380952
"1671",2009-07-29,78.1101190476191
"1672",2009-07-30,79.1622023809524
"1673",2009-07-31,78.5342261904762
"1674",2009-08-01,78.2693452380952
"1675",2009-08-02,77.2648809523809
"1676",2009-08-03,77.7098214285714
"1677",2009-08-04,78.4672619047619
"1678",2009-08-05,78.5342261904762
"1679",2009-08-06,76.3199404761905
"1680",2009-08-07,75.7886904761905
"1681",2009-08-08,78.0282738095238
"1682",2009-08-09,81.5848214285714
"1683",2009-08-10,83.4419642857143
"1684",2009-08-11,81.4523809523809
"1685",2009-08-12,75.2425595238095
"1686",2009-08-13,75.0907738095238
"1687",2009-08-14,75.28125
"1688",2009-08-15,76.5327380952381
"1689",2009-08-16,76.4226190476191
"1690",2009-08-17,77.8095238095238
"1691",2009-08-18,80.2440476190476
"1692",2009-08-19,80.59375
"1693",2009-08-20,80.3229166666667
"1694",2009-08-21,80.125
"1695",2009-08-22,77.3050595238095
"1696",2009-08-23,74.8229166666667
"1697",2009-08-24,75.2633928571429
"1698",2009-08-25,76.3824404761905
"1699",2009-08-26,77.8913690476191
"1700",2009-08-27,78.7172619047619
"1701",2009-08-28,76.7901785714286
"1702",2009-08-29,77.6681547619048
"1703",2009-08-30,77.2708333333333
"1704",2009-08-31,69.5059523809524
"1705",2009-09-01,69.1116071428571
"1706",2009-09-02,67.9776785714286
"1707",2009-09-03,69.3601190476191
"1708",2009-09-04,71.2574404761905
"1709",2009-09-05,73.2306547619048
"1710",2009-09-06,73.3883928571429
"1711",2009-09-07,71.4895833333333
"1712",2009-09-08,72.0520833333333
"1713",2009-09-09,70.4107142857143
"1714",2009-09-10,67.1949404761905
"1715",2009-09-11,68.0699404761905
"1716",2009-09-12,71.8005952380952
"1717",2009-09-13,70.6755952380952
"1718",2009-09-14,71.8154761904762
"1719",2009-09-15,73.3913690476191
"1720",2009-09-16,72.6056547619048
"1721",2009-09-17,70.5699404761905
"1722",2009-09-18,70.4583333333333
"1723",2009-09-19,71.4419642857143
"1724",2009-09-20,70.0803571428571
"1725",2009-09-21,70.7485119047619
"1726",2009-09-22,72.8258928571429
"1727",2009-09-23,74.9136904761905
"1728",2009-09-24,76.2574404761905
"1729",2009-09-25,73.0699404761905
"1730",2009-09-26,66.2306547619048
"1731",2009-09-27,70.0520833333333
"1732",2009-09-28,69.5357142857143
"1733",2009-09-29,62.3630952380952
"1734",2009-09-30,59.8154761904762
"1735",2009-10-01,60.1994047619048
"1736",2009-10-02,64.3973214285714
"1737",2009-10-03,68.2678571428571
"1738",2009-10-04,63.2366071428571
"1739",2009-10-05,61.0029761904762
"1740",2009-10-06,64.4419642857143
"1741",2009-10-07,70.1770833333333
"1742",2009-10-08,60.9836309523809
"1743",2009-10-09,70.8883928571429
"1744",2009-10-10,73.2380952380952
"1745",2009-10-11,62.733630952381
"1746",2009-10-12,58.7544642857143
"1747",2009-10-13,62.4985119047619
"1748",2009-10-14,54.0788690476191
"1749",2009-10-15,53.1354166666667
"1750",2009-10-16,53.8869047619048
"1751",2009-10-17,49.6592261904762
"1752",2009-10-18,46.0595238095238
"1753",2009-10-19,47.5952380952381
"1754",2009-10-20,51.6056547619048
"1755",2009-10-21,56.2574404761905
"1756",2009-10-22,60.0833333333333
"1757",2009-10-23,67.9970238095238
"1758",2009-10-24,70.5014880952381
"1759",2009-10-25,56.9925595238095
"1760",2009-10-26,55.7485119047619
"1761",2009-10-27,58.1577380952381
"1762",2009-10-28,66.3705357142857
"1763",2009-10-29,59.9270833333333
"1764",2009-10-30,59.6547619047619
"1765",2009-10-31,66.4047619047619
"1766",2009-11-01,58.0520833333333
"1767",2009-11-02,53.5074404761905
"1768",2009-11-03,54.6205357142857
"1769",2009-11-04,52.5386904761905
"1770",2009-11-05,53.0535714285714
"1771",2009-11-06,47.7752976190476
"1772",2009-11-07,48.9598214285714
"1773",2009-11-08,55.8511904761905
"1774",2009-11-09,58.1428571428571
"1775",2009-11-10,60.4122023809524
"1776",2009-11-11,55.5029761904762
"1777",2009-11-12,52.2529761904762
"1778",2009-11-13,55.5
"1779",2009-11-14,57.4747023809524
"1780",2009-11-15,57.4047619047619
"1781",2009-11-16,56.4047619047619
"1782",2009-11-17,55.3005952380952
"1783",2009-11-18,57.2723214285714
"1784",2009-11-19,61.9360119047619
"1785",2009-11-20,55.6696428571429
"1786",2009-11-21,49.5297619047619
"1787",2009-11-22,48.6041666666667
"1788",2009-11-23,53.6800595238095
"1789",2009-11-24,52.9821428571429
"1790",2009-11-25,51.78125
"1791",2009-11-26,49.0773809523809
"1792",2009-11-27,45.1547619047619
"1793",2009-11-28,44.8050595238095
"1794",2009-11-29,53.4925595238095
"1795",2009-11-30,54.4255952380952
"1796",2009-12-01,44.2098214285714
"1797",2009-12-02,53.9508928571429
"1798",2009-12-03,55.9241071428571
"1799",2009-12-04,46.7842261904762
"1800",2009-12-05,44.4717261904762
"1801",2009-12-06,36.21875
"1802",2009-12-07,40.7440476190476
"1803",2009-12-08,43.4747023809524
"1804",2009-12-09,58.3139880952381
"1805",2009-12-10,46.5788690476191
"1806",2009-12-11,32.1339285714286
"1807",2009-12-12,35.2336309523809
"1808",2009-12-13,46.5416666666667
"1809",2009-12-14,46.3422619047619
"1810",2009-12-15,54.3660714285714
"1811",2009-12-16,40.6428571428571
"1812",2009-12-17,36.6309523809524
"1813",2009-12-18,36.6726190476191
"1814",2009-12-19,36.9791666666667
"1815",2009-12-20,36.2470238095238
"1816",2009-12-21,35.25
"1817",2009-12-22,35.9776785714286
"1818",2009-12-23,37.6726190476191
"1819",2009-12-24,39.1190476190476
"1820",2009-12-25,47.4970238095238
"1821",2009-12-26,45.4791666666667
"1822",2009-12-27,42.7782738095238
"1823",2009-12-28,40.03125
"1824",2009-12-29,34.3005952380952
"1825",2009-12-30,33.8645833333333
"1826",2009-12-31,41.875
"1827",2010-01-01,41.6994047619048
"1828",2010-01-02,28.0119047619048
"1829",2010-01-03,24.9434523809524
"1830",2010-01-04,26.5342261904762
"1831",2010-01-05,27.4821428571429
"1832",2010-01-06,29.7410714285714
"1833",2010-01-07,33.8020833333333
"1834",2010-01-08,30.391369047619
"1835",2010-01-09,25.8690476190476
"1836",2010-01-10,26.5699404761905
"1837",2010-01-11,30.2559523809524
"1838",2010-01-12,33.5252976190476
"1839",2010-01-13,31.4866071428571
"1840",2010-01-14,36.797619047619
"1841",2010-01-15,41.40625
"1842",2010-01-16,44.3244047619048
"1843",2010-01-17,53.4389880952381
"1844",2010-01-18,49.6130952380952
"1845",2010-01-19,49.3660714285714
"1846",2010-01-20,49.9360119047619
"1847",2010-01-21,40.7648809523809
"1848",2010-01-22,41.1041666666667
"1849",2010-01-23,41.1711309523809
"1850",2010-01-24,51.7931547619048
"1851",2010-01-25,56.1934523809524
"1852",2010-01-26,42.2053571428571
"1853",2010-01-27,37.5386904761905
"1854",2010-01-28,44.6428571428571
"1855",2010-01-29,36.7247023809524
"1856",2010-01-30,27.4642857142857
"1857",2010-01-31,26.7172619047619
"1858",2010-02-01,32.9747023809524
"1859",2010-02-02,37.8571428571429
"1860",2010-02-03,39.34375
"1861",2010-02-04,37.0029761904762
"1862",2010-02-05,39.5386904761905
"1863",2010-02-06,37.1071428571429
"1864",2010-02-07,33.5133928571429
"1865",2010-02-08,34.8913690476191
"1866",2010-02-09,38.4047619047619
"1867",2010-02-10,34.4657738095238
"1868",2010-02-11,35.4836309523809
"1869",2010-02-12,32.6279761904762
"1870",2010-02-13,31.735119047619
"1871",2010-02-14,33.3675595238095
"1872",2010-02-15,40.0446428571429
"1873",2010-02-16,33.1101190476191
"1874",2010-02-17,33.1041666666667
"1875",2010-02-18,37.5833333333333
"1876",2010-02-19,40.6205357142857
"1877",2010-02-20,41.7202380952381
"1878",2010-02-21,46.0744047619048
"1879",2010-02-22,48.2782738095238
"1880",2010-02-23,47.875
"1881",2010-02-24,41.1919642857143
"1882",2010-02-25,34.6130952380952
"1883",2010-02-26,37.2098214285714
"1884",2010-02-27,38.8511904761905
"1885",2010-02-28,39.7008928571429
"1886",2010-03-01,40.6071428571429
"1887",2010-03-02,37.1904761904762
"1888",2010-03-03,37.9077380952381
"1889",2010-03-04,40.4806547619048
"1890",2010-03-05,39.5714285714286
"1891",2010-03-06,41.6949404761905
"1892",2010-03-07,44.0416666666667
"1893",2010-03-08,49.2842261904762
"1894",2010-03-09,53.6279761904762
"1895",2010-03-10,57.1041666666667
"1896",2010-03-11,56.8407738095238
"1897",2010-03-12,59.1770833333333
"1898",2010-03-13,55.1547619047619
"1899",2010-03-14,NA
"1900",2010-03-15,51.2008928571429
"1901",2010-03-16,48.3541666666667
"1902",2010-03-17,49.3854166666667
"1903",2010-03-18,53.1651785714286
"1904",2010-03-19,56.2083333333333
"1905",2010-03-20,58.3660714285714
"1906",2010-03-21,58.6205357142857
"1907",2010-03-22,54.7842261904762
"1908",2010-03-23,50.3720238095238
"1909",2010-03-24,57.0074404761905
"1910",2010-03-25,59.8333333333333
"1911",2010-03-26,55.8497023809524
"1912",2010-03-27,46.0744047619048
"1913",2010-03-28,53.5104166666667
"1914",2010-03-29,57.4151785714286
"1915",2010-03-30,57.2083333333333
"1916",2010-03-31,59.5208333333333
"1917",2010-04-01,63.5997023809524
"1918",2010-04-02,66.1294642857143
"1919",2010-04-03,65.3616071428571
"1920",2010-04-04,67.6056547619048
"1921",2010-04-05,71.0505952380952
"1922",2010-04-06,73.8318452380952
"1923",2010-04-07,72.3601190476191
"1924",2010-04-08,68.5654761904762
"1925",2010-04-09,58.1845238095238
"1926",2010-04-10,55.2752976190476
"1927",2010-04-11,57.78125
"1928",2010-04-12,61.514880952381
"1929",2010-04-13,62.625
"1930",2010-04-14,54.7410714285714
"1931",2010-04-15,57.3913690476191
"1932",2010-04-16,68.5773809523809
"1933",2010-04-17,68.0282738095238
"1934",2010-04-18,55.8169642857143
"1935",2010-04-19,54.3601190476191
"1936",2010-04-20,57.2976190476191
"1937",2010-04-21,57.7202380952381
"1938",2010-04-22,59.9181547619048
"1939",2010-04-23,63.7529761904762
"1940",2010-04-24,64.0848214285714
"1941",2010-04-25,69.4300595238095
"1942",2010-04-26,67.5074404761905
"1943",2010-04-27,58.7053571428571
"1944",2010-04-28,54.9717261904762
"1945",2010-04-29,57.3928571428571
"1946",2010-04-30,67.0431547619048
"1947",2010-05-01,72.7053571428571
"1948",2010-05-02,78.0133928571429
"1949",2010-05-03,74.7991071428571
"1950",2010-05-04,72.21875
"1951",2010-05-05,71.4330357142857
"1952",2010-05-06,74.9627976190476
"1953",2010-05-07,74.1681547619048
"1954",2010-05-08,75.7797619047619
"1955",2010-05-09,59.90625
"1956",2010-05-10,56.2232142857143
"1957",2010-05-11,60.1488095238095
"1958",2010-05-12,70.5699404761905
"1959",2010-05-13,70.0982142857143
"1960",2010-05-14,75.3303571428571
"1961",2010-05-15,75.7916666666667
"1962",2010-05-16,71.6651785714286
"1963",2010-05-17,66.875
"1964",2010-05-18,63.1309523809524
"1965",2010-05-19,64.9791666666667
"1966",2010-05-20,67.1860119047619
"1967",2010-05-21,67.7693452380952
"1968",2010-05-22,70.5252976190476
"1969",2010-05-23,71.7336309523809
"1970",2010-05-24,69.0059523809524
"1971",2010-05-25,70.28125
"1972",2010-05-26,71.3645833333333
"1973",2010-05-27,74.9107142857143
"1974",2010-05-28,73.3660714285714
"1975",2010-05-29,72.3973214285714
"1976",2010-05-30,75.0773809523809
"1977",2010-05-31,74.2410714285714
"1978",2010-06-01,74.2663690476191
"1979",2010-06-02,74.2589285714286
"1980",2010-06-03,75.8779761904762
"1981",2010-06-04,78.4702380952381
"1982",2010-06-05,80.3675595238095
"1983",2010-06-06,80.8139880952381
"1984",2010-06-07,73.3348214285714
"1985",2010-06-08,72.1949404761905
"1986",2010-06-09,75.1711309523809
"1987",2010-06-10,79.1711309523809
"1988",2010-06-11,78.3318452380952
"1989",2010-06-12,79.0803571428571
"1990",2010-06-13,80.7261904761905
"1991",2010-06-14,81.0193452380952
"1992",2010-06-15,80.4538690476191
"1993",2010-06-16,78.3095238095238
"1994",2010-06-17,80.5372023809524
"1995",2010-06-18,78.0282738095238
"1996",2010-06-19,79.5625
"1997",2010-06-20,81.2738095238095
"1998",2010-06-21,81.2366071428571
"1999",2010-06-22,82.4196428571429
"2000",2010-06-23,83.3258928571429
"2001",2010-06-24,84.6458333333333
"2002",2010-06-25,82.4255952380952
"2003",2010-06-26,81.9345238095238
"2004",2010-06-27,82.6785714285714
"2005",2010-06-28,83.3541666666667
"2006",2010-06-29,81.0252976190476
"2007",2010-06-30,75.6428571428571
